Issue Type,Issue key,Issue id,Parent id,Assignee,Status,Custom field (Planned Prod Deployment),Resolution,Updated,Due Date,Custom field (CMS Product Name),Custom field (Vulnerability Title),Custom field (Asset Names),Custom field (Service Port),Summary,Custom field (Vulnerability Proof),Custom field (Proof),Custom field (Package Details Dynamic),Custom field (Misconfiguration Description),Custom field (Misconfiguration Solution)
Vulnerability item,GCPSCC-3979460,1546956,6998726.0,usr8c027,In Progress,,,16/Apr/2026 5:50 AM,05/Jun/2024 12:00 AM,,,,,SERVICE_ACCOUNT_KEY_NOT_ROTATED,,,,"User-managed service account keys should be rotated every 90 days to ensure that data cannot be accessed with an old key which might have been lost, cracked, or 2b2ec065.internal Tags: environment:production,productlineid:0001996383,supportgroupid:0001997404,applicationid:aid019,costcenter:0001_b1-50318,segregationarea:red","Go to https://9d0815de.internal/iam-admin/serviceaccounts/details/108972294176883769328?project=dbg-statistix-prod-587742a4 to manage keys. Create a new key, replace existing key in applications and then delete the obsolete key."
Vulnerability item,PT-4208400,6738698,7787515.0,usr71f22,In Progress,,,16/Apr/2026 6:22 AM,15/Jul/2024 12:00 AM,,,,,192519n59-1-03,,,,,
Vulnerability item,PT-2311650,7130531,7787515.0,usr71f22,In Progress,,,16/Apr/2026 6:22 AM,11/Jan/2025 12:00 AM,,,,,192519n59-1-01,,,,,
Vulnerability item,PT-8512017,7376839,7787515.0,usr71f22,In Progress,,,16/Apr/2026 6:22 AM,15/Jul/2024 12:00 AM,,,,,192519n59-1-02,,,,,
Vulnerability item,GCPSCC-7152067,2110560,6998726.0,usr8c027,In Progress,,,16/Apr/2026 5:47 AM,05/Jun/2024 12:00 AM,,,,,USER_MANAGED_SERVICE_ACCOUNT_KEY,,,,"Service accounts should not have user-managed keys because they can be easily leaked. Learn more at https://aff9c55d.internal/iam/docs/understanding-service-accounts#managing_service_account_keysProject Tags: environment:production,productlineid:0001996383,supportgroupid:0001997404,applicationid:aid019,costcenter:0001_b1-50318,segregationarea:red",Go to https://9d0815de.internal/iam-admin/serviceaccounts/details/108972294176883769328?project=dbg-statistix-prod-587742a4 to manage keys. Delete user-managed service account keys if they are not used by any application.
Vulnerability item,NXP-8949926,7512139,859597.0,usr8c027,Risk Covered,,Resolved,19/Apr/2026 12:19 AM,15/Apr/2025 12:00 AM,e018b5bc.internal,"Java CPU April 2024 Oracle Java SE, Oracle GraalVM Enterprise Edition vulnerability (CVE-2017-92784)",b8a0824d.internal,0,jre-vuln-CVE-2017-68001,"Vulnerable OS: Red Hat Enterprise Linux 8.10


Vulnerable software installed: Oracle JRE 1.8.0.91 (/stxbase/stxapp/oracle/client/product/12.2.0/client_1/jdk/jre/lib/rt.jar)",,,,
Vulnerability item,NXP-6634750,3714091,859597.0,usr8c027,Risk Covered,,Resolved,19/Apr/2026 12:19 AM,15/Apr/2025 12:00 AM,e018b5bc.internal,"Java CPU January 2017 Java SE, Java SE Embedded, JRockit RMI vulnerability (CVE-2009-90190)",b8a0824d.internal,0,jre-vuln-CVE-2009-81041,"Vulnerable OS: Red Hat Enterprise Linux 8.10


Vulnerable software installed: Oracle JRE 1.8.0.91 (/stxbase/stxapp/oracle/client/product/12.2.0/client_1/jdk/jre/lib/rt.jar)",,,,
Vulnerability item,NXP-5754995,3478951,1166001.0,usr8c027,Risk Covered,,Resolved,19/Apr/2026 12:19 AM,15/Apr/2025 12:00 AM,13afc9e4.internal,"Java CPU April 2024 Oracle Java SE, Oracle GraalVM Enterprise Edition vulnerability (CVE-2017-92784)",5c186c59.internal,0,jre-vuln-CVE-2017-68001,"Vulnerable OS: Red Hat Enterprise Linux 8.10


Vulnerable software installed: Oracle JRE 1.8.0.91 (/stxbase/stxapp/oracle/client/product/12.2.0/client_1/jdk/jre/lib/rt.jar)",,,,
Vulnerability item,NXP-3448551,2433584,1166001.0,usr8c027,Risk Covered,,Resolved,19/Apr/2026 12:19 AM,15/Apr/2025 12:00 AM,13afc9e4.internal,"Java CPU January 2017 Java SE, Java SE Embedded, JRockit RMI vulnerability (CVE-2009-90190)",5c186c59.internal,0,jre-vuln-CVE-2009-81041,"Vulnerable OS: Red Hat Enterprise Linux 8.10


Vulnerable software installed: Oracle JRE 1.8.0.91 (/stxbase/stxapp/oracle/client/product/12.2.0/client_1/jdk/jre/lib/rt.jar)",,,,
Vulnerability item,NXP-3684206,2525886,8553144.0,usr8c027,Risk Covered,,Resolved,19/Apr/2026 12:19 AM,15/Apr/2025 12:00 AM,37b52a9a.internal,"Java CPU April 2024 Oracle Java SE, Oracle GraalVM Enterprise Edition vulnerability (CVE-2017-92784)",dda9fa61.internal,0,jre-vuln-CVE-2017-68001,"Vulnerable OS: Red Hat Enterprise Linux 8.10


Vulnerable software installed: Oracle JRE 1.8.0.91 (/stxbase/stxapp/oracle/client/product/12.2.0/client_1/jdk/jre/lib/rt.jar)",,,,
Vulnerability item,NXP-140508,1471548,8553144.0,usr8c027,Risk Covered,,Resolved,19/Apr/2026 12:19 AM,15/Apr/2025 12:00 AM,37b52a9a.internal,"Java CPU January 2017 Java SE, Java SE Embedded, JRockit RMI vulnerability (CVE-2009-90190)",dda9fa61.internal,0,jre-vuln-CVE-2009-81041,"Vulnerable OS: Red Hat Enterprise Linux 8.10


Vulnerable software installed: Oracle JRE 1.8.0.91 (/stxbase/stxapp/oracle/client/product/12.2.0/client_1/jdk/jre/lib/rt.jar)",,,,
Vulnerability item,NXP-5894613,5517654,2618573.0,usr8c027,Risk Covered,,Resolved,19/Apr/2026 12:19 AM,15/Apr/2025 12:00 AM,5c9c1b35.internal,"Java CPU April 2024 Oracle Java SE, Oracle GraalVM Enterprise Edition vulnerability (CVE-2017-92784)",4cee6c5b.internal,0,jre-vuln-CVE-2017-68001,"Vulnerable OS: Red Hat Enterprise Linux 8.10


Vulnerable software installed: Oracle JRE 1.8.0.91 (/stxbase/stxapp/oracle/client/product/12.2.0/client_1/jdk/jre/lib/rt.jar)",,,,
Vulnerability item,NXP-8642654,1841925,2618573.0,usr8c027,Risk Covered,,Resolved,19/Apr/2026 12:19 AM,15/Apr/2025 12:00 AM,5c9c1b35.internal,"Java CPU January 2017 Java SE, Java SE Embedded, JRockit RMI vulnerability (CVE-2009-90190)",4cee6c5b.internal,0,jre-vuln-CVE-2009-81041,"Vulnerable OS: Red Hat Enterprise Linux 8.10


Vulnerable software installed: Oracle JRE 1.8.0.91 (/stxbase/stxapp/oracle/client/product/12.2.0/client_1/jdk/jre/lib/rt.jar)",,,,
Vulnerability item,NXP-5935135,6215661,3619920.0,usr8c027,Risk Covered,,Resolved,19/Apr/2026 12:19 AM,15/Apr/2025 12:00 AM,ceca5996.internal,"Java CPU April 2024 Oracle Java SE, Oracle GraalVM Enterprise Edition vulnerability (CVE-2017-92784)",d8f23eed.internal,0,jre-vuln-CVE-2017-68001,"Vulnerable OS: Red Hat Enterprise Linux 8.10


Vulnerable software installed: Oracle JRE 1.8.0.91 (/stxbase/stxapp/oracle/client/product/12.2.0/client_1/jdk/jre/lib/rt.jar)",,,,
Vulnerability item,NXP-8299378,4600044,3619920.0,usr8c027,Risk Covered,,Resolved,19/Apr/2026 12:19 AM,15/Apr/2025 12:00 AM,ceca5996.internal,"Java CPU January 2017 Java SE, Java SE Embedded, JRockit RMI vulnerability (CVE-2009-90190)",d8f23eed.internal,0,jre-vuln-CVE-2009-81041,"Vulnerable OS: Red Hat Enterprise Linux 8.10


Vulnerable software installed: Oracle JRE 1.8.0.91 (/stxbase/stxapp/oracle/client/product/12.2.0/client_1/jdk/jre/lib/rt.jar)",,,,
Vulnerability item,NXP-7443648,984355,8703275.0,usr8c027,Risk Covered,,Resolved,19/Apr/2026 12:19 AM,15/Apr/2025 12:00 AM,37fa2fa5.internal,"Java CPU April 2024 Oracle Java SE, Oracle GraalVM Enterprise Edition vulnerability (CVE-2017-92784)",37fa2fa5.internal,0,jre-vuln-CVE-2017-68001,"Vulnerable OS: Red Hat Enterprise Linux 8.10


Vulnerable software installed: Oracle JRE 1.8.0.91 (/stxbase/stxapp/oracle/client/product/12.2.0/client_1/jdk/jre/lib/rt.jar)",,,,
Vulnerability item,NXP-6441189,8942491,8703275.0,usr8c027,Risk Covered,,Resolved,19/Apr/2026 12:19 AM,15/Apr/2025 12:00 AM,37fa2fa5.internal,"Java CPU January 2017 Java SE, Java SE Embedded, JRockit RMI vulnerability (CVE-2009-90190)",37fa2fa5.internal,0,jre-vuln-CVE-2009-81041,"Vulnerable OS: Red Hat Enterprise Linux 8.10


Vulnerable software installed: Oracle JRE 1.8.0.91 (/stxbase/stxapp/oracle/client/product/12.2.0/client_1/jdk/jre/lib/rt.jar)",,,,
Vulnerability item,NXP-3729945,1918337,8146997.0,usr8c027,Risk Covered,,Resolved,19/Apr/2026 12:19 AM,15/Apr/2025 12:00 AM,a50566b7.internal,"Java CPU April 2024 Oracle Java SE, Oracle GraalVM Enterprise Edition vulnerability (CVE-2017-92784)",a50566b7.internal,0,jre-vuln-CVE-2017-68001,"Vulnerable OS: Red Hat Enterprise Linux 8.10


Vulnerable software installed: Oracle JRE 1.8.0.91 (/stxbase/stxapp/oracle/client/product/12.2.0/client_1/jdk/jre/lib/rt.jar)",,,,
Vulnerability item,NXP-3900503,3664592,8146997.0,usr8c027,Risk Covered,,Resolved,19/Apr/2026 12:19 AM,15/Apr/2025 12:00 AM,a50566b7.internal,"Java CPU January 2017 Java SE, Java SE Embedded, JRockit RMI vulnerability (CVE-2009-90190)",a50566b7.internal,0,jre-vuln-CVE-2009-81041,"Vulnerable OS: Red Hat Enterprise Linux 8.10


Vulnerable software installed: Oracle JRE 1.8.0.91 (/stxbase/stxapp/oracle/client/product/12.2.0/client_1/jdk/jre/lib/rt.jar)",,,,
Vulnerability item,NXP-8329281,1824814,8074385.0,usr8c027,Risk Covered,,Resolved,19/Apr/2026 12:19 AM,15/Apr/2025 12:00 AM,8fd3bf88.internal,"Java CPU April 2024 Oracle Java SE, Oracle GraalVM Enterprise Edition vulnerability (CVE-2017-92784)",8fd3bf88.internal,0,jre-vuln-CVE-2017-68001,"Vulnerable OS: Red Hat Enterprise Linux 8.10


Vulnerable software installed: Oracle JRE 1.8.0.91 (/stxbase/stxapp/oracle/client/product/12.2.0/client_1/jdk/jre/lib/rt.jar)",,,,
Vulnerability item,NXP-3503909,5391488,8074385.0,usr8c027,Risk Covered,,Resolved,19/Apr/2026 12:19 AM,15/Apr/2025 12:00 AM,8fd3bf88.internal,"Java CPU January 2017 Java SE, Java SE Embedded, JRockit RMI vulnerability (CVE-2009-90190)",8fd3bf88.internal,0,jre-vuln-CVE-2009-81041,"Vulnerable OS: Red Hat Enterprise Linux 8.10


Vulnerable software installed: Oracle JRE 1.8.0.91 (/stxbase/stxapp/oracle/client/product/12.2.0/client_1/jdk/jre/lib/rt.jar)",,,,
Vulnerability item,NXP-1633273,4521746,4130292.0,usr8c027,Risk Covered,,Resolved,19/Apr/2026 12:19 AM,15/Apr/2025 12:00 AM,fc87792d.internal,"Java CPU April 2024 Oracle Java SE, Oracle GraalVM Enterprise Edition vulnerability (CVE-2017-92784)",fc87792d.internal,0,jre-vuln-CVE-2017-68001,"Vulnerable OS: Red Hat Enterprise Linux 8.10


Vulnerable software installed: Oracle JRE 1.8.0.91 (/stxbase/stxapp/oracle/client/product/12.2.0/client_1/jdk/jre/lib/rt.jar)",,,,
Vulnerability item,NXP-6655423,461868,4130292.0,usr8c027,Risk Covered,,Resolved,19/Apr/2026 12:19 AM,15/Apr/2025 12:00 AM,fc87792d.internal,"Java CPU January 2017 Java SE, Java SE Embedded, JRockit RMI vulnerability (CVE-2009-90190)",fc87792d.internal,0,jre-vuln-CVE-2009-81041,"Vulnerable OS: Red Hat Enterprise Linux 8.10


Vulnerable software installed: Oracle JRE 1.8.0.91 (/stxbase/stxapp/oracle/client/product/12.2.0/client_1/jdk/jre/lib/rt.jar)",,,,
Vulnerability item,NXP-8530153,8030891,1242595.0,usr8c027,Risk Covered,,Resolved,19/Apr/2026 12:20 AM,15/Apr/2025 12:00 AM,e0399400.internal,"Java CPU April 2024 Oracle Java SE, Oracle GraalVM Enterprise Edition vulnerability (CVE-2017-92784)",e60db565.internal,0,jre-vuln-CVE-2017-68001,"Vulnerable OS: Red Hat Enterprise Linux 8.10


Vulnerable software installed: Oracle JRE 1.8.0.91 (/stxbase/stxapp/oracle/client/product/12.2.0/client_1/jdk/jre/lib/rt.jar)",,,,
Vulnerability item,NXP-2668556,8134391,1242595.0,usr8c027,Risk Covered,,Resolved,19/Apr/2026 12:20 AM,15/Apr/2025 12:00 AM,e0399400.internal,"Java CPU January 2017 Java SE, Java SE Embedded, JRockit RMI vulnerability (CVE-2009-90190)",e60db565.internal,0,jre-vuln-CVE-2009-81041,"Vulnerable OS: Red Hat Enterprise Linux 8.10


Vulnerable software installed: Oracle JRE 1.8.0.91 (/stxbase/stxapp/oracle/client/product/12.2.0/client_1/jdk/jre/lib/rt.jar)",,,,
Vulnerability item,NXP-8085213,2225782,962256.0,usr8c027,Risk Covered,,Resolved,19/Apr/2026 12:20 AM,15/Apr/2025 12:00 AM,3d07596f.internal,"Java CPU April 2024 Oracle Java SE, Oracle GraalVM Enterprise Edition vulnerability (CVE-2017-92784)",6da093bb.internal,0,jre-vuln-CVE-2017-68001,"Vulnerable OS: Red Hat Enterprise Linux 8.10


Vulnerable software installed: Oracle JRE 1.8.0.91 (/stxbase/stxapp/oracle/client/product/12.2.0/client_1/jdk/jre/lib/rt.jar)",,,,
Vulnerability item,NXP-3413712,763404,962256.0,usr8c027,Risk Covered,,Resolved,19/Apr/2026 12:20 AM,15/Apr/2025 12:00 AM,3d07596f.internal,"Java CPU January 2017 Java SE, Java SE Embedded, JRockit RMI vulnerability (CVE-2009-90190)",6da093bb.internal,0,jre-vuln-CVE-2009-81041,"Vulnerable OS: Red Hat Enterprise Linux 8.10


Vulnerable software installed: Oracle JRE 1.8.0.91 (/stxbase/stxapp/oracle/client/product/12.2.0/client_1/jdk/jre/lib/rt.jar)",,,,
Vulnerability item,NXP-8515953,4636279,4551593.0,usr8c027,Risk Covered,,Resolved,19/Apr/2026 12:20 AM,15/Apr/2025 12:00 AM,0ae9eb2f.internal,"Java CPU April 2024 Oracle Java SE, Oracle GraalVM Enterprise Edition vulnerability (CVE-2017-92784)",68825af5.internal,0,jre-vuln-CVE-2017-68001,"Vulnerable OS: Red Hat Enterprise Linux 8.10


Vulnerable software installed: Oracle JRE 1.8.0.91 (/stxbase/stxapp/oracle/client/product/12.2.0/client_1/jdk/jre/lib/rt.jar)",,,,
Vulnerability item,NXP-2568847,5945123,4551593.0,usr8c027,Risk Covered,,Resolved,19/Apr/2026 12:20 AM,15/Apr/2025 12:00 AM,0ae9eb2f.internal,"Java CPU January 2017 Java SE, Java SE Embedded, JRockit RMI vulnerability (CVE-2009-90190)",68825af5.internal,0,jre-vuln-CVE-2009-81041,"Vulnerable OS: Red Hat Enterprise Linux 8.10


Vulnerable software installed: Oracle JRE 1.8.0.91 (/stxbase/stxapp/oracle/client/product/12.2.0/client_1/jdk/jre/lib/rt.jar)",,,,
Vulnerability item,NXP-7266646,2769899,752592.0,usr8c027,Risk Covered,,Resolved,19/Apr/2026 12:20 AM,15/Apr/2025 12:00 AM,10822b9b.internal,"Java CPU April 2024 Oracle Java SE, Oracle GraalVM Enterprise Edition vulnerability (CVE-2017-92784)",8b1a0637.internal,0,jre-vuln-CVE-2017-68001,"Vulnerable OS: Red Hat Enterprise Linux 8.10


Vulnerable software installed: Oracle JRE 1.8.0.91 (/stxbase/stxapp/oracle/client/product/12.2.0/client_1/jdk/jre/lib/rt.jar)",,,,
Vulnerability item,NXP-1547117,2664493,752592.0,usr8c027,Risk Covered,,Resolved,19/Apr/2026 12:20 AM,15/Apr/2025 12:00 AM,10822b9b.internal,"Java CPU January 2017 Java SE, Java SE Embedded, JRockit RMI vulnerability (CVE-2009-90190)",8b1a0637.internal,0,jre-vuln-CVE-2009-81041,"Vulnerable OS: Red Hat Enterprise Linux 8.10


Vulnerable software installed: Oracle JRE 1.8.0.91 (/stxbase/stxapp/oracle/client/product/12.2.0/client_1/jdk/jre/lib/rt.jar)",,,,
Vulnerability item,NXP-1148239,1823459,3409930.0,usr8c027,Risk Covered,,Resolved,19/Apr/2026 12:20 AM,15/Apr/2025 12:00 AM,1a93f07a.internal,"Java CPU April 2024 Oracle Java SE, Oracle GraalVM Enterprise Edition vulnerability (CVE-2017-92784)",72eec3c3.internal,0,jre-vuln-CVE-2017-68001,"Vulnerable OS: Red Hat Enterprise Linux 8.10


Vulnerable software installed: Oracle JRE 1.8.0.91 (/stxbase/stxapp/oracle/client/product/12.2.0/client_1/jdk/jre/lib/rt.jar)",,,,
Vulnerability item,NXP-3127261,3536906,3409930.0,usr8c027,Risk Covered,,Resolved,19/Apr/2026 12:20 AM,15/Apr/2025 12:00 AM,1a93f07a.internal,"Java CPU January 2017 Java SE, Java SE Embedded, JRockit RMI vulnerability (CVE-2009-90190)",72eec3c3.internal,0,jre-vuln-CVE-2009-81041,"Vulnerable OS: Red Hat Enterprise Linux 8.10


Vulnerable software installed: Oracle JRE 1.8.0.91 (/stxbase/stxapp/oracle/client/product/12.2.0/client_1/jdk/jre/lib/rt.jar)",,,,
Vulnerability item,GCPSCC-7778681,1579471,586470.0,usr4276d,In Progress,,,16/Apr/2026 5:38 AM,14/Nov/2025 12:00 AM,,,,,ADMIN_SERVICE_ACCOUNT,,,,"A service account has Admin, Owner, or Editor privileges. It is recommended that no user-created service accounts have Admin, Owner or Editor 4017d9c6.internal Tags: productlineid:0001996383,supportgroupid:0001997404,segregationarea:yellow,applicationid:aid019,costcenter:0001_b1-50318,environment:simulation","Go to https://9d0815de.internal/iam-admin/iam?project=dbg-stx-infra-simu-cf to review the policy. The following accounts have Admin, Owner, or Editor roles: [serviceAccount:sa-ansible-simu@333922d4.internal]"
Vulnerability item,GCPSCC-2935763,3230489,2696230.0,usr4276d,In Progress,,,16/Apr/2026 5:38 AM,18/May/2025 12:00 AM,,,,,ADMIN_SERVICE_ACCOUNT,,,,"A service account has Admin, Owner, or Editor privileges. It is recommended that no user-created service accounts have Admin, Owner or Editor 4017d9c6.internal Tags: environment:production,productlineid:0001996383,supportgroupid:0001997404,applicationid:aid019,costcenter:0001_b1-50318,segregationarea:red","Go to https://9d0815de.internal/iam-admin/iam?project=dbg-stx-infra-prod-3e to review the policy. The following accounts have Admin, Owner, or Editor roles: [serviceAccount:sa-ansible-prod@22b6a9c6.internal]"
Vulnerability item,NXP-4802533,4367354,1028143.0,usr71f22,Risk Covered,,Resolved,28/Apr/2026 2:09 PM,24/Oct/2023 12:00 AM,3b489c19.internal,X.509 Certificate Subject CN Does Not Match the Entity Name,67b76e92.internal,216,certificate-common-name-mismatch,"The subject common name found in the X.509 certificate does not seem to match the scan target:
 * Subject CN eb84f0fa-b4e0-61dd-8c79-e5383142a132 does not match target name specified in the site.

 * Subject CN eb84f0fa-b4e0-61dd-8c79-e5383142a132 does not match DNS name specified in the site.

 * Subject CN eb84f0fa-b4e0-61dd-8c79-e5383142a132 could not be resolved to an IP address via DNS lookup",,,,
Vulnerability item,NXP-2640843,5742274,8858213.0,usr71f22,Risk Covered,,Resolved,28/Apr/2026 2:09 PM,18/Jan/2023 12:00 AM,9375bcd0.internal,SNMP credentials transmitted in cleartext,7d5632bf.internal,161,snmp-cleartext-credential,Successfully authenticated to the SNMP v1/v2c service.,,,,
Vulnerability item,NXP-2288402,7034702,6526600.0,usr71f22,Risk Covered,,Resolved,28/Apr/2026 2:09 PM,18/Jan/2023 12:00 AM,c92f858a.internal,SNMP credentials transmitted in cleartext,2087fb09.internal,161,snmp-cleartext-credential,Successfully authenticated to the SNMP v1/v2c service.,,,,
Vulnerability item,NXP-8124422,3975596,2428312.0,usr71f22,Risk Covered,,Resolved,28/Apr/2026 2:09 PM,24/Oct/2023 12:00 AM,2dd70f02.internal,X.509 Certificate Subject CN Does Not Match the Entity Name,28f10864.internal,216,certificate-common-name-mismatch,"The subject common name found in the X.509 certificate does not seem to match the scan target:
 * Subject CN 74c6d3f0-27b2-4554-8e97-d067cda4e74b does not match target name specified in the site.

 * Subject CN 74c6d3f0-27b2-4554-8e97-d067cda4e74b does not match DNS name specified in the site.

 * Subject CN 74c6d3f0-27b2-4554-8e97-d067cda4e74b could not be resolved to an IP address via DNS lookup",,,,
Vulnerability item,NXP-8461375,1447304,5564803.0,usr71f22,Risk Covered,,Resolved,28/Apr/2026 2:09 PM,18/Jan/2023 12:00 AM,36b492fe.internal,SNMP credentials transmitted in cleartext,45010bbd.internal,161,snmp-cleartext-credential,Successfully authenticated to the SNMP v1/v2c service.,,,,
Vulnerability item,NXP-7457981,2263475,8004163.0,usr71f22,Risk Covered,,Resolved,28/Apr/2026 2:09 PM,24/Oct/2023 12:00 AM,d5090850.internal,X.509 Certificate Subject CN Does Not Match the Entity Name,6eef0d3a.internal,216,certificate-common-name-mismatch,"The subject common name found in the X.509 certificate does not seem to match the scan target:
 * Subject CN e8d8e35d-b48a-6c58-a8b5-e1fcded26ec9 does not match target name specified in the site.

 * Subject CN e8d8e35d-b48a-6c58-a8b5-e1fcded26ec9 does not match DNS name specified in the site.

 * Subject CN e8d8e35d-b48a-6c58-a8b5-e1fcded26ec9 could not be resolved to an IP address via DNS lookup",,,,
Vulnerability item,NXP-6103741,1541573,618854.0,usr71f22,Risk Covered,,Resolved,28/Apr/2026 2:09 PM,18/Jan/2023 12:00 AM,ef16ac1a.internal,SNMP credentials transmitted in cleartext,0df1357c.internal,161,snmp-cleartext-credential,Successfully authenticated to the SNMP v1/v2c service.,,,,
Vulnerability item,NXP-3837894,8941573,416328.0,usr71f22,Risk Covered,,Resolved,28/Apr/2026 2:09 PM,18/Jan/2023 12:00 AM,c872244c.internal,SNMP credentials transmitted in cleartext,7ae23a04.internal,161,snmp-cleartext-credential,Successfully authenticated to the SNMP v1/v2c service.,,,,
Vulnerability item,NXP-3691400,6350793,6999749.0,usr71f22,Risk Covered,,Resolved,28/Apr/2026 2:09 PM,18/Jan/2023 12:00 AM,2ce9e8a9.internal,SNMP credentials transmitted in cleartext,4fed5ab5.internal,161,snmp-cleartext-credential,Successfully authenticated to the SNMP v1/v2c service.,,,,
Vulnerability item,NXP-4512365,3372230,5362908.0,usr71f22,Risk Covered,,Resolved,28/Apr/2026 2:09 PM,24/Oct/2023 12:00 AM,f56a665f.internal,X.509 Certificate Subject CN Does Not Match the Entity Name,45d59c22.internal,216,certificate-common-name-mismatch,"The subject common name found in the X.509 certificate does not seem to match the scan target:
 * Subject CN e8d8e35d-b48a-6c58-a8b5-e1fcded26ec9 does not match target name specified in the site.

 * Subject CN e8d8e35d-b48a-6c58-a8b5-e1fcded26ec9 does not match DNS name specified in the site.

 * Subject CN e8d8e35d-b48a-6c58-a8b5-e1fcded26ec9 could not be resolved to an IP address via DNS lookup",,,,
Vulnerability item,NXP-1256897,6202089,8989240.0,usr71f22,Risk Covered,,Resolved,28/Apr/2026 2:09 PM,18/Jan/2023 12:00 AM,05429a06.internal,SNMP credentials transmitted in cleartext,b2c37c90.internal,161,snmp-cleartext-credential,Successfully authenticated to the SNMP v1/v2c service.,,,,
Vulnerability item,NXP-7934166,5106751,7853549.0,usr71f22,Risk Covered,,Resolved,28/Apr/2026 2:09 PM,18/Jan/2023 12:00 AM,7822817c.internal,SNMP credentials transmitted in cleartext,b5feb8a5.internal,161,snmp-cleartext-credential,Successfully authenticated to the SNMP v1/v2c service.,,,,
Vulnerability item,NXP-5204451,4200274,5143763.0,usr71f22,Risk Covered,,Resolved,28/Apr/2026 2:09 PM,18/Jan/2023 12:00 AM,6c6cd1cd.internal,SNMP credentials transmitted in cleartext,e635c18a.internal,161,snmp-cleartext-credential,Successfully authenticated to the SNMP v1/v2c service.,,,,
Vulnerability item,NXP-3320285,3768224,7342165.0,usr71f22,Risk Covered,,Resolved,28/Apr/2026 2:09 PM,18/Jan/2023 12:00 AM,d2a5600d.internal,SNMP credentials transmitted in cleartext,0736fe8d.internal,161,snmp-cleartext-credential,Successfully authenticated to the SNMP v1/v2c service.,,,,
Vulnerability item,R7C-197872,132469,8022697.0,usr71f22,Risk Covered,,Resolved,29/Apr/2026 10:17 AM,18/Jul/2025 12:00 AM,db046bfe.internal,,,,1.1.2.2.2. Ensure nodev option set on /dev/shm partition,,"This is a complex check. Operator = AND
1. 3122492d.internal.redhat_enterprise_linux_7-def-1013: FAIL
* Based on the following 1 results:
* 1. 1. At least one specified ShellCommand entry must match the given criteria. At least one evaluation must pass.
** 
| {noformat} Entry 1 findings: {noformat}|{noformat} FAIL {noformat} |
| {noformat} command: XCCDF_VALUE_REGEX=""/dev/shm:nodev"";l_output="""" l_output2="""";while IFS="":"" read -r l_mount_point l_mount_point_option; do if findmnt -kn ""$l_mount_point"" &>/dev/null; then if findmnt -kn ""$l_mount_point"" | grep -Pq ""\b$l_mount_point_option\b""; then l_output="" - Mount point option: \""$l_mount_point_option\"" exists on: \""$l_mount_point\"""";else l_output2="" - Mount point option: \""$l_mount_point_option\"" does not exist on: \""$l_mount_point\"""";fi;else l_output="" - Not applicable. Mount point \""$l_mount_point\"" does not exist on the system"";fi;done <<< ""$XCCDF_VALUE_REGEX"";if [ -z ""$l_output2"" ]; then echo -e ""\n- Audit Result:\n  *** PASS ***\n- * Correctly set * :\n$l_output\n"";echo ""XCCDF_RESULT:PASS"";else echo -e ""\n- Audit Result:\n  ** FAIL **\n - * Reasons for audit failure * :\n$l_output2\n"";[ -n ""$l_output"" ] && echo -e "" - * Correctly set * :\n$l_output\n"";echo ""XCCDF_RESULT:FAIL"";fi; {noformat} |
| {noformat} line_selection: .+ {noformat} |
| {noformat} stdout_line: - Audit Result: {noformat} |
| {noformat} stdout_line:   ** FAIL ** {noformat} |
| {noformat} stdout_line:  - * Reasons for audit failure * : {noformat} |
| {noformat} stdout_line:  - Mount point option: ""nodev"" does not exist on: ""/dev/shm"" {noformat} |
| {noformat} stdout_line: XCCDF_RESULT:FAIL {noformat} |
",,,
Vulnerability item,R7C-197875,990795,8022697.0,usr71f22,Risk Covered,,Resolved,29/Apr/2026 10:17 AM,18/Jul/2025 12:00 AM,db046bfe.internal,,,,1.1.2.2.3. Ensure nosuid option set on /dev/shm partition,,"This is a complex check. Operator = AND
1. 3122492d.internal.redhat_enterprise_linux_7-def-1014: FAIL
* Based on the following 1 results:
* 1. 1. At least one specified ShellCommand entry must match the given criteria. At least one evaluation must pass.
** 
| {noformat} Entry 1 findings: {noformat}|{noformat} FAIL {noformat} |
| {noformat} command: XCCDF_VALUE_REGEX=""/dev/shm:nosuid"";l_output="""" l_output2="""";while IFS="":"" read -r l_mount_point l_mount_point_option; do if findmnt -kn ""$l_mount_point"" &>/dev/null; then if findmnt -kn ""$l_mount_point"" | grep -Pq ""\b$l_mount_point_option\b""; then l_output="" - Mount point option: \""$l_mount_point_option\"" exists on: \""$l_mount_point\"""";else l_output2="" - Mount point option: \""$l_mount_point_option\"" does not exist on: \""$l_mount_point\"""";fi;else l_output="" - Not applicable. Mount point \""$l_mount_point\"" does not exist on the system"";fi;done <<< ""$XCCDF_VALUE_REGEX"";if [ -z ""$l_output2"" ]; then echo -e ""\n- Audit Result:\n  *** PASS ***\n- * Correctly set * :\n$l_output\n"";echo ""XCCDF_RESULT:PASS"";else echo -e ""\n- Audit Result:\n  ** FAIL **\n - * Reasons for audit failure * :\n$l_output2\n"";[ -n ""$l_output"" ] && echo -e "" - * Correctly set * :\n$l_output\n"";echo ""XCCDF_RESULT:FAIL"";fi; {noformat} |
| {noformat} line_selection: .+ {noformat} |
| {noformat} stdout_line: - Audit Result: {noformat} |
| {noformat} stdout_line:   ** FAIL ** {noformat} |
| {noformat} stdout_line:  - * Reasons for audit failure * : {noformat} |
| {noformat} stdout_line:  - Mount point option: ""nosuid"" does not exist on: ""/dev/shm"" {noformat} |
| {noformat} stdout_line: XCCDF_RESULT:FAIL {noformat} |
",,,
Vulnerability item,R7C-191190,3307106,6485074.0,usr00857,Risk Covered,,Resolved,29/Apr/2026 9:58 AM,18/Jul/2025 12:00 AM,9b2e7df4.internal,,,,9.3.4. (L1) Ensure 'Windows Firewall: Public: Settings: Apply local firewall rules' is set to 'No',,"This is a complex check. Operator = AND
1. 3122492d.internal.microsoft_windows_server_2016-def-125201: FAIL
* Based on the following 1 results:
* 1. 1. At least one specified Windows registry information entry must match the given criteria. At least one evaluation must pass.
** 
| {noformat} Entry 1 findings: {noformat}|{noformat} FAIL {noformat} |
| {noformat} hive: HKEY_LOCAL_MACHINE {noformat} |
| {noformat} key: Software\Policies\Microsoft\WindowsFirewall\PublicProfile {noformat} |
| {noformat} name: AllowLocalPolicyMerge {noformat} |
| {noformat} type: reg_dword {noformat} |
| {noformat} value: 1 {noformat} |
",,,
Vulnerability item,R7C-189768,2603588,4089619.0,usr00857,Risk Covered,,Resolved,29/Apr/2026 9:54 AM,18/Jul/2025 12:00 AM,a835a5fe.internal,,,,9.3.4. (L1) Ensure 'Windows Firewall: Public: Settings: Apply local firewall rules' is set to 'No',,"This is a complex check. Operator = AND
1. 3122492d.internal.microsoft_windows_server_2016-def-125201: FAIL
* Based on the following 1 results:
* 1. 1. At least one specified Windows registry information entry must match the given criteria. At least one evaluation must pass.
** 
| {noformat} Entry 1 findings: {noformat}|{noformat} FAIL {noformat} |
| {noformat} hive: HKEY_LOCAL_MACHINE {noformat} |
| {noformat} key: Software\Policies\Microsoft\WindowsFirewall\PublicProfile {noformat} |
| {noformat} name: AllowLocalPolicyMerge {noformat} |
| {noformat} type: reg_dword {noformat} |
| {noformat} value: 1 {noformat} |
",,,
Vulnerability item,R7C-196311,2395189,5448464.0,usr00857,Risk Covered,,Resolved,29/Apr/2026 10:03 AM,18/Jul/2025 12:00 AM,21173250.internal,,,,9.3.4. (L1) Ensure 'Windows Firewall: Public: Settings: Apply local firewall rules' is set to 'No',,"This is a complex check. Operator = AND
1. 3122492d.internal.microsoft_windows_server_2016-def-125201: FAIL
* Based on the following 1 results:
* 1. 1. At least one specified Windows registry information entry must match the given criteria. At least one evaluation must pass.
** 
| {noformat} Entry 1 findings: {noformat}|{noformat} FAIL {noformat} |
| {noformat} hive: HKEY_LOCAL_MACHINE {noformat} |
| {noformat} key: Software\Policies\Microsoft\WindowsFirewall\PublicProfile {noformat} |
| {noformat} name: AllowLocalPolicyMerge {noformat} |
| {noformat} type: reg_dword {noformat} |
| {noformat} value: 1 {noformat} |
",,,
Vulnerability item,R7C-193319,428905,6331548.0,usr00857,Risk Covered,,Resolved,29/Apr/2026 10:02 AM,18/Jul/2025 12:00 AM,230b4d54.internal,,,,9.3.4. (L1) Ensure 'Windows Firewall: Public: Settings: Apply local firewall rules' is set to 'No',,"This is a complex check. Operator = AND
1. 3122492d.internal.microsoft_windows_server_2016-def-125201: FAIL
* Based on the following 1 results:
* 1. 1. At least one specified Windows registry information entry must match the given criteria. At least one evaluation must pass.
** 
| {noformat} Entry 1 findings: {noformat}|{noformat} FAIL {noformat} |
| {noformat} hive: HKEY_LOCAL_MACHINE {noformat} |
| {noformat} key: Software\Policies\Microsoft\WindowsFirewall\PublicProfile {noformat} |
| {noformat} name: AllowLocalPolicyMerge {noformat} |
| {noformat} type: reg_dword {noformat} |
| {noformat} value: 1 {noformat} |
",,,
Vulnerability item,R7C-197927,5823317,8022697.0,usredcfb,Risk Covered,,Resolved,05/May/2026 1:51 PM,18/Jul/2025 12:00 AM,db046bfe.internal,,,,3.3.7. Ensure reverse path filtering is enabled,,"This is a complex check. Operator = AND
1. 3122492d.internal.o_redhat_enterprise_linux_9-def-5734046: FAIL
* Based on the following 1 results:
* 1. 1. At least one specified UNIX Sysctl entry must match the given criteria. At least one evaluation must pass.
** 
| {noformat} Entry 1 findings: {noformat}|{noformat} FAIL {noformat} |
| {noformat} name: 61e05a38.internal.rp_filter {noformat} |
| {noformat} value: 2 {noformat} |
",,,
Vulnerability item,NXP-8062596,4711891,2180855.0,usredcfb,Risk Covered,,Resolved,08/May/2026 12:20 AM,15/Apr/2025 12:00 AM,db046bfe.internal,"Java CPU April 2024 Oracle Java SE, Oracle GraalVM Enterprise Edition vulnerability (CVE-2017-92784)",1a6450b3.internal,0,jre-vuln-CVE-2017-68001,"Vulnerable OS: Red Hat Enterprise Linux 7.9


Vulnerable software installed: Oracle JRE 1.8.0.261 (/u01/app/oracle/product/oms/middleware135/oracle_common/jdk/jre/lib/rt.jar)

Vulnerable OS: Red Hat Enterprise Linux 7.9


Vulnerable software installed: Oracle JRE 1.8.0.341 (/u01/app/oracle/product/19.16.0.0/OPatch/jre/lib/rt.jar)

Vulnerable OS: Red Hat Enterprise Linux 7.9


Vulnerable software installed: Oracle JRE 1.8.0.261 (/u01/app/oracle/product/agent/agent_13.5.0.0.0/oracle_common/jdk/jre/lib/rt.jar)

Vulnerable OS: Red Hat Enterprise Linux 7.9


Vulnerable software installed: Oracle JRE 1.8.0.331 (/u01/app/oracle/product/19.16.0.0/jdk/jre/lib/rt.jar)",,,,
Vulnerability item,NXP-2477926,118754,2180855.0,usr9afcd,Risk Covered,,Resolved,08/May/2026 12:20 AM,02/Oct/2024 12:00 AM,db046bfe.internal,Red Hat Enterprise Linux Obsolete Version,1a6450b3.internal,0,linux-rhel-obsolete-version,Vulnerable OS: Red Hat Enterprise Linux 7.9,,,,
Vulnerability item,NXP-3887593,6740545,2180855.0,usredcfb,Risk Covered,,Resolved,08/May/2026 12:20 AM,01/Mar/2025 12:00 AM,db046bfe.internal,Vmware Spring: CVE-2017-61758: Spring Framework RCE via Data Binding,1a6450b3.internal,0,spring-CVE-2017-37456,"Vulnerable software installed: VMware Spring Beans 4.0.1 (/u01/app/oracle/product/oms/middleware135/.patch_storage/34126716_Jul_19_2022_23_31_33/files/1b225031.internal/13.5.1.0.0/em.d5e19f9c.internal/d2dae127.internal.plugin_13.5.1.0.0/archives/80699f39.internal)

Spring beans file discovered inside war file",,,,
Vulnerability item,NXP-2742126,6731274,5074493.0,usr8c027,Risk Covered,,Resolved,07/May/2026 11:02 PM,15/Apr/2025 12:00 AM,55fc11d5.internal,"Java CPU July 2015 Java SE, Java SE Embedded Libraries vulnerability (CVE-2008-74359)",a1fd9d31.internal,0,jre-vuln-CVE-2008-64669,"Vulnerable OS: Red Hat Enterprise Linux 7.9


Vulnerable software installed: Oracle JRE 1.7.0.51 (/stxbase/stxapp/ctm/ctmag90prd/ctm/cm/INF/JRE/lib/rt.jar)

Vulnerable OS: Red Hat Enterprise Linux 7.9


Vulnerable software installed: Oracle JRE 1.7.0.51 (/stxbase/stxapp/ctm/ctmag90prd/ctm/cm/DB/JRE/lib/rt.jar)

Vulnerable OS: Red Hat Enterprise Linux 7.9


Vulnerable software installed: Oracle JRE 1.7.0.51 (/stxbase/stxapp/ctm/ctmag90prd/ctm/cm/AFT/JRE/lib/rt.jar)",,,,
Vulnerability item,NXP-6364690,4563743,5074493.0,usr8c027,Risk Covered,,Resolved,07/May/2026 11:02 PM,15/Apr/2025 12:00 AM,55fc11d5.internal,"Java CPU April 2016 Java SE, Java SE Embedded, JRockit JMX vulnerability (CVE-2022-39505)",a1fd9d31.internal,0,jre-vuln-CVE-2022-59237,"Vulnerable OS: Red Hat Enterprise Linux 7.9


Vulnerable software installed: Oracle JRE 1.7.0.51 (/stxbase/stxapp/ctm/ctmag90prd/ctm/cm/INF/JRE/lib/rt.jar)

Vulnerable OS: Red Hat Enterprise Linux 7.9


Vulnerable software installed: Oracle JRE 1.7.0.51 (/stxbase/stxapp/ctm/ctmag90prd/ctm/cm/DB/JRE/lib/rt.jar)

Vulnerable OS: Red Hat Enterprise Linux 7.9


Vulnerable software installed: Oracle JRE 1.7.0.51 (/stxbase/stxapp/ctm/ctmag90prd/ctm/cm/AFT/JRE/lib/rt.jar)",,,,
Vulnerability item,NXP-1865416,9042287,5074493.0,usr8c027,Risk Covered,,Resolved,07/May/2026 11:02 PM,15/Apr/2025 12:00 AM,55fc11d5.internal,"Java CPU January 2017 Java SE, Java SE Embedded, JRockit RMI vulnerability (CVE-2009-90190)",a1fd9d31.internal,0,jre-vuln-CVE-2009-81041,"Vulnerable OS: Red Hat Enterprise Linux 7.9


Vulnerable software installed: Oracle JRE 1.7.0.51 (/stxbase/stxapp/ctm/ctmag90prd/ctm/cm/INF/JRE/lib/rt.jar)

Vulnerable OS: Red Hat Enterprise Linux 7.9


Vulnerable software installed: Oracle JRE 1.7.0.51 (/stxbase/stxapp/ctm/ctmag90prd/ctm/cm/DB/JRE/lib/rt.jar)

Vulnerable OS: Red Hat Enterprise Linux 7.9


Vulnerable software installed: Oracle JRE 1.7.0.51 (/stxbase/stxapp/ctm/ctmag90prd/ctm/cm/AFT/JRE/lib/rt.jar)",,,,
Vulnerability item,NXP-4290354,8595240,5074493.0,usr8c027,Risk Covered,,Resolved,07/May/2026 11:02 PM,01/Oct/2024 12:00 AM,55fc11d5.internal,Red Hat Enterprise Linux Obsolete Version,a1fd9d31.internal,0,linux-rhel-obsolete-version,Vulnerable OS: Red Hat Enterprise Linux 7.9,,,,
Vulnerability item,NXP-4071881,3705191,8115241.0,usr8c027,Risk Covered,,Resolved,07/May/2026 11:02 PM,15/Apr/2025 12:00 AM,ffe34ed1.internal,Azul Zulu: CVE-2017-92784: Vulnerability in the JavaFX component,666da563.internal,0,azul-zulu-CVE-2017-68001,"Vulnerable OS: Red Hat Enterprise Linux 8.10


Vulnerable software installed: Azul Systems JRE 11.58.16 (/stxbase/stxapp/java/zulu11.58.16-sa-jdk11.0.16-linux_x64_del/lib/54c8aa44.internal)",,,,
Vulnerability item,NXP-967393,522029,8115241.0,usr8c027,Risk Covered,,Resolved,07/May/2026 11:02 PM,15/Apr/2025 12:00 AM,ffe34ed1.internal,Azul Zulu: CVE-2017-63265: Vulnerability in the JavaFX component,666da563.internal,0,azul-zulu-CVE-2017-21857,"Vulnerable OS: Red Hat Enterprise Linux 8.10


Vulnerable software installed: Azul Systems JRE 11.58.16 (/stxbase/stxapp/java/zulu11.58.16-sa-jdk11.0.16-linux_x64_del/lib/54c8aa44.internal)",,,,
Vulnerability item,NXP-8245262,2589111,8115241.0,usr8c027,Risk Covered,,Resolved,07/May/2026 11:02 PM,15/Apr/2025 12:00 AM,ffe34ed1.internal,"Java CPU April 2024 Oracle Java SE, Oracle GraalVM Enterprise Edition vulnerability (CVE-2017-92784)",666da563.internal,0,jre-vuln-CVE-2017-68001,"Vulnerable OS: Red Hat Enterprise Linux 8.10


Vulnerable software installed: Oracle JRE 1.8.0.341 (/stxbase/stxapp/oracle/client/product/19.17.0/client_1/jdk/jre/lib/rt.jar)

Vulnerable OS: Red Hat Enterprise Linux 8.10


Vulnerable software installed: Oracle JRE 1.8.0.351 (/stxbase/stxapp/oracle/client/product/19.17.0/client_1/OPatch/jre/lib/rt.jar)",,,,
Vulnerability item,NXP-4331030,5082111,5800551.0,usr8c027,Risk Covered,,Resolved,07/May/2026 11:02 PM,15/Apr/2025 12:00 AM,c5742e01.internal,Azul Zulu: CVE-2017-92784: Vulnerability in the JavaFX component,4fe2eb41.internal,0,azul-zulu-CVE-2017-68001,"Vulnerable OS: Red Hat Enterprise Linux 8.10


Vulnerable software installed: Azul Systems JRE 11.58.16 (/stxbase/stxapp/java/zulu11.58.16-sa-jdk11.0.16-linux_x64_del/lib/54c8aa44.internal)",,,,
Vulnerability item,NXP-4717194,5149931,5800551.0,usr8c027,Risk Covered,,Resolved,07/May/2026 11:02 PM,15/Apr/2025 12:00 AM,c5742e01.internal,Azul Zulu: CVE-2017-63265: Vulnerability in the JavaFX component,4fe2eb41.internal,0,azul-zulu-CVE-2017-21857,"Vulnerable OS: Red Hat Enterprise Linux 8.10


Vulnerable software installed: Azul Systems JRE 11.58.16 (/stxbase/stxapp/java/zulu11.58.16-sa-jdk11.0.16-linux_x64_del/lib/54c8aa44.internal)",,,,
Vulnerability item,NXP-7615429,3476032,5800551.0,usr8c027,Risk Covered,,Resolved,07/May/2026 11:02 PM,15/Apr/2025 12:00 AM,c5742e01.internal,"Java CPU July 2015 Java SE, Java SE Embedded Libraries vulnerability (CVE-2008-74359)",4fe2eb41.internal,0,jre-vuln-CVE-2008-64669,"Vulnerable OS: Red Hat Enterprise Linux 8.10


Vulnerable software installed: Oracle JRE 1.7.0.51 (/stxbase/stxapp/ctm/ctmag90sim/ctm/cm/DB/JRE/lib/rt.jar)

Vulnerable OS: Red Hat Enterprise Linux 8.10


Vulnerable software installed: Oracle JRE 1.7.0.51 (/stxbase/stxapp/ctm/ctmag90sim/ctm/cm/AFT/JRE/lib/rt.jar)",,,,
Vulnerability item,NXP-8438857,4124032,5800551.0,usr8c027,Risk Covered,,Resolved,07/May/2026 11:02 PM,15/Apr/2025 12:00 AM,c5742e01.internal,"Java CPU April 2016 Java SE, Java SE Embedded, JRockit JMX vulnerability (CVE-2022-39505)",4fe2eb41.internal,0,jre-vuln-CVE-2022-59237,"Vulnerable OS: Red Hat Enterprise Linux 8.10


Vulnerable software installed: Oracle JRE 1.7.0.51 (/stxbase/stxapp/ctm/ctmag90sim/ctm/cm/DB/JRE/lib/rt.jar)

Vulnerable OS: Red Hat Enterprise Linux 8.10


Vulnerable software installed: Oracle JRE 1.7.0.51 (/stxbase/stxapp/ctm/ctmag90sim/ctm/cm/AFT/JRE/lib/rt.jar)",,,,
Vulnerability item,NXP-5619945,969630,5800551.0,usr8c027,Risk Covered,,Resolved,07/May/2026 11:02 PM,15/Apr/2025 12:00 AM,c5742e01.internal,"Java CPU January 2017 Java SE, Java SE Embedded, JRockit RMI vulnerability (CVE-2009-90190)",4fe2eb41.internal,0,jre-vuln-CVE-2009-81041,"Vulnerable OS: Red Hat Enterprise Linux 8.10


Vulnerable software installed: Oracle JRE 1.7.0.51 (/stxbase/stxapp/ctm/ctmag90sim/ctm/cm/DB/JRE/lib/rt.jar)

Vulnerable OS: Red Hat Enterprise Linux 8.10


Vulnerable software installed: Oracle JRE 1.7.0.51 (/stxbase/stxapp/ctm/ctmag90sim/ctm/cm/AFT/JRE/lib/rt.jar)",,,,
Vulnerability item,NXP-6143169,7278879,5800551.0,usr8c027,Risk Covered,,Resolved,07/May/2026 11:02 PM,15/Apr/2025 12:00 AM,c5742e01.internal,"Java CPU April 2024 Oracle Java SE, Oracle GraalVM Enterprise Edition vulnerability (CVE-2017-92784)",4fe2eb41.internal,0,jre-vuln-CVE-2017-68001,"Vulnerable OS: Red Hat Enterprise Linux 8.10


Vulnerable software installed: Oracle JRE 1.8.0.341 (/stxbase/stxapp/oracle/client/product/19.17.0/client_1/jdk/jre/lib/rt.jar)

Vulnerable OS: Red Hat Enterprise Linux 8.10


Vulnerable software installed: Oracle JRE 1.8.0.351 (/stxbase/stxapp/oracle/client/product/19.17.0/client_1/OPatch/jre/lib/rt.jar)

Vulnerable OS: Red Hat Enterprise Linux 8.10


Vulnerable software installed: Oracle JRE 1.8.0.192 (/usr/local/java/zulu8.33.0.2-sa-fx-jdk8.0.192-linux_x64/jre/lib/rt.jar)",,,,
Vulnerability item,NXP-6783445,993747,1279687.0,usr8c027,Risk Covered,,Resolved,07/May/2026 11:02 PM,15/Apr/2025 12:00 AM,ed40309e.internal,Azul Zulu: CVE-2017-92784: Vulnerability in the JavaFX component,e9cbd6a1.internal,0,azul-zulu-CVE-2017-68001,"Vulnerable OS: Red Hat Enterprise Linux 8.10


Vulnerable software installed: Azul Systems JRE 11.58.16 (/stxbase/stxapp/java/zulu11.58.16-sa-jdk11.0.16-linux_x64_del/lib/54c8aa44.internal)",,,,
Vulnerability item,NXP-5243640,1821546,1279687.0,usr8c027,Risk Covered,,Resolved,07/May/2026 11:02 PM,15/Apr/2025 12:00 AM,ed40309e.internal,Azul Zulu: CVE-2017-63265: Vulnerability in the JavaFX component,e9cbd6a1.internal,0,azul-zulu-CVE-2017-21857,"Vulnerable OS: Red Hat Enterprise Linux 8.10


Vulnerable software installed: Azul Systems JRE 11.58.16 (/stxbase/stxapp/java/zulu11.58.16-sa-jdk11.0.16-linux_x64_del/lib/54c8aa44.internal)",,,,
Vulnerability item,NXP-5700233,1160424,1279687.0,usr8c027,Risk Covered,,Resolved,07/May/2026 11:02 PM,15/Apr/2025 12:00 AM,ed40309e.internal,"Java CPU April 2024 Oracle Java SE, Oracle GraalVM Enterprise Edition vulnerability (CVE-2017-92784)",e9cbd6a1.internal,0,jre-vuln-CVE-2017-68001,"Vulnerable OS: Red Hat Enterprise Linux 8.10


Vulnerable software installed: Oracle JRE 1.8.0.341 (/stxbase/stxapp/oracle/client/product/19.17.0/client_1/jdk/jre/lib/rt.jar)

Vulnerable OS: Red Hat Enterprise Linux 8.10


Vulnerable software installed: Oracle JRE 1.8.0.351 (/stxbase/stxapp/oracle/client/product/19.17.0/client_1/OPatch/jre/lib/rt.jar)",,,,
Vulnerability item,NXP-1961321,4914271,5116336.0,usr8c027,Risk Covered,,Resolved,07/May/2026 11:02 PM,15/Apr/2025 12:00 AM,de387916.internal,Azul Zulu: CVE-2017-92784: Vulnerability in the JavaFX component,11925eb8.internal,0,azul-zulu-CVE-2017-68001,"Vulnerable OS: Red Hat Enterprise Linux 8.10


Vulnerable software installed: Azul Systems JRE 11.58.16 (/stxbase/stxapp/java/zulu11.58.16-sa-jdk11.0.16-linux_x64_del/lib/54c8aa44.internal)",,,,
Vulnerability item,NXP-8994531,242082,5116336.0,usr8c027,Risk Covered,,Resolved,07/May/2026 11:02 PM,15/Apr/2025 12:00 AM,de387916.internal,Azul Zulu: CVE-2017-63265: Vulnerability in the JavaFX component,11925eb8.internal,0,azul-zulu-CVE-2017-21857,"Vulnerable OS: Red Hat Enterprise Linux 8.10


Vulnerable software installed: Azul Systems JRE 11.58.16 (/stxbase/stxapp/java/zulu11.58.16-sa-jdk11.0.16-linux_x64_del/lib/54c8aa44.internal)",,,,
Vulnerability item,NXP-2971074,7708352,5116336.0,usr8c027,Risk Covered,,Resolved,07/May/2026 11:02 PM,15/Apr/2025 12:00 AM,de387916.internal,"Java CPU April 2024 Oracle Java SE, Oracle GraalVM Enterprise Edition vulnerability (CVE-2017-92784)",11925eb8.internal,0,jre-vuln-CVE-2017-68001,"Vulnerable OS: Red Hat Enterprise Linux 8.10


Vulnerable software installed: Oracle JRE 1.8.0.341 (/stxbase/stxapp/oracle/client/product/19.17.0/client_1/jdk/jre/lib/rt.jar)

Vulnerable OS: Red Hat Enterprise Linux 8.10


Vulnerable software installed: Oracle JRE 1.8.0.351 (/stxbase/stxapp/oracle/client/product/19.17.0/client_1/OPatch/jre/lib/rt.jar)",,,,
Vulnerability item,NXP-1556507,5500785,3189119.0,usr8c027,Risk Covered,,Resolved,07/May/2026 11:00 PM,15/Apr/2025 12:00 AM,3de462f3.internal,Azul Zulu: CVE-2017-92784: Vulnerability in the JavaFX component,c5436286.internal,0,azul-zulu-CVE-2017-68001,"Vulnerable OS: Red Hat Enterprise Linux 8.10


Vulnerable software installed: Azul Systems JRE 11.58.16 (/stxbase/stxapp/java/zulu11.58.16-sa-jdk11.0.16-linux_x64_del/lib/54c8aa44.internal)",,,,
Vulnerability item,NXP-2647700,4511660,3189119.0,usr8c027,Risk Covered,,Resolved,07/May/2026 11:00 PM,15/Apr/2025 12:00 AM,3de462f3.internal,Azul Zulu: CVE-2017-63265: Vulnerability in the JavaFX component,c5436286.internal,0,azul-zulu-CVE-2017-21857,"Vulnerable OS: Red Hat Enterprise Linux 8.10


Vulnerable software installed: Azul Systems JRE 11.58.16 (/stxbase/stxapp/java/zulu11.58.16-sa-jdk11.0.16-linux_x64_del/lib/54c8aa44.internal)",,,,
Vulnerability item,NXP-8069960,4896611,3189119.0,usr8c027,Risk Covered,,Resolved,07/May/2026 11:00 PM,15/Apr/2025 12:00 AM,3de462f3.internal,"Java CPU April 2024 Oracle Java SE, Oracle GraalVM Enterprise Edition vulnerability (CVE-2017-92784)",c5436286.internal,0,jre-vuln-CVE-2017-68001,"Vulnerable OS: Red Hat Enterprise Linux 8.10


Vulnerable software installed: Oracle JRE 1.8.0.341 (/stxbase/stxapp/oracle/client/product/19.17.0/client_1/jdk/jre/lib/rt.jar)

Vulnerable OS: Red Hat Enterprise Linux 8.10


Vulnerable software installed: Oracle JRE 1.8.0.351 (/stxbase/stxapp/oracle/client/product/19.17.0/client_1/OPatch/jre/lib/rt.jar)",,,,
Vulnerability item,NXP-4742172,2502676,2411944.0,usr8c027,Risk Covered,,Resolved,07/May/2026 11:00 PM,15/Apr/2025 12:00 AM,0163b8ce.internal,Azul Zulu: CVE-2017-92784: Vulnerability in the JavaFX component,cb3441c5.internal,0,azul-zulu-CVE-2017-68001,"Vulnerable OS: Red Hat Enterprise Linux 8.10


Vulnerable software installed: Azul Systems JRE 11.58.16 (/stxbase/stxapp/java/zulu11.58.16-sa-jdk11.0.16-linux_x64_del/lib/54c8aa44.internal)",,,,
Vulnerability item,NXP-687637,8311683,2411944.0,usr8c027,Risk Covered,,Resolved,07/May/2026 11:00 PM,15/Apr/2025 12:00 AM,0163b8ce.internal,Azul Zulu: CVE-2017-63265: Vulnerability in the JavaFX component,cb3441c5.internal,0,azul-zulu-CVE-2017-21857,"Vulnerable OS: Red Hat Enterprise Linux 8.10


Vulnerable software installed: Azul Systems JRE 11.58.16 (/stxbase/stxapp/java/zulu11.58.16-sa-jdk11.0.16-linux_x64_del/lib/54c8aa44.internal)",,,,
Vulnerability item,NXP-8664509,3725052,2411944.0,usr8c027,Risk Covered,,Resolved,07/May/2026 11:00 PM,15/Apr/2025 12:00 AM,0163b8ce.internal,"Java CPU April 2024 Oracle Java SE, Oracle GraalVM Enterprise Edition vulnerability (CVE-2017-92784)",cb3441c5.internal,0,jre-vuln-CVE-2017-68001,"Vulnerable OS: Red Hat Enterprise Linux 8.10


Vulnerable software installed: Oracle JRE 1.8.0.341 (/stxbase/stxapp/oracle/client/product/19.17.0/client_1/jdk/jre/lib/rt.jar)

Vulnerable OS: Red Hat Enterprise Linux 8.10


Vulnerable software installed: Oracle JRE 1.8.0.351 (/stxbase/stxapp/oracle/client/product/19.17.0/client_1/OPatch/jre/lib/rt.jar)",,,,
Vulnerability item,NXP-4380890,6803803,3622211.0,usr8c027,Risk Covered,,Resolved,07/May/2026 11:01 PM,15/Apr/2025 12:00 AM,65ff4d7c.internal,Azul Zulu: CVE-2017-92784: Vulnerability in the JavaFX component,c6cc3291.internal,0,azul-zulu-CVE-2017-68001,"Vulnerable OS: Red Hat Enterprise Linux 8.10


Vulnerable software installed: Azul Systems JRE 1.8.0.312 (/usr/local/java/zulu8.58.0.14-sa-jdk8.0.312-linux_x64/jre/lib/rt.jar)

Vulnerable OS: Red Hat Enterprise Linux 8.10


Vulnerable software installed: Azul Systems JRE 11.58.16 (/stxbase/stxapp/java/zulu11.58.16-sa-jdk11.0.16-linux_x64_del/lib/54c8aa44.internal)",,,,
Vulnerability item,NXP-2991524,3216823,3622211.0,usr8c027,Risk Covered,,Resolved,07/May/2026 11:01 PM,15/Apr/2025 12:00 AM,65ff4d7c.internal,Azul Zulu: CVE-2017-63265: Vulnerability in the JavaFX component,c6cc3291.internal,0,azul-zulu-CVE-2017-21857,"Vulnerable OS: Red Hat Enterprise Linux 8.10


Vulnerable software installed: Azul Systems JRE 1.8.0.312 (/usr/local/java/zulu8.58.0.14-sa-jdk8.0.312-linux_x64/jre/lib/rt.jar)

Vulnerable OS: Red Hat Enterprise Linux 8.10


Vulnerable software installed: Azul Systems JRE 11.58.16 (/stxbase/stxapp/java/zulu11.58.16-sa-jdk11.0.16-linux_x64_del/lib/54c8aa44.internal)",,,,
Vulnerability item,NXP-1439460,5911519,2609841.0,usr8c027,Risk Covered,,Resolved,07/May/2026 11:01 PM,15/Apr/2025 12:00 AM,eab972bf.internal,Azul Zulu: CVE-2017-92784: Vulnerability in the JavaFX component,af109d0f.internal,0,azul-zulu-CVE-2017-68001,"Vulnerable OS: Red Hat Enterprise Linux 8.10


Vulnerable software installed: Azul Systems JRE 1.8.0.312 (/usr/local/java/zulu8.58.0.14-sa-jdk8.0.312-linux_x64/jre/lib/rt.jar)",,,,
Vulnerability item,NXP-5473251,2426425,2609841.0,usr8c027,Risk Covered,,Resolved,07/May/2026 11:01 PM,15/Apr/2025 12:00 AM,eab972bf.internal,Azul Zulu: CVE-2017-63265: Vulnerability in the JavaFX component,af109d0f.internal,0,azul-zulu-CVE-2017-21857,"Vulnerable OS: Red Hat Enterprise Linux 8.10


Vulnerable software installed: Azul Systems JRE 1.8.0.312 (/usr/local/java/zulu8.58.0.14-sa-jdk8.0.312-linux_x64/jre/lib/rt.jar)",,,,
Vulnerability item,NXP-7494552,7104825,2609841.0,usr8c027,Risk Covered,,Resolved,07/May/2026 11:01 PM,15/Apr/2025 12:00 AM,eab972bf.internal,"Java CPU April 2024 Oracle Java SE, Oracle GraalVM Enterprise Edition vulnerability (CVE-2017-92784)",af109d0f.internal,0,jre-vuln-CVE-2017-68001,"Vulnerable OS: Red Hat Enterprise Linux 8.10


Vulnerable software installed: Oracle JRE 1.8.0.191.1.ojdkbuild (/stxbase/stxapp/java/java-1.8.0-openjdk-1.8.0.191-1.b247046e.internal.x86_64/jre/lib/rt.jar)",,,,
Vulnerability item,NXP-8217134,3645338,8895770.0,usr8c027,Risk Covered,,Resolved,07/May/2026 11:01 PM,15/Apr/2025 12:00 AM,c24af9e1.internal,"Java CPU April 2024 Oracle Java SE, Oracle GraalVM Enterprise Edition vulnerability (CVE-2017-92784)",da1a85fa.internal,0,jre-vuln-CVE-2017-68001,"Vulnerable OS: Red Hat Enterprise Linux 8.10


Vulnerable software installed: Oracle JRE 1.8.0.341 (/stxbase/stxapp/oracle/client/product/19.17.0/client_1/jdk/jre/lib/rt.jar)

Vulnerable OS: Red Hat Enterprise Linux 8.10


Vulnerable software installed: Oracle JRE 1.8.0.351 (/stxbase/stxapp/oracle/client/product/19.17.0/client_1/OPatch/jre/lib/rt.jar)",,,,
Vulnerability item,NXP-2466908,101262,5543540.0,usr8c027,Risk Covered,,Resolved,07/May/2026 11:01 PM,15/Apr/2025 12:00 AM,5ede507a.internal,"Java CPU April 2024 Oracle Java SE, Oracle GraalVM Enterprise Edition vulnerability (CVE-2017-92784)",8500f002.internal,0,jre-vuln-CVE-2017-68001,"Vulnerable OS: Red Hat Enterprise Linux 8.10


Vulnerable software installed: Oracle JRE 1.8.0.341 (/stxbase/stxapp/oracle/client/product/19.17.0/client_1/jdk/jre/lib/rt.jar)

Vulnerable OS: Red Hat Enterprise Linux 8.10


Vulnerable software installed: Oracle JRE 1.8.0.351 (/stxbase/stxapp/oracle/client/product/19.17.0/client_1/OPatch/jre/lib/rt.jar)",,,,
Vulnerability item,NXP-7586032,6552363,4108851.0,usr8c027,Risk Covered,,Resolved,07/May/2026 11:01 PM,01/Oct/2024 12:00 AM,fb634813.internal,Red Hat Enterprise Linux Obsolete Version,94d2247b.internal,0,linux-rhel-obsolete-version,Vulnerable OS: Red Hat Enterprise Linux 7.9,,,,
Vulnerability item,NXP-6249331,1428806,8866596.0,usr8c027,Risk Covered,,Resolved,07/May/2026 11:01 PM,15/Apr/2025 12:00 AM,be2044a0.internal,"Java CPU April 2024 Oracle Java SE, Oracle GraalVM Enterprise Edition vulnerability (CVE-2017-92784)",9f6c7eea.internal,0,jre-vuln-CVE-2017-68001,"Vulnerable OS: Red Hat Enterprise Linux 8.10


Vulnerable software installed: Oracle JRE 1.8.0.341 (/stxbase/stxapp/oracle/client/product/19.17.0/client_1/jdk/jre/lib/rt.jar)

Vulnerable OS: Red Hat Enterprise Linux 8.10


Vulnerable software installed: Oracle JRE 1.8.0.351 (/stxbase/stxapp/oracle/client/product/19.17.0/client_1/OPatch/jre/lib/rt.jar)",,,,
Vulnerability item,NXP-6023343,2942109,8317134.0,usr8c027,Risk Covered,,Resolved,07/May/2026 11:01 PM,15/Apr/2025 12:00 AM,50903788.internal,"Java CPU April 2024 Oracle Java SE, Oracle GraalVM Enterprise Edition vulnerability (CVE-2017-92784)",aef34021.internal,0,jre-vuln-CVE-2017-68001,"Vulnerable OS: Red Hat Enterprise Linux 8.10


Vulnerable software installed: Oracle JRE 1.8.0.341 (/stxbase/stxapp/oracle/client/product/19.17.0/client_1/jdk/jre/lib/rt.jar)

Vulnerable OS: Red Hat Enterprise Linux 8.10


Vulnerable software installed: Oracle JRE 1.8.0.351 (/stxbase/stxapp/oracle/client/product/19.17.0/client_1/OPatch/jre/lib/rt.jar)",,,,
Vulnerability item,NXP-8011444,4207911,2840900.0,usr8c027,Risk Covered,,Resolved,07/May/2026 11:01 PM,15/Apr/2025 12:00 AM,33e44793.internal,Azul Zulu: CVE-2017-92784: Vulnerability in the JavaFX component,554f387d.internal,0,azul-zulu-CVE-2017-68001,"Vulnerable OS: Red Hat Enterprise Linux 7.9


Vulnerable software installed: Azul Systems JRE 11.58.16 (/stxbase/stxapp/java/zulu11.58.16-sa-jdk11.0.16-linux_x64_del/lib/54c8aa44.internal)",,,,
Vulnerability item,NXP-709595,155081,2840900.0,usr8c027,Risk Covered,,Resolved,07/May/2026 11:01 PM,15/Apr/2025 12:00 AM,33e44793.internal,Azul Zulu: CVE-2017-63265: Vulnerability in the JavaFX component,554f387d.internal,0,azul-zulu-CVE-2017-21857,"Vulnerable OS: Red Hat Enterprise Linux 7.9


Vulnerable software installed: Azul Systems JRE 11.58.16 (/stxbase/stxapp/java/zulu11.58.16-sa-jdk11.0.16-linux_x64_del/lib/54c8aa44.internal)",,,,
Vulnerability item,NXP-8364494,8956820,2840900.0,usr8c027,Risk Covered,,Resolved,07/May/2026 11:01 PM,15/Apr/2025 12:00 AM,33e44793.internal,"Java CPU July 2015 Java SE, Java SE Embedded Libraries vulnerability (CVE-2008-74359)",554f387d.internal,0,jre-vuln-CVE-2008-64669,"Vulnerable OS: Red Hat Enterprise Linux 7.9


Vulnerable software installed: Oracle JRE 1.7.0.51 (/stxbase/stxapp/ctm/ctmag90sim/ctm/cm/INF/JRE/lib/rt.jar)

Vulnerable OS: Red Hat Enterprise Linux 7.9


Vulnerable software installed: Oracle JRE 1.7.0.51 (/stxbase/stxapp/ctm/ctmag90sim/ctm/cm/DB/JRE/lib/rt.jar)

Vulnerable OS: Red Hat Enterprise Linux 7.9


Vulnerable software installed: Oracle JRE 1.7.0.51 (/stxbase/stxapp/ctm/ctmag90sim/ctm/cm/AFT/JRE/lib/rt.jar)",,,,
Vulnerability item,NXP-1423353,5201204,2840900.0,usr8c027,Risk Covered,,Resolved,07/May/2026 11:01 PM,15/Apr/2025 12:00 AM,33e44793.internal,"Java CPU April 2016 Java SE, Java SE Embedded, JRockit JMX vulnerability (CVE-2022-39505)",554f387d.internal,0,jre-vuln-CVE-2022-59237,"Vulnerable OS: Red Hat Enterprise Linux 7.9


Vulnerable software installed: Oracle JRE 1.7.0.51 (/stxbase/stxapp/ctm/ctmag90sim/ctm/cm/INF/JRE/lib/rt.jar)

Vulnerable OS: Red Hat Enterprise Linux 7.9


Vulnerable software installed: Oracle JRE 1.7.0.51 (/stxbase/stxapp/ctm/ctmag90sim/ctm/cm/DB/JRE/lib/rt.jar)

Vulnerable OS: Red Hat Enterprise Linux 7.9


Vulnerable software installed: Oracle JRE 1.7.0.51 (/stxbase/stxapp/ctm/ctmag90sim/ctm/cm/AFT/JRE/lib/rt.jar)",,,,
Vulnerability item,NXP-5885804,7552262,2840900.0,usr8c027,Risk Covered,,Resolved,07/May/2026 11:01 PM,15/Apr/2025 12:00 AM,33e44793.internal,"Java CPU January 2017 Java SE, Java SE Embedded, JRockit RMI vulnerability (CVE-2009-90190)",554f387d.internal,0,jre-vuln-CVE-2009-81041,"Vulnerable OS: Red Hat Enterprise Linux 7.9


Vulnerable software installed: Oracle JRE 1.7.0.51 (/stxbase/stxapp/ctm/ctmag90sim/ctm/cm/INF/JRE/lib/rt.jar)

Vulnerable OS: Red Hat Enterprise Linux 7.9


Vulnerable software installed: Oracle JRE 1.7.0.51 (/stxbase/stxapp/ctm/ctmag90sim/ctm/cm/DB/JRE/lib/rt.jar)

Vulnerable OS: Red Hat Enterprise Linux 7.9


Vulnerable software installed: Oracle JRE 1.7.0.51 (/stxbase/stxapp/ctm/ctmag90sim/ctm/cm/AFT/JRE/lib/rt.jar)",,,,
Vulnerability item,NXP-2975386,6193708,2840900.0,usr8c027,Risk Covered,,Resolved,07/May/2026 11:01 PM,15/Apr/2025 12:00 AM,33e44793.internal,"Java CPU April 2024 Oracle Java SE, Oracle GraalVM Enterprise Edition vulnerability (CVE-2017-92784)",554f387d.internal,0,jre-vuln-CVE-2017-68001,"Vulnerable OS: Red Hat Enterprise Linux 7.9


Vulnerable software installed: Oracle JRE 1.8.0.341 (/stxbase/stxapp/oracle/client/product/19.17.0/client_1/jdk/jre/lib/rt.jar)

Vulnerable OS: Red Hat Enterprise Linux 7.9


Vulnerable software installed: Oracle JRE 1.8.0.351 (/stxbase/stxapp/oracle/client/product/19.17.0/client_1/OPatch/jre/lib/rt.jar)",,,,
Vulnerability item,NXP-8661495,4885268,2840900.0,usr8c027,Risk Covered,,Resolved,07/May/2026 11:02 PM,01/Oct/2024 12:00 AM,33e44793.internal,Red Hat Enterprise Linux Obsolete Version,554f387d.internal,0,linux-rhel-obsolete-version,Vulnerable OS: Red Hat Enterprise Linux 7.9,,,,
Vulnerability item,NXP-1150020,6884448,4831727.0,usr8c027,Risk Covered,,Resolved,07/May/2026 11:00 PM,15/Apr/2025 12:00 AM,0c427575.internal,Azul Zulu: CVE-2017-92784: Vulnerability in the JavaFX component,15e3fe45.internal,0,azul-zulu-CVE-2017-68001,"Vulnerable OS: Red Hat Enterprise Linux 8.10


Vulnerable software installed: Azul Systems JRE 11.58.16 (/stxbase/stxapp/java/zulu11.58.16-sa-jdk11.0.16-linux_x64_del/lib/54c8aa44.internal)",,,,
Vulnerability item,NXP-4831480,5428055,4831727.0,usr8c027,Risk Covered,,Resolved,07/May/2026 11:00 PM,15/Apr/2025 12:00 AM,0c427575.internal,Azul Zulu: CVE-2017-63265: Vulnerability in the JavaFX component,15e3fe45.internal,0,azul-zulu-CVE-2017-21857,"Vulnerable OS: Red Hat Enterprise Linux 8.10


Vulnerable software installed: Azul Systems JRE 11.58.16 (/stxbase/stxapp/java/zulu11.58.16-sa-jdk11.0.16-linux_x64_del/lib/54c8aa44.internal)",,,,
Vulnerability item,NXP-8580907,2239079,4831727.0,usr8c027,Risk Covered,,Resolved,07/May/2026 11:00 PM,15/Apr/2025 12:00 AM,0c427575.internal,"Java CPU April 2024 Oracle Java SE, Oracle GraalVM Enterprise Edition vulnerability (CVE-2017-92784)",15e3fe45.internal,0,jre-vuln-CVE-2017-68001,"Vulnerable OS: Red Hat Enterprise Linux 8.10


Vulnerable software installed: Oracle JRE 1.8.0.341 (/stxbase/stxapp/oracle/client/product/19.17.0/client_1/jdk/jre/lib/rt.jar)

Vulnerable OS: Red Hat Enterprise Linux 8.10


Vulnerable software installed: Oracle JRE 1.8.0.351 (/stxbase/stxapp/oracle/client/product/19.17.0/client_1/OPatch/jre/lib/rt.jar)",,,,
Vulnerability item,NXP-2162723,6823050,1226323.0,usr8c027,Risk Covered,,Resolved,07/May/2026 11:00 PM,15/Apr/2025 12:00 AM,52002108.internal,Azul Zulu: CVE-2017-92784: Vulnerability in the JavaFX component,25ffd794.internal,0,azul-zulu-CVE-2017-68001,"Vulnerable OS: Red Hat Enterprise Linux 8.10


Vulnerable software installed: Azul Systems JRE 11.58.16 (/stxbase/stxapp/java/zulu11.58.16-sa-jdk11.0.16-linux_x64_del/lib/54c8aa44.internal)",,,,
Vulnerability item,NXP-1765726,6247043,1226323.0,usr8c027,Risk Covered,,Resolved,07/May/2026 11:00 PM,15/Apr/2025 12:00 AM,52002108.internal,Azul Zulu: CVE-2017-63265: Vulnerability in the JavaFX component,25ffd794.internal,0,azul-zulu-CVE-2017-21857,"Vulnerable OS: Red Hat Enterprise Linux 8.10


Vulnerable software installed: Azul Systems JRE 11.58.16 (/stxbase/stxapp/java/zulu11.58.16-sa-jdk11.0.16-linux_x64_del/lib/54c8aa44.internal)",,,,
Vulnerability item,NXP-6003311,7651984,1226323.0,usr8c027,Risk Covered,,Resolved,07/May/2026 11:00 PM,15/Apr/2025 12:00 AM,52002108.internal,"Java CPU April 2024 Oracle Java SE, Oracle GraalVM Enterprise Edition vulnerability (CVE-2017-92784)",25ffd794.internal,0,jre-vuln-CVE-2017-68001,"Vulnerable OS: Red Hat Enterprise Linux 8.10


Vulnerable software installed: Oracle JRE 1.8.0.341 (/stxbase/stxapp/oracle/client/product/19.17.0/client_1/jdk/jre/lib/rt.jar)

Vulnerable OS: Red Hat Enterprise Linux 8.10


Vulnerable software installed: Oracle JRE 1.8.0.351 (/stxbase/stxapp/oracle/client/product/19.17.0/client_1/OPatch/jre/lib/rt.jar)",,,,
Vulnerability item,NXP-5661233,1419388,3723610.0,usr8c027,Risk Covered,,Resolved,07/May/2026 11:00 PM,15/Apr/2025 12:00 AM,6a5e2c61.internal,Azul Zulu: CVE-2017-92784: Vulnerability in the JavaFX component,60ce3cc9.internal,0,azul-zulu-CVE-2017-68001,"Vulnerable OS: Red Hat Enterprise Linux 8.10


Vulnerable software installed: Azul Systems JRE 11.58.16 (/stxbase/stxapp/java/zulu11.58.16-sa-jdk11.0.16-linux_x64_del/lib/54c8aa44.internal)",,,,
Vulnerability item,NXP-6505613,4354523,3723610.0,usr8c027,Risk Covered,,Resolved,07/May/2026 11:00 PM,15/Apr/2025 12:00 AM,6a5e2c61.internal,Azul Zulu: CVE-2017-63265: Vulnerability in the JavaFX component,60ce3cc9.internal,0,azul-zulu-CVE-2017-21857,"Vulnerable OS: Red Hat Enterprise Linux 8.10


Vulnerable software installed: Azul Systems JRE 11.58.16 (/stxbase/stxapp/java/zulu11.58.16-sa-jdk11.0.16-linux_x64_del/lib/54c8aa44.internal)",,,,
Vulnerability item,NXP-7160175,7561142,3723610.0,usr8c027,Risk Covered,,Resolved,07/May/2026 11:00 PM,15/Apr/2025 12:00 AM,6a5e2c61.internal,"Java CPU April 2024 Oracle Java SE, Oracle GraalVM Enterprise Edition vulnerability (CVE-2017-92784)",60ce3cc9.internal,0,jre-vuln-CVE-2017-68001,"Vulnerable OS: Red Hat Enterprise Linux 8.10


Vulnerable software installed: Oracle JRE 1.8.0.341 (/stxbase/stxapp/oracle/client/product/19.17.0/client_1/jdk/jre/lib/rt.jar)

Vulnerable OS: Red Hat Enterprise Linux 8.10


Vulnerable software installed: Oracle JRE 1.8.0.351 (/stxbase/stxapp/oracle/client/product/19.17.0/client_1/OPatch/jre/lib/rt.jar)",,,,
Vulnerability item,NXP-6389232,6208308,7445314.0,usr8c027,Risk Covered,,Resolved,07/May/2026 11:00 PM,15/Apr/2025 12:00 AM,869b3d4a.internal,Azul Zulu: CVE-2017-92784: Vulnerability in the JavaFX component,307dea01.internal,0,azul-zulu-CVE-2017-68001,"Vulnerable OS: Red Hat Enterprise Linux 8.10


Vulnerable software installed: Azul Systems JRE 11.58.16 (/stxbase/stxapp/java/zulu11.58.16-sa-jdk11.0.16-linux_x64_del/lib/54c8aa44.internal)",,,,
Vulnerability item,NXP-5560662,8322335,7445314.0,usr8c027,Risk Covered,,Resolved,07/May/2026 11:00 PM,15/Apr/2025 12:00 AM,869b3d4a.internal,Azul Zulu: CVE-2017-63265: Vulnerability in the JavaFX component,307dea01.internal,0,azul-zulu-CVE-2017-21857,"Vulnerable OS: Red Hat Enterprise Linux 8.10


Vulnerable software installed: Azul Systems JRE 11.58.16 (/stxbase/stxapp/java/zulu11.58.16-sa-jdk11.0.16-linux_x64_del/lib/54c8aa44.internal)",,,,
Vulnerability item,NXP-4778643,2634891,7445314.0,usr8c027,Risk Covered,,Resolved,07/May/2026 11:00 PM,15/Apr/2025 12:00 AM,869b3d4a.internal,"Java CPU April 2024 Oracle Java SE, Oracle GraalVM Enterprise Edition vulnerability (CVE-2017-92784)",307dea01.internal,0,jre-vuln-CVE-2017-68001,"Vulnerable OS: Red Hat Enterprise Linux 8.10


Vulnerable software installed: Oracle JRE 1.8.0.341 (/stxbase/stxapp/oracle/client/product/19.17.0/client_1/jdk/jre/lib/rt.jar)

Vulnerable OS: Red Hat Enterprise Linux 8.10


Vulnerable software installed: Oracle JRE 1.8.0.351 (/stxbase/stxapp/oracle/client/product/19.17.0/client_1/OPatch/jre/lib/rt.jar)",,,,
Vulnerability item,NXP-8881870,4788501,4339580.0,usr8c027,Risk Covered,,Resolved,07/May/2026 11:00 PM,15/Apr/2025 12:00 AM,ab117bcf.internal,Azul Zulu: CVE-2017-92784: Vulnerability in the JavaFX component,91120f65.internal,0,azul-zulu-CVE-2017-68001,"Vulnerable OS: Red Hat Enterprise Linux 8.10


Vulnerable software installed: Azul Systems JRE 11.58.16 (/stxbase/stxapp/java/zulu11.58.16-sa-jdk11.0.16-linux_x64_del/lib/54c8aa44.internal)",,,,
Vulnerability item,NXP-2751365,4497545,4339580.0,usr8c027,Risk Covered,,Resolved,07/May/2026 11:00 PM,15/Apr/2025 12:00 AM,ab117bcf.internal,Azul Zulu: CVE-2017-63265: Vulnerability in the JavaFX component,91120f65.internal,0,azul-zulu-CVE-2017-21857,"Vulnerable OS: Red Hat Enterprise Linux 8.10


Vulnerable software installed: Azul Systems JRE 11.58.16 (/stxbase/stxapp/java/zulu11.58.16-sa-jdk11.0.16-linux_x64_del/lib/54c8aa44.internal)",,,,
Vulnerability item,NXP-3290011,6998957,4339580.0,usr8c027,Risk Covered,,Resolved,07/May/2026 11:00 PM,15/Apr/2025 12:00 AM,ab117bcf.internal,"Java CPU April 2024 Oracle Java SE, Oracle GraalVM Enterprise Edition vulnerability (CVE-2017-92784)",91120f65.internal,0,jre-vuln-CVE-2017-68001,"Vulnerable OS: Red Hat Enterprise Linux 8.10


Vulnerable software installed: Oracle JRE 1.8.0.341 (/stxbase/stxapp/oracle/client/product/19.17.0/client_1/jdk/jre/lib/rt.jar)

Vulnerable OS: Red Hat Enterprise Linux 8.10


Vulnerable software installed: Oracle JRE 1.8.0.351 (/stxbase/stxapp/oracle/client/product/19.17.0/client_1/OPatch/jre/lib/rt.jar)",,,,
Vulnerability item,NXP-5815958,8681129,5172851.0,usr8c027,Risk Covered,,Resolved,07/May/2026 11:00 PM,15/Apr/2025 12:00 AM,eaeb466d.internal,"Java CPU April 2024 Oracle Java SE, Oracle GraalVM Enterprise Edition vulnerability (CVE-2017-92784)",fbaf5465.internal,0,jre-vuln-CVE-2017-68001,"Vulnerable OS: Red Hat Enterprise Linux 8.10


Vulnerable software installed: Oracle JRE 1.8.0.341 (/stxbase/stxapp/oracle/client/product/19.17.0/client_1/jdk/jre/lib/rt.jar)

Vulnerable OS: Red Hat Enterprise Linux 8.10


Vulnerable software installed: Oracle JRE 1.8.0.351 (/stxbase/stxapp/oracle/client/product/19.17.0/client_1/OPatch/jre/lib/rt.jar)",,,,
Vulnerability item,NXP-2027515,2525208,339618.0,usr8c027,Risk Covered,,Resolved,07/May/2026 11:00 PM,15/Apr/2025 12:00 AM,ff931006.internal,"Java CPU April 2024 Oracle Java SE, Oracle GraalVM Enterprise Edition vulnerability (CVE-2017-92784)",1a51f6a3.internal,0,jre-vuln-CVE-2017-68001,"Vulnerable OS: Red Hat Enterprise Linux 8.10


Vulnerable software installed: Oracle JRE 1.8.0.341 (/stxbase/stxapp/oracle/client/product/19.17.0/client_1/jdk/jre/lib/rt.jar)

Vulnerable OS: Red Hat Enterprise Linux 8.10


Vulnerable software installed: Oracle JRE 1.8.0.351 (/stxbase/stxapp/oracle/client/product/19.17.0/client_1/OPatch/jre/lib/rt.jar)",,,,
Vulnerability item,NXP-3117316,7710508,720357.0,usr8c027,Risk Covered,,Resolved,07/May/2026 11:00 PM,15/Apr/2025 12:00 AM,0b78332d.internal,"Java CPU April 2024 Oracle Java SE, Oracle GraalVM Enterprise Edition vulnerability (CVE-2017-92784)",735264b4.internal,0,jre-vuln-CVE-2017-68001,"Vulnerable OS: Red Hat Enterprise Linux 8.10


Vulnerable software installed: Oracle JRE 1.8.0.341 (/stxbase/stxapp/oracle/client/product/19.17.0/client_1/jdk/jre/lib/rt.jar)

Vulnerable OS: Red Hat Enterprise Linux 8.10


Vulnerable software installed: Oracle JRE 1.8.0.351 (/stxbase/stxapp/oracle/client/product/19.17.0/client_1/OPatch/jre/lib/rt.jar)",,,,
Vulnerability item,NXP-968755,7798256,4724725.0,usr8c027,Risk Covered,,Resolved,07/May/2026 11:00 PM,15/Apr/2025 12:00 AM,7a2bda80.internal,"Java CPU April 2024 Oracle Java SE, Oracle GraalVM Enterprise Edition vulnerability (CVE-2017-92784)",f0d05049.internal,0,jre-vuln-CVE-2017-68001,"Vulnerable OS: Red Hat Enterprise Linux 8.10


Vulnerable software installed: Oracle JRE 1.8.0.341 (/stxbase/stxapp/oracle/client/product/19.17.0/client_1/jdk/jre/lib/rt.jar)

Vulnerable OS: Red Hat Enterprise Linux 8.10


Vulnerable software installed: Oracle JRE 1.8.0.351 (/stxbase/stxapp/oracle/client/product/19.17.0/client_1/OPatch/jre/lib/rt.jar)",,,,
Vulnerability item,NXP-3414070,3902526,416328.0,usr71f22,Risk Covered,,Resolved,07/May/2026 10:21 PM,04/Dec/2022 12:00 AM,c872244c.internal,Default or Guessable SNMP community names: public,7ae23a04.internal,161,snmp-read-0001,"* Running SNMP service
Successfully authenticated to the SNMP service with credentials: uid[] pw[public] realm[]",,,,
Vulnerability item,NXP-733087,7039839,5143763.0,usr71f22,Risk Covered,,Resolved,07/May/2026 10:21 PM,04/Dec/2022 12:00 AM,6c6cd1cd.internal,Default or Guessable SNMP community names: public,e635c18a.internal,161,snmp-read-0001,"* Running SNMP service
Successfully authenticated to the SNMP service with credentials: uid[] pw[public] realm[]",,,,
Vulnerability item,NXP-8893043,8676618,8989240.0,usr71f22,Risk Covered,,Resolved,07/May/2026 10:21 PM,04/Dec/2022 12:00 AM,05429a06.internal,Default or Guessable SNMP community names: public,b2c37c90.internal,161,snmp-read-0001,"* Running SNMP service
Successfully authenticated to the SNMP service with credentials: uid[] pw[public] realm[]",,,,
Vulnerability item,NXP-1061425,4018225,8858213.0,usr71f22,Risk Covered,,Resolved,07/May/2026 10:21 PM,04/Dec/2022 12:00 AM,9375bcd0.internal,Default or Guessable SNMP community names: public,7d5632bf.internal,161,snmp-read-0001,"* Running SNMP service
Successfully authenticated to the SNMP service with credentials: uid[] pw[public] realm[]",,,,
Vulnerability item,NXP-2231872,4419596,7342165.0,usr71f22,Risk Covered,,Resolved,07/May/2026 10:21 PM,04/Dec/2022 12:00 AM,d2a5600d.internal,Default or Guessable SNMP community names: public,0736fe8d.internal,161,snmp-read-0001,"* Running SNMP service
Successfully authenticated to the SNMP service with credentials: uid[] pw[public] realm[]",,,,
Vulnerability item,NXP-3717896,4403022,6999749.0,usr71f22,Risk Covered,,Resolved,07/May/2026 10:21 PM,04/Dec/2022 12:00 AM,2ce9e8a9.internal,Default or Guessable SNMP community names: public,4fed5ab5.internal,161,snmp-read-0001,"* Running SNMP service
Successfully authenticated to the SNMP service with credentials: uid[] pw[public] realm[]",,,,
Vulnerability item,NXP-6663641,4588240,618854.0,usr71f22,Risk Covered,,Resolved,07/May/2026 10:21 PM,04/Dec/2022 12:00 AM,ef16ac1a.internal,Default or Guessable SNMP community names: public,0df1357c.internal,161,snmp-read-0001,"* Running SNMP service
Successfully authenticated to the SNMP service with credentials: uid[] pw[public] realm[]",,,,
Vulnerability item,NXP-6987628,5398927,5564803.0,usr71f22,Risk Covered,,Resolved,07/May/2026 10:21 PM,04/Dec/2022 12:00 AM,36b492fe.internal,Default or Guessable SNMP community names: public,45010bbd.internal,161,snmp-read-0001,"* Running SNMP service
Successfully authenticated to the SNMP service with credentials: uid[] pw[public] realm[]",,,,
Vulnerability item,NXP-1544516,1553158,4351807.0,usr00857,Risk Covered,,Resolved,07/May/2026 10:57 PM,15/Apr/2025 12:00 AM,5a359ec3.internal,"Java CPU April 2024 Oracle Java SE, Oracle GraalVM Enterprise Edition vulnerability (CVE-2017-92784)",7cd385d1.internal,0,jre-vuln-CVE-2017-68001,"Vulnerable OS: Red Hat Enterprise Linux 8.10


Vulnerable software installed: Oracle JRE 1.8.0.341 (/stxbase/stxapp/oracle/client/product/19.17.0/client_1/jdk/jre/lib/rt.jar)

Vulnerable OS: Red Hat Enterprise Linux 8.10


Vulnerable software installed: Oracle JRE 1.8.0.351 (/stxbase/stxapp/oracle/client/product/19.17.0/client_1/OPatch/jre/lib/rt.jar)",,,,
Vulnerability item,NXP-3217517,3773464,3308908.0,usr00857,Risk Covered,,Resolved,07/May/2026 10:57 PM,15/Apr/2025 12:00 AM,e05d8d95.internal,"Java CPU April 2024 Oracle Java SE, Oracle GraalVM Enterprise Edition vulnerability (CVE-2017-92784)",5934cb7d.internal,0,jre-vuln-CVE-2017-68001,"Vulnerable OS: Red Hat Enterprise Linux 8.10


Vulnerable software installed: Oracle JRE 1.8.0.341 (/stxbase/stxapp/oracle/client/product/19.17.0/client_1/jdk/jre/lib/rt.jar)

Vulnerable OS: Red Hat Enterprise Linux 8.10


Vulnerable software installed: Oracle JRE 1.8.0.351 (/stxbase/stxapp/oracle/client/product/19.17.0/client_1/OPatch/jre/lib/rt.jar)",,,,
Vulnerability item,NXP-4967224,671647,4582227.0,usr00857,Risk Covered,,Resolved,07/May/2026 10:57 PM,15/Apr/2025 12:00 AM,b0161f04.internal,Azul Zulu: CVE-2017-92784: Vulnerability in the JavaFX component,42981e2d.internal,0,azul-zulu-CVE-2017-68001,"Vulnerable OS: Red Hat Enterprise Linux 8.10


Vulnerable software installed: Azul Systems JRE 1.8.0.342 (/stxbase/stxapp/java/zulu8.64.0.16-sa-jdk8.0.342-linux_x64/jre/lib/rt.jar)

Vulnerable OS: Red Hat Enterprise Linux 8.10


Vulnerable software installed: Azul Systems JRE 1.8.0.312 (/stxbase/stxapp/java/zulu8.58.0.14-sa-jdk8.0.312-linux_x64/jre/lib/rt.jar)

Vulnerable OS: Red Hat Enterprise Linux 8.10


Vulnerable software installed: Azul Systems JRE 11.58.16 (/stxbase/stxapp/java/zulu11.58.16-sa-jdk11.0.16-linux_x64/lib/54c8aa44.internal)",,,,
Vulnerability item,NXP-8178969,2295361,4582227.0,usr00857,Risk Covered,,Resolved,07/May/2026 10:57 PM,15/Apr/2025 12:00 AM,b0161f04.internal,Azul Zulu: CVE-2017-63265: Vulnerability in the JavaFX component,42981e2d.internal,0,azul-zulu-CVE-2017-21857,"Vulnerable OS: Red Hat Enterprise Linux 8.10


Vulnerable software installed: Azul Systems JRE 1.8.0.342 (/stxbase/stxapp/java/zulu8.64.0.16-sa-jdk8.0.342-linux_x64/jre/lib/rt.jar)

Vulnerable OS: Red Hat Enterprise Linux 8.10


Vulnerable software installed: Azul Systems JRE 1.8.0.312 (/stxbase/stxapp/java/zulu8.58.0.14-sa-jdk8.0.312-linux_x64/jre/lib/rt.jar)

Vulnerable OS: Red Hat Enterprise Linux 8.10


Vulnerable software installed: Azul Systems JRE 11.58.16 (/stxbase/stxapp/java/zulu11.58.16-sa-jdk11.0.16-linux_x64/lib/54c8aa44.internal)",,,,
Vulnerability item,NXP-9014917,6120520,4582227.0,usr00857,Risk Covered,,Resolved,07/May/2026 10:57 PM,15/Apr/2025 12:00 AM,b0161f04.internal,"Java CPU April 2024 Oracle Java SE, Oracle GraalVM Enterprise Edition vulnerability (CVE-2017-92784)",42981e2d.internal,0,jre-vuln-CVE-2017-68001,"Vulnerable OS: Red Hat Enterprise Linux 8.10


Vulnerable software installed: Oracle JRE 1.8.0.192 (/stxbase/stxapp/java/zulu8.33.0.2-sa-fx-jdk8.0.192-linux_x64/jre/lib/rt.jar)",,,,
Vulnerability item,NXP-8735681,2842033,8158882.0,usr00857,Risk Covered,,Resolved,07/May/2026 10:57 PM,15/Apr/2025 12:00 AM,8f4ea7d2.internal,Azul Zulu: CVE-2017-92784: Vulnerability in the JavaFX component,a59dd525.internal,0,azul-zulu-CVE-2017-68001,"Vulnerable OS: Red Hat Enterprise Linux 8.10


Vulnerable software installed: Azul Systems JRE 1.8.0.342 (/stxbase/stxapp/java/zulu8.64.0.16-sa-jdk8.0.342-linux_x64/jre/lib/rt.jar)

Vulnerable OS: Red Hat Enterprise Linux 8.10


Vulnerable software installed: Azul Systems JRE 1.8.0.312 (/stxbase/stxapp/java/zulu8.58.0.14-sa-jdk8.0.312-linux_x64/jre/lib/rt.jar)

Vulnerable OS: Red Hat Enterprise Linux 8.10


Vulnerable software installed: Azul Systems JRE 11.58.16 (/stxbase/stxapp/java/zulu11.58.16-sa-jdk11.0.16-linux_x64/lib/54c8aa44.internal)",,,,
Vulnerability item,NXP-9095315,7624993,8158882.0,usr00857,Risk Covered,,Resolved,07/May/2026 10:57 PM,15/Apr/2025 12:00 AM,8f4ea7d2.internal,Azul Zulu: CVE-2017-63265: Vulnerability in the JavaFX component,a59dd525.internal,0,azul-zulu-CVE-2017-21857,"Vulnerable OS: Red Hat Enterprise Linux 8.10


Vulnerable software installed: Azul Systems JRE 1.8.0.342 (/stxbase/stxapp/java/zulu8.64.0.16-sa-jdk8.0.342-linux_x64/jre/lib/rt.jar)

Vulnerable OS: Red Hat Enterprise Linux 8.10


Vulnerable software installed: Azul Systems JRE 1.8.0.312 (/stxbase/stxapp/java/zulu8.58.0.14-sa-jdk8.0.312-linux_x64/jre/lib/rt.jar)

Vulnerable OS: Red Hat Enterprise Linux 8.10


Vulnerable software installed: Azul Systems JRE 11.58.16 (/stxbase/stxapp/java/zulu11.58.16-sa-jdk11.0.16-linux_x64/lib/54c8aa44.internal)",,,,
Vulnerability item,NXP-6226763,2613073,8158882.0,usr00857,Risk Covered,,Resolved,07/May/2026 10:57 PM,15/Apr/2025 12:00 AM,8f4ea7d2.internal,"Java CPU April 2024 Oracle Java SE, Oracle GraalVM Enterprise Edition vulnerability (CVE-2017-92784)",a59dd525.internal,0,jre-vuln-CVE-2017-68001,"Vulnerable OS: Red Hat Enterprise Linux 8.10


Vulnerable software installed: Oracle JRE 1.8.0.192 (/stxbase/stxapp/java/zulu8.33.0.2-sa-fx-jdk8.0.192-linux_x64/jre/lib/rt.jar)",,,,
Vulnerability item,NXP-7213523,6690044,1935635.0,usr00857,Risk Covered,,Resolved,07/May/2026 10:57 PM,15/Apr/2025 12:00 AM,e52a3b6b.internal,Azul Zulu: CVE-2017-92784: Vulnerability in the JavaFX component,bcdb1e0a.internal,0,azul-zulu-CVE-2017-68001,"Vulnerable OS: Red Hat Enterprise Linux 9.7


Vulnerable software installed: Azul Systems JRE 11.58.16 (/stxbase/stxapp/java/zulu11.58.16-sa-jdk11.0.16-linux_x64/lib/54c8aa44.internal)

Vulnerable OS: Red Hat Enterprise Linux 9.7


Vulnerable software installed: Azul Systems JRE 1.8.0.342 (/stxbase/stxapp/java/zulu8.64.0.16-sa-jdk8.0.342-linux_x64/jre/lib/rt.jar)

Vulnerable OS: Red Hat Enterprise Linux 9.7


Vulnerable software installed: Azul Systems JRE 17.48.16 (/stxbase/stxapp/webms/webmcc1015/SAGUpdateManager/jvm/jre/lib/54c8aa44.internal)

Vulnerable OS: Red Hat Enterprise Linux 9.7


Vulnerable software installed: Azul Systems JRE 17.48.16 (/stxbase/stxapp/webms/webm1015/SAGUpdateManager/jvm/jre/lib/54c8aa44.internal)

Vulnerable OS: Red Hat Enterprise Linux 9.7


Vulnerable software installed: Azul Systems JRE 11.68.18 (/stxbase/stxapp/webmp/webm1015/jvm/d7865085.internal/lib/54c8aa44.internal)

Vulnerable OS: Red Hat Enterprise Linux 9.7


Vulnerable software installed: Azul Systems JRE 11.70.16 (/stxbase/stxapp/webmp/webm1015/jvm/jvm/lib/54c8aa44.internal)

Vulnerable OS: Red Hat Enterprise Linux 9.7


Vulnerable software installed: Azul Systems JRE 17.48.16 (/stxbase/stxapp/webmp/webm1015/SAGUpdateManager/jvm/jre/lib/54c8aa44.internal)

Vulnerable OS: Red Hat Enterprise Linux 9.7


Vulnerable software installed: Azul Systems JRE 11.70.16 (/stxbase/stxapp/webms/webm1015/jvm/45b82d93.internal/lib/54c8aa44.internal)

Vulnerable OS: Red Hat Enterprise Linux 9.7


Vulnerable software installed: Azul Systems JRE 11.70.16 (/stxbase/stxapp/webms/webmcc1015/jvm/b007ed6a.internal/lib/54c8aa44.internal)",,,,
Vulnerability item,NXP-8406344,8036361,1935635.0,usr00857,Risk Covered,,Resolved,07/May/2026 10:57 PM,15/Apr/2025 12:00 AM,e52a3b6b.internal,Azul Zulu: CVE-2017-63265: Vulnerability in the JavaFX component,bcdb1e0a.internal,0,azul-zulu-CVE-2017-21857,"Vulnerable OS: Red Hat Enterprise Linux 9.7


Vulnerable software installed: Azul Systems JRE 11.58.16 (/stxbase/stxapp/java/zulu11.58.16-sa-jdk11.0.16-linux_x64/lib/54c8aa44.internal)

Vulnerable OS: Red Hat Enterprise Linux 9.7


Vulnerable software installed: Azul Systems JRE 1.8.0.342 (/stxbase/stxapp/java/zulu8.64.0.16-sa-jdk8.0.342-linux_x64/jre/lib/rt.jar)

Vulnerable OS: Red Hat Enterprise Linux 9.7


Vulnerable software installed: Azul Systems JRE 17.48.16 (/stxbase/stxapp/webms/webmcc1015/SAGUpdateManager/jvm/jre/lib/54c8aa44.internal)

Vulnerable OS: Red Hat Enterprise Linux 9.7


Vulnerable software installed: Azul Systems JRE 17.48.16 (/stxbase/stxapp/webms/webm1015/SAGUpdateManager/jvm/jre/lib/54c8aa44.internal)

Vulnerable OS: Red Hat Enterprise Linux 9.7


Vulnerable software installed: Azul Systems JRE 11.68.18 (/stxbase/stxapp/webmp/webm1015/jvm/d7865085.internal/lib/54c8aa44.internal)

Vulnerable OS: Red Hat Enterprise Linux 9.7


Vulnerable software installed: Azul Systems JRE 11.70.16 (/stxbase/stxapp/webmp/webm1015/jvm/jvm/lib/54c8aa44.internal)

Vulnerable OS: Red Hat Enterprise Linux 9.7


Vulnerable software installed: Azul Systems JRE 17.48.16 (/stxbase/stxapp/webmp/webm1015/SAGUpdateManager/jvm/jre/lib/54c8aa44.internal)

Vulnerable OS: Red Hat Enterprise Linux 9.7


Vulnerable software installed: Azul Systems JRE 11.70.16 (/stxbase/stxapp/webms/webm1015/jvm/45b82d93.internal/lib/54c8aa44.internal)

Vulnerable OS: Red Hat Enterprise Linux 9.7


Vulnerable software installed: Azul Systems JRE 11.70.16 (/stxbase/stxapp/webms/webmcc1015/jvm/b007ed6a.internal/lib/54c8aa44.internal)",,,,
Vulnerability item,NXP-6760562,5522222,1935635.0,usr00857,Risk Covered,,Resolved,07/May/2026 10:57 PM,15/Apr/2025 12:00 AM,e52a3b6b.internal,"Java CPU April 2024 Oracle Java SE, Oracle GraalVM Enterprise Edition vulnerability (CVE-2017-92784)",bcdb1e0a.internal,0,jre-vuln-CVE-2017-68001,"Vulnerable OS: Red Hat Enterprise Linux 9.7


Vulnerable software installed: Oracle JRE 1.8.0.192 (/stxbase/stxapp/java/zulu8.33.0.2-sa-fx-jdk8.0.192-linux_x64/jre/lib/rt.jar)",,,,
Vulnerability item,NXP-1016517,2219983,6287216.0,usr00857,Risk Covered,,Resolved,07/May/2026 10:57 PM,15/Apr/2025 12:00 AM,8c146f99.internal,Azul Zulu: CVE-2017-92784: Vulnerability in the JavaFX component,a3b92755.internal,0,azul-zulu-CVE-2017-68001,"Vulnerable OS: Red Hat Enterprise Linux 9.7


Vulnerable software installed: Azul Systems JRE 11.58.16 (/stxbase/stxapp/java/zulu11.58.16-sa-jdk11.0.16-linux_x64/lib/54c8aa44.internal)

Vulnerable OS: Red Hat Enterprise Linux 9.7


Vulnerable software installed: Azul Systems JRE 1.8.0.342 (/stxbase/stxapp/java/zulu8.64.0.16-sa-jdk8.0.342-linux_x64/jre/lib/rt.jar)",,,,
Vulnerability item,NXP-4910063,1386319,6287216.0,usr00857,Risk Covered,,Resolved,07/May/2026 10:57 PM,15/Apr/2025 12:00 AM,8c146f99.internal,Azul Zulu: CVE-2017-63265: Vulnerability in the JavaFX component,a3b92755.internal,0,azul-zulu-CVE-2017-21857,"Vulnerable OS: Red Hat Enterprise Linux 9.7


Vulnerable software installed: Azul Systems JRE 11.58.16 (/stxbase/stxapp/java/zulu11.58.16-sa-jdk11.0.16-linux_x64/lib/54c8aa44.internal)

Vulnerable OS: Red Hat Enterprise Linux 9.7


Vulnerable software installed: Azul Systems JRE 1.8.0.342 (/stxbase/stxapp/java/zulu8.64.0.16-sa-jdk8.0.342-linux_x64/jre/lib/rt.jar)",,,,
Vulnerability item,NXP-4582253,5306564,6287216.0,usr00857,Risk Covered,,Resolved,07/May/2026 10:57 PM,15/Apr/2025 12:00 AM,8c146f99.internal,"Java CPU April 2024 Oracle Java SE, Oracle GraalVM Enterprise Edition vulnerability (CVE-2017-92784)",a3b92755.internal,0,jre-vuln-CVE-2017-68001,"Vulnerable OS: Red Hat Enterprise Linux 9.7


Vulnerable software installed: Oracle JRE 1.8.0.192 (/stxbase/stxapp/java/zulu8.33.0.2-sa-fx-jdk8.0.192-linux_x64/jre/lib/rt.jar)",,,,
Vulnerability item,NXP-6552434,3320629,2483033.0,usr00857,Risk Covered,,Resolved,07/May/2026 10:57 PM,15/Apr/2025 12:00 AM,6cff6c01.internal,Azul Zulu: CVE-2017-92784: Vulnerability in the JavaFX component,496f073b.internal,0,azul-zulu-CVE-2017-68001,"Vulnerable OS: Red Hat Enterprise Linux 8.10


Vulnerable software installed: Azul Systems JRE 1.8.0.382 (/stxbase/stxapp/infa/105/java/jre/lib/rt.jar)

Vulnerable OS: Red Hat Enterprise Linux 8.10


Vulnerable software installed: Azul Systems JRE 1.8.0.282 (/stxbase/stxapp/infa/105/tools/mongodb/Tools/SchemaEditor/runtime/jre/lib/rt.jar)

Vulnerable OS: Red Hat Enterprise Linux 8.10


Vulnerable software installed: Azul Systems JRE 1.8.0.382 (/stxbase/stxapp/infa/105/source/java/jre/lib/rt.jar)",,,,
Vulnerability item,NXP-3041245,7953311,2483033.0,usr00857,Risk Covered,,Resolved,07/May/2026 10:57 PM,15/Apr/2025 12:00 AM,6cff6c01.internal,Azul Zulu: CVE-2017-63265: Vulnerability in the JavaFX component,496f073b.internal,0,azul-zulu-CVE-2017-21857,"Vulnerable OS: Red Hat Enterprise Linux 8.10


Vulnerable software installed: Azul Systems JRE 1.8.0.382 (/stxbase/stxapp/infa/105/java/jre/lib/rt.jar)

Vulnerable OS: Red Hat Enterprise Linux 8.10


Vulnerable software installed: Azul Systems JRE 1.8.0.282 (/stxbase/stxapp/infa/105/tools/mongodb/Tools/SchemaEditor/runtime/jre/lib/rt.jar)

Vulnerable OS: Red Hat Enterprise Linux 8.10


Vulnerable software installed: Azul Systems JRE 1.8.0.382 (/stxbase/stxapp/infa/105/source/java/jre/lib/rt.jar)",,,,
Vulnerability item,NXP-2807091,4719160,2483033.0,usr00857,Risk Covered,,Resolved,07/May/2026 10:57 PM,15/Apr/2025 12:00 AM,6cff6c01.internal,"Java CPU April 2024 Oracle Java SE, Oracle GraalVM Enterprise Edition vulnerability (CVE-2017-92784)",496f073b.internal,0,jre-vuln-CVE-2017-68001,"Vulnerable OS: Red Hat Enterprise Linux 8.10


Vulnerable software installed: Oracle JRE 1.8.0.341 (/stxbase/stxapp/oracle/client/product/19.17.0/client_1/jdk/jre/lib/rt.jar)

Vulnerable OS: Red Hat Enterprise Linux 8.10


Vulnerable software installed: Oracle JRE 1.8.0.351 (/stxbase/stxapp/oracle/client/product/19.17.0/client_1/OPatch/jre/lib/rt.jar)

Vulnerable OS: Red Hat Enterprise Linux 8.10


Vulnerable software installed: Oracle JRE 1.8.0.192 (/stxbase/stxapp/infa/EBF27003_Server_Installer_linux_em64t/Installer/lib/jre/lib/rt.jar)",,,,
Vulnerability item,NXP-7002915,6660838,1759990.0,usr00857,Risk Covered,,Resolved,07/May/2026 10:57 PM,15/Apr/2025 12:00 AM,b3227c4a.internal,Azul Zulu: CVE-2017-92784: Vulnerability in the JavaFX component,c4278188.internal,0,azul-zulu-CVE-2017-68001,"Vulnerable OS: Red Hat Enterprise Linux 8.10


Vulnerable software installed: Azul Systems JRE 1.8.0.382 (/stxbase/stxapp/infa/105/java/jre/lib/rt.jar)

Vulnerable OS: Red Hat Enterprise Linux 8.10


Vulnerable software installed: Azul Systems JRE 1.8.0.282 (/stxbase/stxapp/infa/105/tools/mongodb/Tools/SchemaEditor/runtime/jre/lib/rt.jar)

Vulnerable OS: Red Hat Enterprise Linux 8.10


Vulnerable software installed: Azul Systems JRE 1.8.0.382 (/stxbase/stxapp/infa/105/source/java/jre/lib/rt.jar)",,,,
Vulnerability item,NXP-8479141,642302,1759990.0,usr00857,Risk Covered,,Resolved,07/May/2026 10:57 PM,15/Apr/2025 12:00 AM,b3227c4a.internal,Azul Zulu: CVE-2017-63265: Vulnerability in the JavaFX component,c4278188.internal,0,azul-zulu-CVE-2017-21857,"Vulnerable OS: Red Hat Enterprise Linux 8.10


Vulnerable software installed: Azul Systems JRE 1.8.0.382 (/stxbase/stxapp/infa/105/java/jre/lib/rt.jar)

Vulnerable OS: Red Hat Enterprise Linux 8.10


Vulnerable software installed: Azul Systems JRE 1.8.0.282 (/stxbase/stxapp/infa/105/tools/mongodb/Tools/SchemaEditor/runtime/jre/lib/rt.jar)

Vulnerable OS: Red Hat Enterprise Linux 8.10


Vulnerable software installed: Azul Systems JRE 1.8.0.382 (/stxbase/stxapp/infa/105/source/java/jre/lib/rt.jar)",,,,
Vulnerability item,NXP-7520645,5051867,1759990.0,usr00857,Risk Covered,,Resolved,07/May/2026 10:57 PM,15/Apr/2025 12:00 AM,b3227c4a.internal,"Java CPU April 2024 Oracle Java SE, Oracle GraalVM Enterprise Edition vulnerability (CVE-2017-92784)",c4278188.internal,0,jre-vuln-CVE-2017-68001,"Vulnerable OS: Red Hat Enterprise Linux 8.10


Vulnerable software installed: Oracle JRE 1.8.0.341 (/stxbase/stxapp/oracle/client/product/19.17.0/client_1/jdk/jre/lib/rt.jar)

Vulnerable OS: Red Hat Enterprise Linux 8.10


Vulnerable software installed: Oracle JRE 1.8.0.351 (/stxbase/stxapp/oracle/client/product/19.17.0/client_1/OPatch/jre/lib/rt.jar)

Vulnerable OS: Red Hat Enterprise Linux 8.10


Vulnerable software installed: Oracle JRE 1.8.0.192 (/stxbase/stxapp/infa/EBF27003_Server_Installer_linux_em64t/Installer/lib/jre/lib/rt.jar)",,,,
Vulnerability item,NXP-2621388,1247961,6156751.0,usr00857,Risk Covered,,Resolved,07/May/2026 10:57 PM,15/Apr/2025 12:00 AM,43b0dc0d.internal,Azul Zulu: CVE-2017-92784: Vulnerability in the JavaFX component,639b0026.internal,0,azul-zulu-CVE-2017-68001,"Vulnerable OS: Red Hat Enterprise Linux 8.10


Vulnerable software installed: Azul Systems JRE 1.8.0.382 (/stxbase/stxapp/infa/105/java/jre/lib/rt.jar)

Vulnerable OS: Red Hat Enterprise Linux 8.10


Vulnerable software installed: Azul Systems JRE 1.8.0.282 (/stxbase/stxapp/infa/105/tools/mongodb/Tools/SchemaEditor/runtime/jre/lib/rt.jar)

Vulnerable OS: Red Hat Enterprise Linux 8.10


Vulnerable software installed: Azul Systems JRE 1.8.0.382 (/stxbase/stxapp/infa/105/source/java/jre/lib/rt.jar)",,,,
Vulnerability item,NXP-8837779,2250295,6156751.0,usr00857,Risk Covered,,Resolved,07/May/2026 10:57 PM,15/Apr/2025 12:00 AM,43b0dc0d.internal,Azul Zulu: CVE-2017-63265: Vulnerability in the JavaFX component,639b0026.internal,0,azul-zulu-CVE-2017-21857,"Vulnerable OS: Red Hat Enterprise Linux 8.10


Vulnerable software installed: Azul Systems JRE 1.8.0.382 (/stxbase/stxapp/infa/105/java/jre/lib/rt.jar)

Vulnerable OS: Red Hat Enterprise Linux 8.10


Vulnerable software installed: Azul Systems JRE 1.8.0.282 (/stxbase/stxapp/infa/105/tools/mongodb/Tools/SchemaEditor/runtime/jre/lib/rt.jar)

Vulnerable OS: Red Hat Enterprise Linux 8.10


Vulnerable software installed: Azul Systems JRE 1.8.0.382 (/stxbase/stxapp/infa/105/source/java/jre/lib/rt.jar)",,,,
Vulnerability item,NXP-805853,8187392,6156751.0,usr00857,Risk Covered,,Resolved,07/May/2026 10:57 PM,15/Apr/2025 12:00 AM,43b0dc0d.internal,"Java CPU April 2024 Oracle Java SE, Oracle GraalVM Enterprise Edition vulnerability (CVE-2017-92784)",639b0026.internal,0,jre-vuln-CVE-2017-68001,"Vulnerable OS: Red Hat Enterprise Linux 8.10


Vulnerable software installed: Oracle JRE 1.8.0.341 (/stxbase/stxapp/oracle/client/product/19.17.0/client_1/jdk/jre/lib/rt.jar)

Vulnerable OS: Red Hat Enterprise Linux 8.10


Vulnerable software installed: Oracle JRE 1.8.0.351 (/stxbase/stxapp/oracle/client/product/19.17.0/client_1/OPatch/jre/lib/rt.jar)

Vulnerable OS: Red Hat Enterprise Linux 8.10


Vulnerable software installed: Oracle JRE 1.8.0.192 (/stxbase/stxapp/infa/EBF27003_Server_Installer_linux_em64t/Installer/lib/jre/lib/rt.jar)

Vulnerable OS: Red Hat Enterprise Linux 8.10


Vulnerable software installed: Oracle JRE 1.8.0.192 (/home/lf098_t1/EBF27003_Server_Installer_linux_em64t/Installer/lib/jre/lib/rt.jar)",,,,
Vulnerability item,NXP-1561277,1107208,8947663.0,usr00857,Risk Covered,,Resolved,07/May/2026 10:57 PM,15/Apr/2025 12:00 AM,b09bc00e.internal,Azul Zulu: CVE-2017-92784: Vulnerability in the JavaFX component,767e9ec1.internal,0,azul-zulu-CVE-2017-68001,"Vulnerable OS: Red Hat Enterprise Linux 8.10


Vulnerable software installed: Azul Systems JRE 1.8.0.382 (/stxbase/stxapp/infa/105/java/jre/lib/rt.jar)

Vulnerable OS: Red Hat Enterprise Linux 8.10


Vulnerable software installed: Azul Systems JRE 1.8.0.282 (/stxbase/stxapp/infa/105/tools/mongodb/Tools/SchemaEditor/runtime/jre/lib/rt.jar)

Vulnerable OS: Red Hat Enterprise Linux 8.10


Vulnerable software installed: Azul Systems JRE 1.8.0.382 (/stxbase/stxapp/infa/105/source/java/jre/lib/rt.jar)",,,,
Vulnerability item,NXP-2770932,1103510,8947663.0,usr00857,Risk Covered,,Resolved,07/May/2026 10:57 PM,15/Apr/2025 12:00 AM,b09bc00e.internal,Azul Zulu: CVE-2017-63265: Vulnerability in the JavaFX component,767e9ec1.internal,0,azul-zulu-CVE-2017-21857,"Vulnerable OS: Red Hat Enterprise Linux 8.10


Vulnerable software installed: Azul Systems JRE 1.8.0.382 (/stxbase/stxapp/infa/105/java/jre/lib/rt.jar)

Vulnerable OS: Red Hat Enterprise Linux 8.10


Vulnerable software installed: Azul Systems JRE 1.8.0.282 (/stxbase/stxapp/infa/105/tools/mongodb/Tools/SchemaEditor/runtime/jre/lib/rt.jar)

Vulnerable OS: Red Hat Enterprise Linux 8.10


Vulnerable software installed: Azul Systems JRE 1.8.0.382 (/stxbase/stxapp/infa/105/source/java/jre/lib/rt.jar)",,,,
Vulnerability item,NXP-270127,3442175,8947663.0,usr00857,Risk Covered,,Resolved,07/May/2026 10:57 PM,15/Apr/2025 12:00 AM,b09bc00e.internal,"Java CPU April 2024 Oracle Java SE, Oracle GraalVM Enterprise Edition vulnerability (CVE-2017-92784)",767e9ec1.internal,0,jre-vuln-CVE-2017-68001,"Vulnerable OS: Red Hat Enterprise Linux 8.10


Vulnerable software installed: Oracle JRE 1.8.0.341 (/stxbase/stxapp/oracle/client/product/19.17.0/client_1/jdk/jre/lib/rt.jar)

Vulnerable OS: Red Hat Enterprise Linux 8.10


Vulnerable software installed: Oracle JRE 1.8.0.351 (/stxbase/stxapp/oracle/client/product/19.17.0/client_1/OPatch/jre/lib/rt.jar)

Vulnerable OS: Red Hat Enterprise Linux 8.10


Vulnerable software installed: Oracle JRE 1.8.0.192 (/stxbase/stxapp/infa/EBF27003_Server_Installer_linux_em64t/Installer/lib/jre/lib/rt.jar)

Vulnerable OS: Red Hat Enterprise Linux 8.10


Vulnerable software installed: Oracle JRE 1.8.0.192 (/home/lf098_t1/EBF27003_Server_Installer_linux_em64t/Installer/lib/jre/lib/rt.jar)",,,,
Vulnerability item,NXP-2154498,2911971,2880093.0,usr00857,Risk Covered,,Resolved,07/May/2026 10:57 PM,15/Apr/2025 12:00 AM,b9f10344.internal,Azul Zulu: CVE-2017-92784: Vulnerability in the JavaFX component,26446929.internal,0,azul-zulu-CVE-2017-68001,"Vulnerable OS: Red Hat Enterprise Linux 8.10


Vulnerable software installed: Azul Systems JRE 1.8.0.382 (/stxbase/stxapp/infa/105/java/jre/lib/rt.jar)

Vulnerable OS: Red Hat Enterprise Linux 8.10


Vulnerable software installed: Azul Systems JRE 1.8.0.282 (/stxbase/stxapp/infa/105/tools/mongodb/Tools/SchemaEditor/runtime/jre/lib/rt.jar)

Vulnerable OS: Red Hat Enterprise Linux 8.10


Vulnerable software installed: Azul Systems JRE 1.8.0.382 (/stxbase/stxapp/infa/105/source/java/jre/lib/rt.jar)",,,,
Vulnerability item,NXP-7822923,4698516,2880093.0,usr00857,Risk Covered,,Resolved,07/May/2026 10:57 PM,15/Apr/2025 12:00 AM,b9f10344.internal,Azul Zulu: CVE-2017-63265: Vulnerability in the JavaFX component,26446929.internal,0,azul-zulu-CVE-2017-21857,"Vulnerable OS: Red Hat Enterprise Linux 8.10


Vulnerable software installed: Azul Systems JRE 1.8.0.382 (/stxbase/stxapp/infa/105/java/jre/lib/rt.jar)

Vulnerable OS: Red Hat Enterprise Linux 8.10


Vulnerable software installed: Azul Systems JRE 1.8.0.282 (/stxbase/stxapp/infa/105/tools/mongodb/Tools/SchemaEditor/runtime/jre/lib/rt.jar)

Vulnerable OS: Red Hat Enterprise Linux 8.10


Vulnerable software installed: Azul Systems JRE 1.8.0.382 (/stxbase/stxapp/infa/105/source/java/jre/lib/rt.jar)",,,,
Vulnerability item,NXP-6936356,4492222,2880093.0,usr00857,Risk Covered,,Resolved,07/May/2026 10:57 PM,15/Apr/2025 12:00 AM,b9f10344.internal,"Java CPU April 2024 Oracle Java SE, Oracle GraalVM Enterprise Edition vulnerability (CVE-2017-92784)",26446929.internal,0,jre-vuln-CVE-2017-68001,"Vulnerable OS: Red Hat Enterprise Linux 8.10


Vulnerable software installed: Oracle JRE 1.8.0.341 (/stxbase/stxapp/oracle/client/product/19.17.0/client_1/jdk/jre/lib/rt.jar)

Vulnerable OS: Red Hat Enterprise Linux 8.10


Vulnerable software installed: Oracle JRE 1.8.0.351 (/stxbase/stxapp/oracle/client/product/19.17.0/client_1/OPatch/jre/lib/rt.jar)

Vulnerable OS: Red Hat Enterprise Linux 8.10


Vulnerable software installed: Oracle JRE 1.8.0.192 (/stxbase/stxapp/infa/EBF27003_Server_Installer_linux_em64t/Installer/lib/jre/lib/rt.jar)

Vulnerable OS: Red Hat Enterprise Linux 8.10


Vulnerable software installed: Oracle JRE 1.8.0.192 (/home/lf098_t1/EBF27003_Server_Installer_linux_em64t/Installer/lib/jre/lib/rt.jar)",,,,
Vulnerability item,NXP-6391104,2503791,2935254.0,usr00857,Risk Covered,,Resolved,07/May/2026 10:57 PM,15/Apr/2025 12:00 AM,0ee7a515.internal,Azul Zulu: CVE-2017-92784: Vulnerability in the JavaFX component,5643d64b.internal,0,azul-zulu-CVE-2017-68001,"Vulnerable OS: Red Hat Enterprise Linux 8.10


Vulnerable software installed: Azul Systems JRE 1.8.0.382 (/stxbase/stxapp/infa/105/java/jre/lib/rt.jar)

Vulnerable OS: Red Hat Enterprise Linux 8.10


Vulnerable software installed: Azul Systems JRE 1.8.0.282 (/stxbase/stxapp/infa/105/tools/mongodb/Tools/SchemaEditor/runtime/jre/lib/rt.jar)

Vulnerable OS: Red Hat Enterprise Linux 8.10


Vulnerable software installed: Azul Systems JRE 1.8.0.382 (/stxbase/stxapp/infa/105/source/java/jre/lib/rt.jar)",,,,
Vulnerability item,NXP-7893310,9060103,2935254.0,usr00857,Risk Covered,,Resolved,07/May/2026 10:57 PM,15/Apr/2025 12:00 AM,0ee7a515.internal,Azul Zulu: CVE-2017-63265: Vulnerability in the JavaFX component,5643d64b.internal,0,azul-zulu-CVE-2017-21857,"Vulnerable OS: Red Hat Enterprise Linux 8.10


Vulnerable software installed: Azul Systems JRE 1.8.0.382 (/stxbase/stxapp/infa/105/java/jre/lib/rt.jar)

Vulnerable OS: Red Hat Enterprise Linux 8.10


Vulnerable software installed: Azul Systems JRE 1.8.0.282 (/stxbase/stxapp/infa/105/tools/mongodb/Tools/SchemaEditor/runtime/jre/lib/rt.jar)

Vulnerable OS: Red Hat Enterprise Linux 8.10


Vulnerable software installed: Azul Systems JRE 1.8.0.382 (/stxbase/stxapp/infa/105/source/java/jre/lib/rt.jar)",,,,
Vulnerability item,NXP-7334422,689870,2935254.0,usr00857,Risk Covered,,Resolved,07/May/2026 10:57 PM,15/Apr/2025 12:00 AM,0ee7a515.internal,"Java CPU April 2024 Oracle Java SE, Oracle GraalVM Enterprise Edition vulnerability (CVE-2017-92784)",5643d64b.internal,0,jre-vuln-CVE-2017-68001,"Vulnerable OS: Red Hat Enterprise Linux 8.10


Vulnerable software installed: Oracle JRE 1.8.0.341 (/stxbase/stxapp/oracle/client/product/19.17.0/client_1/jdk/jre/lib/rt.jar)

Vulnerable OS: Red Hat Enterprise Linux 8.10


Vulnerable software installed: Oracle JRE 1.8.0.351 (/stxbase/stxapp/oracle/client/product/19.17.0/client_1/OPatch/jre/lib/rt.jar)

Vulnerable OS: Red Hat Enterprise Linux 8.10


Vulnerable software installed: Oracle JRE 1.8.0.192 (/stxbase/stxapp/infa/EBF27003_Server_Installer_linux_em64t/Installer/lib/jre/lib/rt.jar)

Vulnerable OS: Red Hat Enterprise Linux 8.10


Vulnerable software installed: Oracle JRE 1.8.0.192 (/home/lf098_t1/EBF27003_Server_Installer_linux_em64t/Installer/lib/jre/lib/rt.jar)",,,,
Vulnerability item,NXP-6415221,6423091,1153657.0,usr00857,Risk Covered,,Resolved,07/May/2026 10:57 PM,15/Apr/2025 12:00 AM,7ce006ff.internal,Azul Zulu: CVE-2017-92784: Vulnerability in the JavaFX component,3135b52a.internal,0,azul-zulu-CVE-2017-68001,"Vulnerable OS: Red Hat Enterprise Linux 8.10


Vulnerable software installed: Azul Systems JRE 1.8.0.382 (/stxbase/stxapp/infa/105/java/jre/lib/rt.jar)

Vulnerable OS: Red Hat Enterprise Linux 8.10


Vulnerable software installed: Azul Systems JRE 1.8.0.282 (/stxbase/stxapp/infa/105/tools/mongodb/Tools/SchemaEditor/runtime/jre/lib/rt.jar)

Vulnerable OS: Red Hat Enterprise Linux 8.10


Vulnerable software installed: Azul Systems JRE 1.8.0.382 (/stxbase/stxapp/infa/105/source/java/jre/lib/rt.jar)",,,,
Vulnerability item,NXP-2629203,7537035,1153657.0,usr00857,Risk Covered,,Resolved,07/May/2026 10:57 PM,15/Apr/2025 12:00 AM,7ce006ff.internal,Azul Zulu: CVE-2017-63265: Vulnerability in the JavaFX component,3135b52a.internal,0,azul-zulu-CVE-2017-21857,"Vulnerable OS: Red Hat Enterprise Linux 8.10


Vulnerable software installed: Azul Systems JRE 1.8.0.382 (/stxbase/stxapp/infa/105/java/jre/lib/rt.jar)

Vulnerable OS: Red Hat Enterprise Linux 8.10


Vulnerable software installed: Azul Systems JRE 1.8.0.282 (/stxbase/stxapp/infa/105/tools/mongodb/Tools/SchemaEditor/runtime/jre/lib/rt.jar)

Vulnerable OS: Red Hat Enterprise Linux 8.10


Vulnerable software installed: Azul Systems JRE 1.8.0.382 (/stxbase/stxapp/infa/105/source/java/jre/lib/rt.jar)",,,,
Vulnerability item,NXP-3537364,1351303,1153657.0,usr00857,Risk Covered,,Resolved,07/May/2026 10:58 PM,15/Apr/2025 12:00 AM,7ce006ff.internal,"Java CPU April 2024 Oracle Java SE, Oracle GraalVM Enterprise Edition vulnerability (CVE-2017-92784)",3135b52a.internal,0,jre-vuln-CVE-2017-68001,"Vulnerable OS: Red Hat Enterprise Linux 8.10


Vulnerable software installed: Oracle JRE 1.8.0.341 (/stxbase/stxapp/oracle/client/product/19.17.0/client_1/jdk/jre/lib/rt.jar)

Vulnerable OS: Red Hat Enterprise Linux 8.10


Vulnerable software installed: Oracle JRE 1.8.0.351 (/stxbase/stxapp/oracle/client/product/19.17.0/client_1/OPatch/jre/lib/rt.jar)

Vulnerable OS: Red Hat Enterprise Linux 8.10


Vulnerable software installed: Oracle JRE 1.8.0.192 (/stxbase/stxapp/infa/EBF27003_Server_Installer_linux_em64t/Installer/lib/jre/lib/rt.jar)

Vulnerable OS: Red Hat Enterprise Linux 8.10


Vulnerable software installed: Oracle JRE 1.8.0.192 (/home/lf098_t1/EBF27003_Server_Installer_linux_em64t/Installer/lib/jre/lib/rt.jar)",,,,
Vulnerability item,NXP-2435786,706862,935320.0,usr8c027,Risk Covered,,Resolved,07/May/2026 10:56 PM,15/Apr/2025 12:00 AM,b5ae312c.internal,Azul Zulu: CVE-2017-92784: Vulnerability in the JavaFX component,ff512ce7.internal,0,azul-zulu-CVE-2017-68001,"Vulnerable OS: Red Hat Enterprise Linux 8.10


Vulnerable software installed: Azul Systems JRE 11.58.16 (/stxbase/stxapp/DEPLOYMENT_TOOL/java/zulu11.58.16-sa-jdk11.0.16-linux_x64/lib/54c8aa44.internal)

Vulnerable OS: Red Hat Enterprise Linux 8.10


Vulnerable software installed: Azul Systems JRE 11.58.16 (/stxbase_new/stxapp/DEPLOYMENT_TOOL/java/zulu11.58.16-sa-jdk11.0.16-linux_x64/lib/54c8aa44.internal)

Vulnerable OS: Red Hat Enterprise Linux 8.10


Vulnerable software installed: Azul Systems JRE 1.8.0.382 (/stxbase/stxapp/Informatica_cmd_utilities_1055/PowerCenter/java/jre/lib/rt.jar)

Vulnerable OS: Red Hat Enterprise Linux 8.10


Vulnerable software installed: Azul Systems JRE 1.8.0.382 (/stxbase_new/stxapp/Informatica_cmd_utilities_1055/PowerCenter/java/jre/lib/rt.jar)",,,,
Vulnerability item,NXP-1576793,8775973,935320.0,usr8c027,Risk Covered,,Resolved,07/May/2026 10:56 PM,15/Apr/2025 12:00 AM,b5ae312c.internal,Azul Zulu: CVE-2017-63265: Vulnerability in the JavaFX component,ff512ce7.internal,0,azul-zulu-CVE-2017-21857,"Vulnerable OS: Red Hat Enterprise Linux 8.10


Vulnerable software installed: Azul Systems JRE 11.58.16 (/stxbase/stxapp/DEPLOYMENT_TOOL/java/zulu11.58.16-sa-jdk11.0.16-linux_x64/lib/54c8aa44.internal)

Vulnerable OS: Red Hat Enterprise Linux 8.10


Vulnerable software installed: Azul Systems JRE 11.58.16 (/stxbase_new/stxapp/DEPLOYMENT_TOOL/java/zulu11.58.16-sa-jdk11.0.16-linux_x64/lib/54c8aa44.internal)

Vulnerable OS: Red Hat Enterprise Linux 8.10


Vulnerable software installed: Azul Systems JRE 1.8.0.382 (/stxbase/stxapp/Informatica_cmd_utilities_1055/PowerCenter/java/jre/lib/rt.jar)

Vulnerable OS: Red Hat Enterprise Linux 8.10


Vulnerable software installed: Azul Systems JRE 1.8.0.382 (/stxbase_new/stxapp/Informatica_cmd_utilities_1055/PowerCenter/java/jre/lib/rt.jar)",,,,
Vulnerability item,NXP-6607077,7811679,935320.0,usr8c027,Risk Covered,,Resolved,07/May/2026 10:56 PM,15/Apr/2025 12:00 AM,b5ae312c.internal,"Java CPU April 2024 Oracle Java SE, Oracle GraalVM Enterprise Edition vulnerability (CVE-2017-92784)",ff512ce7.internal,0,jre-vuln-CVE-2017-68001,"Vulnerable OS: Red Hat Enterprise Linux 8.10


Vulnerable software installed: Oracle JRE 1.8.0.201 (/stxbase/stxapp/oracle/client/product/19.3.0/client_1/jdk/jre/lib/rt.jar)

Vulnerable OS: Red Hat Enterprise Linux 8.10


Vulnerable software installed: Oracle JRE 1.8.0.311 (/stxbase/stxapp/oracle/client/product/19.14.0/client_1/jdk/jre/lib/rt.jar)

Vulnerable OS: Red Hat Enterprise Linux 8.10


Vulnerable software installed: Oracle JRE 1.8.0.331 (/stxbase/stxapp/oracle/client/product/19.14.0/client_1/OPatch/jre/lib/rt.jar)

Vulnerable OS: Red Hat Enterprise Linux 8.10


Vulnerable software installed: Oracle JRE 1.8.0.192 (/stxbase/stxapp/java/zulu8.33.0.2-sa-fx-jdk8.0.192-linux_x64/jre/lib/rt.jar)

Vulnerable OS: Red Hat Enterprise Linux 8.10


Vulnerable software installed: Oracle JRE 1.8.0.222 (/stxbase/stxapp/MicroStrategy/install/_jre/lib/rt.jar)

Vulnerable OS: Red Hat Enterprise Linux 8.10


Vulnerable software installed: Oracle JRE 1.8.0.222 (/stxbase/stxapp/MicroStrategy/install/_uninstall/jre/lib/rt.jar)

Vulnerable OS: Red Hat Enterprise Linux 8.10


Vulnerable software installed: Oracle JRE 1.8.0.222 (/stxbase/Installations/QueryReportingAnalysis_Linux/jre/lib/rt.jar)

Vulnerable OS: Red Hat Enterprise Linux 8.10


Vulnerable software installed: Oracle JRE 1.8.0.201 (/stxbase_new/stxapp/oracle/client/product/19.3.0/client_1/jdk/jre/lib/rt.jar)

Vulnerable OS: Red Hat Enterprise Linux 8.10


Vulnerable software installed: Oracle JRE 1.8.0.311 (/stxbase_new/stxapp/oracle/client/product/19.14.0/client_1/jdk/jre/lib/rt.jar)

Vulnerable OS: Red Hat Enterprise Linux 8.10


Vulnerable software installed: Oracle JRE 1.8.0.331 (/stxbase_new/stxapp/oracle/client/product/19.14.0/client_1/OPatch/jre/lib/rt.jar)

Vulnerable OS: Red Hat Enterprise Linux 8.10


Vulnerable software installed: Oracle JRE 1.8.0.222 (/stxbase_new/Installations/QueryReportingAnalysis_Linux/jre/lib/rt.jar)

Vulnerable OS: Red Hat Enterprise Linux 8.10


Vulnerable software installed: Oracle JRE 1.8.0.222 (/stxbase/stxapp/Informatica_cmd_utilities/PowerCenter/java/jre/lib/rt.jar)

Vulnerable OS: Red Hat Enterprise Linux 8.10


Vulnerable software installed: Oracle JRE 1.8.0.192 (/stxbase_new/stxapp/java/zulu8.33.0.2-sa-fx-jdk8.0.192-linux_x64/jre/lib/rt.jar)

Vulnerable OS: Red Hat Enterprise Linux 8.10


Vulnerable software installed: Oracle JRE 1.8.0.222 (/stxbase_new/stxapp/MicroStrategy/install/_uninstall/jre/lib/rt.jar)

Vulnerable OS: Red Hat Enterprise Linux 8.10


Vulnerable software installed: Oracle JRE 1.8.0.222 (/stxbase_new/stxapp/MicroStrategy/install/_jre/lib/rt.jar)

Vulnerable OS: Red Hat Enterprise Linux 8.10


Vulnerable software installed: Oracle JRE 1.8.0.222 (/stxbase_new/stxapp/Informatica_cmd_utilities/PowerCenter/java/jre/lib/rt.jar)",,,,
Vulnerability item,NXP-3213642,4924797,8319865.0,usr8c027,Risk Covered,,Resolved,07/May/2026 10:56 PM,15/Apr/2025 12:00 AM,b742f2dc.internal,"Java CPU April 2024 Oracle Java SE, Oracle GraalVM Enterprise Edition vulnerability (CVE-2017-92784)",66e30d6c.internal,0,jre-vuln-CVE-2017-68001,"Vulnerable OS: Red Hat Enterprise Linux 8.10


Vulnerable software installed: Oracle JRE 1.8.0.222 (/stxbase/stxapp/MicroStrategy/install/_jre/lib/rt.jar)

Vulnerable OS: Red Hat Enterprise Linux 8.10


Vulnerable software installed: Oracle JRE 1.8.0.222 (/stxbase/stxapp/MicroStrategy/install/_uninstall/jre/lib/rt.jar)

Vulnerable OS: Red Hat Enterprise Linux 8.10


Vulnerable software installed: Oracle JRE 1.8.0.222 (/stxbase/Installations/QueryReportingAnalysis_Linux/jre/lib/rt.jar)

Vulnerable OS: Red Hat Enterprise Linux 8.10


Vulnerable software installed: Oracle JRE 1.8.0.222 (/stxbase_new/Installations/QueryReportingAnalysis_Linux/jre/lib/rt.jar)

Vulnerable OS: Red Hat Enterprise Linux 8.10


Vulnerable software installed: Oracle JRE 1.8.0.222 (/stxbase_new/stxapp/MicroStrategy/install/_uninstall/jre/lib/rt.jar)

Vulnerable OS: Red Hat Enterprise Linux 8.10


Vulnerable software installed: Oracle JRE 1.8.0.222 (/stxbase_new/stxapp/MicroStrategy/install/_jre/lib/rt.jar)",,,,
Vulnerability item,NXP-3180383,4431176,444293.0,usr356c9,Risk Covered,,Resolved,07/May/2026 10:56 PM,15/Apr/2025 12:00 AM,c0cd21c9.internal,Azul Zulu: CVE-2017-92784: Vulnerability in the JavaFX component,0a5f00bf.internal,0,azul-zulu-CVE-2017-68001,"Vulnerable OS: Microsoft Windows Server 2022 21H2


Vulnerable software installed: Azul Systems JRE 11.66.15 (C:\Program Files\Zulu\zulu-11\\bin\0b8e4e54.internal)",,,,
Vulnerability item,NXP-5308286,5044116,444293.0,usr356c9,Risk Covered,,Resolved,07/May/2026 10:56 PM,15/Apr/2025 12:00 AM,c0cd21c9.internal,Azul Zulu: CVE-2017-63265: Vulnerability in the JavaFX component,0a5f00bf.internal,0,azul-zulu-CVE-2017-21857,"Vulnerable OS: Microsoft Windows Server 2022 21H2


Vulnerable software installed: Azul Systems JRE 11.66.15 (C:\Program Files\Zulu\zulu-11\\bin\0b8e4e54.internal)",,,,
Vulnerability item,NXP-7030384,6474986,6526600.0,usr71f22,Risk Covered,,Resolved,07/May/2026 10:58 PM,04/Dec/2022 12:00 AM,c92f858a.internal,Default or Guessable SNMP community names: public,2087fb09.internal,161,snmp-read-0001,"* Running SNMP service
Successfully authenticated to the SNMP service with credentials: uid[] pw[public] realm[]",,,,
Vulnerability item,NXP-3008269,2799692,7853549.0,usr71f22,Risk Covered,,Resolved,07/May/2026 10:58 PM,04/Dec/2022 12:00 AM,7822817c.internal,Default or Guessable SNMP community names: public,b5feb8a5.internal,161,snmp-read-0001,"* Running SNMP service
Successfully authenticated to the SNMP service with credentials: uid[] pw[public] realm[]",,,,
Vulnerability item,NXP-4601866,287017,2889993.0,usr00857,Risk Covered,,Resolved,07/May/2026 10:58 PM,15/Apr/2025 12:00 AM,16c88d01.internal,"Java CPU April 2024 Oracle Java SE, Oracle GraalVM Enterprise Edition vulnerability (CVE-2017-92784)",472f8201.internal,0,jre-vuln-CVE-2017-68001,"Vulnerable OS: Red Hat Enterprise Linux 8.10


Vulnerable software installed: Oracle JRE 1.8.0.341 (/stxbase/stxapp/oracle/client/product/19.17.0/client_1/jdk/jre/lib/rt.jar)

Vulnerable OS: Red Hat Enterprise Linux 8.10


Vulnerable software installed: Oracle JRE 1.8.0.351 (/stxbase/stxapp/oracle/client/product/19.17.0/client_1/OPatch/jre/lib/rt.jar)

Vulnerable OS: Red Hat Enterprise Linux 8.10


Vulnerable software installed: Oracle JRE 1.8.0.192 (/stxbase/stxapp/infa/EBF27003_Server_Installer_linux_em64t/Installer/lib/jre/lib/rt.jar)",,,,
Vulnerability item,NXP-8594877,1473367,358954.0,usr00857,Risk Covered,,Resolved,07/May/2026 10:58 PM,15/Apr/2025 12:00 AM,88ae6e03.internal,Azul Zulu: CVE-2017-92784: Vulnerability in the JavaFX component,a7e17de1.internal,0,azul-zulu-CVE-2017-68001,"Vulnerable OS: Red Hat Enterprise Linux 8.10


Vulnerable software installed: Azul Systems JRE 1.8.0.382 (/stxbase/stxapp/infa/105/java/jre/lib/rt.jar)

Vulnerable OS: Red Hat Enterprise Linux 8.10


Vulnerable software installed: Azul Systems JRE 1.8.0.282 (/stxbase/stxapp/infa/105/tools/mongodb/Tools/SchemaEditor/runtime/jre/lib/rt.jar)

Vulnerable OS: Red Hat Enterprise Linux 8.10


Vulnerable software installed: Azul Systems JRE 1.8.0.382 (/stxbase/stxapp/infa/105/source/java/jre/lib/rt.jar)",,,,
Vulnerability item,NXP-4054937,4701921,358954.0,usr00857,Risk Covered,,Resolved,07/May/2026 10:58 PM,15/Apr/2025 12:00 AM,88ae6e03.internal,Azul Zulu: CVE-2017-63265: Vulnerability in the JavaFX component,a7e17de1.internal,0,azul-zulu-CVE-2017-21857,"Vulnerable OS: Red Hat Enterprise Linux 8.10


Vulnerable software installed: Azul Systems JRE 1.8.0.382 (/stxbase/stxapp/infa/105/java/jre/lib/rt.jar)

Vulnerable OS: Red Hat Enterprise Linux 8.10


Vulnerable software installed: Azul Systems JRE 1.8.0.282 (/stxbase/stxapp/infa/105/tools/mongodb/Tools/SchemaEditor/runtime/jre/lib/rt.jar)

Vulnerable OS: Red Hat Enterprise Linux 8.10


Vulnerable software installed: Azul Systems JRE 1.8.0.382 (/stxbase/stxapp/infa/105/source/java/jre/lib/rt.jar)",,,,
Vulnerability item,NXP-1863185,8102980,358954.0,usr00857,Risk Covered,,Resolved,07/May/2026 10:58 PM,15/Apr/2025 12:00 AM,88ae6e03.internal,"Java CPU April 2024 Oracle Java SE, Oracle GraalVM Enterprise Edition vulnerability (CVE-2017-92784)",a7e17de1.internal,0,jre-vuln-CVE-2017-68001,"Vulnerable OS: Red Hat Enterprise Linux 8.10


Vulnerable software installed: Oracle JRE 1.8.0.341 (/stxbase/stxapp/oracle/client/product/19.17.0/client_1/jdk/jre/lib/rt.jar)

Vulnerable OS: Red Hat Enterprise Linux 8.10


Vulnerable software installed: Oracle JRE 1.8.0.351 (/stxbase/stxapp/oracle/client/product/19.17.0/client_1/OPatch/jre/lib/rt.jar)

Vulnerable OS: Red Hat Enterprise Linux 8.10


Vulnerable software installed: Oracle JRE 1.8.0.192 (/stxbase/stxapp/infa/EBF27003_Server_Installer_linux_em64t/Installer/lib/jre/lib/rt.jar)",,,,
Vulnerability item,NXP-4692116,3776061,2862478.0,usr00857,Risk Covered,,Resolved,07/May/2026 10:58 PM,14/May/2025 12:00 AM,1c842fd8.internal,"Java CPU April 2024 Oracle Java SE, Oracle GraalVM Enterprise Edition vulnerability (CVE-2017-92784)",339df065.internal,0,jre-vuln-CVE-2017-68001,"Vulnerable OS: Red Hat Enterprise Linux 8.10


Vulnerable software installed: Oracle JRE 1.8.0.341 (/stxbase/stxapp/oracle/client/product/19.17.0/client_1/jdk/jre/lib/rt.jar)

Vulnerable OS: Red Hat Enterprise Linux 8.10


Vulnerable software installed: Oracle JRE 1.8.0.351 (/stxbase/stxapp/oracle/client/product/19.17.0/client_1/OPatch/jre/lib/rt.jar)",,,,
Vulnerability item,NXP-4592497,9092483,2902907.0,usr00857,Risk Covered,,Resolved,07/May/2026 10:58 PM,14/May/2025 12:00 AM,33001d2c.internal,"Java CPU April 2024 Oracle Java SE, Oracle GraalVM Enterprise Edition vulnerability (CVE-2017-92784)",51f993ca.internal,0,jre-vuln-CVE-2017-68001,"Vulnerable OS: Red Hat Enterprise Linux 8.10


Vulnerable software installed: Oracle JRE 1.8.0.341 (/stxbase/stxapp/oracle/client/product/19.17.0/client_1/jdk/jre/lib/rt.jar)

Vulnerable OS: Red Hat Enterprise Linux 8.10


Vulnerable software installed: Oracle JRE 1.8.0.351 (/stxbase/stxapp/oracle/client/product/19.17.0/client_1/OPatch/jre/lib/rt.jar)",,,,
Vulnerability item,NXP-3969382,8560028,7553061.0,usr00857,Risk Covered,,Resolved,07/May/2026 10:58 PM,14/May/2025 12:00 AM,7ccdcd25.internal,"Java CPU April 2024 Oracle Java SE, Oracle GraalVM Enterprise Edition vulnerability (CVE-2017-92784)",2df8bb81.internal,0,jre-vuln-CVE-2017-68001,"Vulnerable OS: Red Hat Enterprise Linux 8.10


Vulnerable software installed: Oracle JRE 1.8.0.341 (/stxbase/stxapp/oracle/client/product/19.17.0/client_1/jdk/jre/lib/rt.jar)

Vulnerable OS: Red Hat Enterprise Linux 8.10


Vulnerable software installed: Oracle JRE 1.8.0.351 (/stxbase/stxapp/oracle/client/product/19.17.0/client_1/OPatch/jre/lib/rt.jar)",,,,
Vulnerability item,NXP-1519650,7766606,4103870.0,usr00857,Risk Covered,,Resolved,07/May/2026 10:58 PM,15/Apr/2025 12:00 AM,b2fe4cb6.internal,Azul Zulu: CVE-2017-92784: Vulnerability in the JavaFX component,acaa6a17.internal,0,azul-zulu-CVE-2017-68001,"Vulnerable OS: Red Hat Enterprise Linux 8.10


Vulnerable software installed: Azul Systems JRE 1.8.0.382 (/stxbase/stxapp/infa/105/java/jre/lib/rt.jar)

Vulnerable OS: Red Hat Enterprise Linux 8.10


Vulnerable software installed: Azul Systems JRE 1.8.0.282 (/stxbase/stxapp/infa/105/tools/mongodb/Tools/SchemaEditor/runtime/jre/lib/rt.jar)

Vulnerable OS: Red Hat Enterprise Linux 8.10


Vulnerable software installed: Azul Systems JRE 1.8.0.382 (/stxbase/stxapp/infa/105/source/java/jre/lib/rt.jar)",,,,
Vulnerability item,NXP-2139839,4393160,4103870.0,usr00857,Risk Covered,,Resolved,07/May/2026 10:58 PM,15/Apr/2025 12:00 AM,b2fe4cb6.internal,Azul Zulu: CVE-2017-63265: Vulnerability in the JavaFX component,acaa6a17.internal,0,azul-zulu-CVE-2017-21857,"Vulnerable OS: Red Hat Enterprise Linux 8.10


Vulnerable software installed: Azul Systems JRE 1.8.0.382 (/stxbase/stxapp/infa/105/java/jre/lib/rt.jar)

Vulnerable OS: Red Hat Enterprise Linux 8.10


Vulnerable software installed: Azul Systems JRE 1.8.0.282 (/stxbase/stxapp/infa/105/tools/mongodb/Tools/SchemaEditor/runtime/jre/lib/rt.jar)

Vulnerable OS: Red Hat Enterprise Linux 8.10


Vulnerable software installed: Azul Systems JRE 1.8.0.382 (/stxbase/stxapp/infa/105/source/java/jre/lib/rt.jar)",,,,
Vulnerability item,NXP-391622,7844912,4103870.0,usr00857,Risk Covered,,Resolved,07/May/2026 10:58 PM,15/Apr/2025 12:00 AM,b2fe4cb6.internal,"Java CPU April 2024 Oracle Java SE, Oracle GraalVM Enterprise Edition vulnerability (CVE-2017-92784)",acaa6a17.internal,0,jre-vuln-CVE-2017-68001,"Vulnerable OS: Red Hat Enterprise Linux 8.10


Vulnerable software installed: Oracle JRE 1.8.0.341 (/stxbase/stxapp/oracle/client/product/19.17.0/client_1/jdk/jre/lib/rt.jar)

Vulnerable OS: Red Hat Enterprise Linux 8.10


Vulnerable software installed: Oracle JRE 1.8.0.351 (/stxbase/stxapp/oracle/client/product/19.17.0/client_1/OPatch/jre/lib/rt.jar)",,,,
Vulnerability item,NXP-5547662,2753642,1766507.0,usr00857,Risk Covered,,Resolved,07/May/2026 10:58 PM,15/Apr/2025 12:00 AM,30a85d6e.internal,Azul Zulu: CVE-2017-92784: Vulnerability in the JavaFX component,60a03827.internal,0,azul-zulu-CVE-2017-68001,"Vulnerable OS: Red Hat Enterprise Linux 8.10


Vulnerable software installed: Azul Systems JRE 1.8.0.382 (/stxbase/stxapp/infa/105/java/jre/lib/rt.jar)

Vulnerable OS: Red Hat Enterprise Linux 8.10


Vulnerable software installed: Azul Systems JRE 1.8.0.282 (/stxbase/stxapp/infa/105/tools/mongodb/Tools/SchemaEditor/runtime/jre/lib/rt.jar)

Vulnerable OS: Red Hat Enterprise Linux 8.10


Vulnerable software installed: Azul Systems JRE 1.8.0.382 (/stxbase/stxapp/infa/105/source/java/jre/lib/rt.jar)",,,,
Vulnerability item,NXP-6880661,5145126,1766507.0,usr00857,Risk Covered,,Resolved,07/May/2026 10:58 PM,15/Apr/2025 12:00 AM,30a85d6e.internal,Azul Zulu: CVE-2017-63265: Vulnerability in the JavaFX component,60a03827.internal,0,azul-zulu-CVE-2017-21857,"Vulnerable OS: Red Hat Enterprise Linux 8.10


Vulnerable software installed: Azul Systems JRE 1.8.0.382 (/stxbase/stxapp/infa/105/java/jre/lib/rt.jar)

Vulnerable OS: Red Hat Enterprise Linux 8.10


Vulnerable software installed: Azul Systems JRE 1.8.0.282 (/stxbase/stxapp/infa/105/tools/mongodb/Tools/SchemaEditor/runtime/jre/lib/rt.jar)

Vulnerable OS: Red Hat Enterprise Linux 8.10


Vulnerable software installed: Azul Systems JRE 1.8.0.382 (/stxbase/stxapp/infa/105/source/java/jre/lib/rt.jar)",,,,
Vulnerability item,NXP-525356,260403,1766507.0,usr00857,Risk Covered,,Resolved,07/May/2026 10:58 PM,15/Apr/2025 12:00 AM,30a85d6e.internal,"Java CPU April 2024 Oracle Java SE, Oracle GraalVM Enterprise Edition vulnerability (CVE-2017-92784)",60a03827.internal,0,jre-vuln-CVE-2017-68001,"Vulnerable OS: Red Hat Enterprise Linux 8.10


Vulnerable software installed: Oracle JRE 1.8.0.341 (/stxbase/stxapp/oracle/client/product/19.17.0/client_1/jdk/jre/lib/rt.jar)

Vulnerable OS: Red Hat Enterprise Linux 8.10


Vulnerable software installed: Oracle JRE 1.8.0.351 (/stxbase/stxapp/oracle/client/product/19.17.0/client_1/OPatch/jre/lib/rt.jar)",,,,
Vulnerability item,NXP-2843215,6934817,3909090.0,usr00857,Risk Covered,,Resolved,07/May/2026 10:58 PM,15/Apr/2025 12:00 AM,b7d3fce4.internal,Azul Zulu: CVE-2017-92784: Vulnerability in the JavaFX component,01a2b327.internal,0,azul-zulu-CVE-2017-68001,"Vulnerable OS: Red Hat Enterprise Linux 8.10


Vulnerable software installed: Azul Systems JRE 1.8.0.382 (/stxbase/stxapp/infa/105/java/jre/lib/rt.jar)

Vulnerable OS: Red Hat Enterprise Linux 8.10


Vulnerable software installed: Azul Systems JRE 1.8.0.282 (/stxbase/stxapp/infa/105/tools/mongodb/Tools/SchemaEditor/runtime/jre/lib/rt.jar)

Vulnerable OS: Red Hat Enterprise Linux 8.10


Vulnerable software installed: Azul Systems JRE 1.8.0.382 (/stxbase/stxapp/infa/105/source/java/jre/lib/rt.jar)",,,,
Vulnerability item,NXP-231924,6034706,3909090.0,usr00857,Risk Covered,,Resolved,07/May/2026 10:58 PM,15/Apr/2025 12:00 AM,b7d3fce4.internal,Azul Zulu: CVE-2017-63265: Vulnerability in the JavaFX component,01a2b327.internal,0,azul-zulu-CVE-2017-21857,"Vulnerable OS: Red Hat Enterprise Linux 8.10


Vulnerable software installed: Azul Systems JRE 1.8.0.382 (/stxbase/stxapp/infa/105/java/jre/lib/rt.jar)

Vulnerable OS: Red Hat Enterprise Linux 8.10


Vulnerable software installed: Azul Systems JRE 1.8.0.282 (/stxbase/stxapp/infa/105/tools/mongodb/Tools/SchemaEditor/runtime/jre/lib/rt.jar)

Vulnerable OS: Red Hat Enterprise Linux 8.10


Vulnerable software installed: Azul Systems JRE 1.8.0.382 (/stxbase/stxapp/infa/105/source/java/jre/lib/rt.jar)",,,,
Vulnerability item,NXP-3401756,3497072,3909090.0,usr00857,Risk Covered,,Resolved,07/May/2026 10:58 PM,15/Apr/2025 12:00 AM,b7d3fce4.internal,"Java CPU April 2024 Oracle Java SE, Oracle GraalVM Enterprise Edition vulnerability (CVE-2017-92784)",01a2b327.internal,0,jre-vuln-CVE-2017-68001,"Vulnerable OS: Red Hat Enterprise Linux 8.10


Vulnerable software installed: Oracle JRE 1.8.0.341 (/stxbase/stxapp/oracle/client/product/19.17.0/client_1/jdk/jre/lib/rt.jar)

Vulnerable OS: Red Hat Enterprise Linux 8.10


Vulnerable software installed: Oracle JRE 1.8.0.351 (/stxbase/stxapp/oracle/client/product/19.17.0/client_1/OPatch/jre/lib/rt.jar)

Vulnerable OS: Red Hat Enterprise Linux 8.10


Vulnerable software installed: Oracle JRE 1.8.0.192 (/stxbase/stxapp/infa/EBF27003_Server_Installer_linux_em64t/Installer/lib/jre/lib/rt.jar)",,,,
Vulnerability item,NXP-4614495,3788655,7113901.0,usr00857,Risk Covered,,Resolved,07/May/2026 10:58 PM,15/Apr/2025 12:00 AM,996ef33d.internal,Azul Zulu: CVE-2017-92784: Vulnerability in the JavaFX component,09570f2c.internal,0,azul-zulu-CVE-2017-68001,"Vulnerable OS: Red Hat Enterprise Linux 8.10


Vulnerable software installed: Azul Systems JRE 1.8.0.382 (/stxbase/stxapp/infa/105/java/jre/lib/rt.jar)

Vulnerable OS: Red Hat Enterprise Linux 8.10


Vulnerable software installed: Azul Systems JRE 1.8.0.282 (/stxbase/stxapp/infa/105/tools/mongodb/Tools/SchemaEditor/runtime/jre/lib/rt.jar)

Vulnerable OS: Red Hat Enterprise Linux 8.10


Vulnerable software installed: Azul Systems JRE 1.8.0.382 (/stxbase/stxapp/infa/105/source/java/jre/lib/rt.jar)",,,,
Vulnerability item,NXP-4842849,6578986,7113901.0,usr00857,Risk Covered,,Resolved,07/May/2026 10:58 PM,15/Apr/2025 12:00 AM,996ef33d.internal,Azul Zulu: CVE-2017-63265: Vulnerability in the JavaFX component,09570f2c.internal,0,azul-zulu-CVE-2017-21857,"Vulnerable OS: Red Hat Enterprise Linux 8.10


Vulnerable software installed: Azul Systems JRE 1.8.0.382 (/stxbase/stxapp/infa/105/java/jre/lib/rt.jar)

Vulnerable OS: Red Hat Enterprise Linux 8.10


Vulnerable software installed: Azul Systems JRE 1.8.0.282 (/stxbase/stxapp/infa/105/tools/mongodb/Tools/SchemaEditor/runtime/jre/lib/rt.jar)

Vulnerable OS: Red Hat Enterprise Linux 8.10


Vulnerable software installed: Azul Systems JRE 1.8.0.382 (/stxbase/stxapp/infa/105/source/java/jre/lib/rt.jar)",,,,
Vulnerability item,NXP-2824198,5287616,7113901.0,usr00857,Risk Covered,,Resolved,07/May/2026 10:58 PM,15/Apr/2025 12:00 AM,996ef33d.internal,"Java CPU April 2024 Oracle Java SE, Oracle GraalVM Enterprise Edition vulnerability (CVE-2017-92784)",09570f2c.internal,0,jre-vuln-CVE-2017-68001,"Vulnerable OS: Red Hat Enterprise Linux 8.10


Vulnerable software installed: Oracle JRE 1.8.0.341 (/stxbase/stxapp/oracle/client/product/19.17.0/client_1/jdk/jre/lib/rt.jar)

Vulnerable OS: Red Hat Enterprise Linux 8.10


Vulnerable software installed: Oracle JRE 1.8.0.351 (/stxbase/stxapp/oracle/client/product/19.17.0/client_1/OPatch/jre/lib/rt.jar)

Vulnerable OS: Red Hat Enterprise Linux 8.10


Vulnerable software installed: Oracle JRE 1.8.0.192 (/stxbase/stxapp/infa/EBF27003_Server_Installer_linux_em64t/Installer/lib/jre/lib/rt.jar)",,,,
Vulnerability item,NXP-3912643,5104103,2889993.0,usr00857,Risk Covered,,Resolved,07/May/2026 10:58 PM,15/Apr/2025 12:00 AM,16c88d01.internal,Azul Zulu: CVE-2017-92784: Vulnerability in the JavaFX component,472f8201.internal,0,azul-zulu-CVE-2017-68001,"Vulnerable OS: Red Hat Enterprise Linux 8.10


Vulnerable software installed: Azul Systems JRE 1.8.0.382 (/stxbase/stxapp/infa/105/java/jre/lib/rt.jar)

Vulnerable OS: Red Hat Enterprise Linux 8.10


Vulnerable software installed: Azul Systems JRE 1.8.0.282 (/stxbase/stxapp/infa/105/tools/mongodb/Tools/SchemaEditor/runtime/jre/lib/rt.jar)

Vulnerable OS: Red Hat Enterprise Linux 8.10


Vulnerable software installed: Azul Systems JRE 1.8.0.382 (/stxbase/stxapp/infa/105/source/java/jre/lib/rt.jar)",,,,
Vulnerability item,NXP-5719821,8253026,2889993.0,usr00857,Risk Covered,,Resolved,07/May/2026 10:58 PM,15/Apr/2025 12:00 AM,16c88d01.internal,Azul Zulu: CVE-2017-63265: Vulnerability in the JavaFX component,472f8201.internal,0,azul-zulu-CVE-2017-21857,"Vulnerable OS: Red Hat Enterprise Linux 8.10


Vulnerable software installed: Azul Systems JRE 1.8.0.382 (/stxbase/stxapp/infa/105/java/jre/lib/rt.jar)

Vulnerable OS: Red Hat Enterprise Linux 8.10


Vulnerable software installed: Azul Systems JRE 1.8.0.282 (/stxbase/stxapp/infa/105/tools/mongodb/Tools/SchemaEditor/runtime/jre/lib/rt.jar)

Vulnerable OS: Red Hat Enterprise Linux 8.10


Vulnerable software installed: Azul Systems JRE 1.8.0.382 (/stxbase/stxapp/infa/105/source/java/jre/lib/rt.jar)",,,,
Vulnerability item,NXP-3049739,1131156,9090154.0,usr8c027,Risk Covered,,Resolved,07/May/2026 11:01 PM,15/Apr/2025 12:00 AM,48d0827e.internal,"Java CPU April 2024 Oracle Java SE, Oracle GraalVM Enterprise Edition vulnerability (CVE-2017-92784)",f0a3bbf6.internal,0,jre-vuln-CVE-2017-68001,"Vulnerable OS: Red Hat Enterprise Linux 8.10


Vulnerable software installed: Oracle JRE 1.8.0.341 (/stxbase/stxapp/oracle/client/product/19.17.0/client_1/jdk/jre/lib/rt.jar)

Vulnerable OS: Red Hat Enterprise Linux 8.10


Vulnerable software installed: Oracle JRE 1.8.0.351 (/stxbase/stxapp/oracle/client/product/19.17.0/client_1/OPatch/jre/lib/rt.jar)",,,,
Vulnerability item,NXP-1280187,6894201,5272119.0,usr8c027,Risk Covered,,Resolved,07/May/2026 11:01 PM,15/Apr/2025 12:00 AM,5ec5727e.internal,"Java CPU April 2024 Oracle Java SE, Oracle GraalVM Enterprise Edition vulnerability (CVE-2017-92784)",c37c79ec.internal,0,jre-vuln-CVE-2017-68001,"Vulnerable OS: Red Hat Enterprise Linux 8.10


Vulnerable software installed: Oracle JRE 1.8.0.341 (/stxbase/stxapp/oracle/client/product/19.17.0/client_1/jdk/jre/lib/rt.jar)

Vulnerable OS: Red Hat Enterprise Linux 8.10


Vulnerable software installed: Oracle JRE 1.8.0.351 (/stxbase/stxapp/oracle/client/product/19.17.0/client_1/OPatch/jre/lib/rt.jar)",,,,
Vulnerability item,NXP-4061582,5884860,834885.0,usr8c027,Risk Covered,,Resolved,07/May/2026 11:01 PM,15/Apr/2025 12:00 AM,56e0d521.internal,Azul Zulu: CVE-2017-92784: Vulnerability in the JavaFX component,169dd85d.internal,0,azul-zulu-CVE-2017-68001,"Vulnerable OS: Red Hat Enterprise Linux 7.9


Vulnerable software installed: Azul Systems JRE 11.58.16 (/stxbase/stxapp/java/zulu11.58.16-sa-jdk11.0.16-linux_x64_del/lib/54c8aa44.internal)",,,,
Vulnerability item,NXP-418046,6507321,834885.0,usr8c027,Risk Covered,,Resolved,07/May/2026 11:01 PM,15/Apr/2025 12:00 AM,56e0d521.internal,Azul Zulu: CVE-2017-63265: Vulnerability in the JavaFX component,169dd85d.internal,0,azul-zulu-CVE-2017-21857,"Vulnerable OS: Red Hat Enterprise Linux 7.9


Vulnerable software installed: Azul Systems JRE 11.58.16 (/stxbase/stxapp/java/zulu11.58.16-sa-jdk11.0.16-linux_x64_del/lib/54c8aa44.internal)",,,,
Vulnerability item,NXP-4716211,380064,2180855.0,usredcfb,Risk Covered,,Resolved,10/May/2026 12:24 AM,15/Apr/2025 12:00 AM,db046bfe.internal,Apache Commons Text: CVE-2017-27914: Arbitrary Code Execution from Variable Interpolation,1a6450b3.internal,0,apache-commons-text-CVE-2017-15502,"Vulnerable software installed: Apache Commons Text 1.8 (/u01/app/oracle/product/agent/agent_13.5.0.0.0/jlib/commons-text-1.8.jar)

Vulnerable version of Apache Commons Text detected.

Vulnerable software installed: Apache Commons Text 1.6 (/u01/app/oracle/product/oms/middleware135/oracle_common/modules/thirdparty/commons-text-1.6.jar)

Vulnerable version of Apache Commons Text detected.",,,,
Vulnerability item,R7C-219960,383005,8996444.0,usr00857,Risk Covered,,Resolved,03/May/2026 1:10 AM,16/Aug/2025 12:00 AM,17aabb6d.internal,,,,1.6.3. Ensure system wide crypto policy disables sha1 hash and signature support,,"This is a complex check. Operator = AND
1. This is a complex check. Operator = OR
* 1. 3122492d.internal.redhat_enterprise_linux_9-def-5671052: FAIL
** Based on the following 1 results:
** 1. Based on the following 2 results:
*** 1. 1. The specified Text File Content entry must not match the given 9ac45315.internal least one evaluation must pass.
**** 
| {noformat} The specified Text File Content entry was not found based on the given criteria: {noformat} |
| {noformat} filepath: /etc/crypto-policies/state/66cb4139.internal {noformat} |
| {noformat} pattern: ^\h*(hash|sign)\h*=\h*([^\n\r#]+)?-sha1\b {noformat} |
| {noformat} instance: 1 {noformat} |

*** 2. 1. At least one specified Text File Content entry must match the given criteria. At least one evaluation must pass.
**** 
| {noformat} The specified Text File Content entry was not found based on the given criteria: {noformat} |
| {noformat} filepath: /etc/crypto-policies/state/66cb4139.internal {noformat} |
| {noformat} pattern: ^\h*sha1_in_certs\h*=\h*0\b {noformat} |
| {noformat} instance: 1 {noformat} |
",,,
Vulnerability item,NXP-1223051,7969217,6477023.0,usr00857,Risk Covered,,Resolved,07/May/2026 10:57 PM,15/Apr/2025 12:00 AM,4b08680c.internal,Azul Zulu: CVE-2017-92784: Vulnerability in the JavaFX component,da89f0b6.internal,0,azul-zulu-CVE-2017-68001,"Vulnerable OS: Red Hat Enterprise Linux 8.10


Vulnerable software installed: Azul Systems JRE 1.8.0.382 (/stxbase/stxapp/infa/105/java/jre/lib/rt.jar)

Vulnerable OS: Red Hat Enterprise Linux 8.10


Vulnerable software installed: Azul Systems JRE 1.8.0.282 (/stxbase/stxapp/infa/105/tools/mongodb/Tools/SchemaEditor/runtime/jre/lib/rt.jar)

Vulnerable OS: Red Hat Enterprise Linux 8.10


Vulnerable software installed: Azul Systems JRE 1.8.0.382 (/stxbase/stxapp/infa/105/source/java/jre/lib/rt.jar)",,,,
Vulnerability item,NXP-1698278,682097,6477023.0,usr00857,Risk Covered,,Resolved,07/May/2026 10:57 PM,15/Apr/2025 12:00 AM,4b08680c.internal,Azul Zulu: CVE-2017-63265: Vulnerability in the JavaFX component,da89f0b6.internal,0,azul-zulu-CVE-2017-21857,"Vulnerable OS: Red Hat Enterprise Linux 8.10


Vulnerable software installed: Azul Systems JRE 1.8.0.382 (/stxbase/stxapp/infa/105/java/jre/lib/rt.jar)

Vulnerable OS: Red Hat Enterprise Linux 8.10


Vulnerable software installed: Azul Systems JRE 1.8.0.282 (/stxbase/stxapp/infa/105/tools/mongodb/Tools/SchemaEditor/runtime/jre/lib/rt.jar)

Vulnerable OS: Red Hat Enterprise Linux 8.10


Vulnerable software installed: Azul Systems JRE 1.8.0.382 (/stxbase/stxapp/infa/105/source/java/jre/lib/rt.jar)",,,,
Vulnerability item,NXP-5825007,4882010,6477023.0,usr00857,Risk Covered,,Resolved,07/May/2026 10:57 PM,15/Apr/2025 12:00 AM,4b08680c.internal,"Java CPU April 2024 Oracle Java SE, Oracle GraalVM Enterprise Edition vulnerability (CVE-2017-92784)",da89f0b6.internal,0,jre-vuln-CVE-2017-68001,"Vulnerable OS: Red Hat Enterprise Linux 8.10


Vulnerable software installed: Oracle JRE 1.8.0.341 (/stxbase/stxapp/oracle/client/product/19.17.0/client_1/jdk/jre/lib/rt.jar)

Vulnerable OS: Red Hat Enterprise Linux 8.10


Vulnerable software installed: Oracle JRE 1.8.0.351 (/stxbase/stxapp/oracle/client/product/19.17.0/client_1/OPatch/jre/lib/rt.jar)

Vulnerable OS: Red Hat Enterprise Linux 8.10


Vulnerable software installed: Oracle JRE 1.8.0.192 (/stxbase/stxapp/infa/EBF27003_Server_Installer_linux_em64t/Installer/lib/jre/lib/rt.jar)

Vulnerable OS: Red Hat Enterprise Linux 8.10


Vulnerable software installed: Oracle JRE 1.8.0.192 (/home/lf098_t1/EBF27003_Server_Installer_linux_em64t/Installer/lib/jre/lib/rt.jar)",,,,
Vulnerability item,NXP-3946173,1851219,5047667.0,usr00857,Risk Covered,,Resolved,07/May/2026 10:58 PM,15/Apr/2025 12:00 AM,cc7ef084.internal,"Java CPU April 2024 Oracle Java SE, Oracle GraalVM Enterprise Edition vulnerability (CVE-2017-92784)",8e166a30.internal,0,jre-vuln-CVE-2017-68001,"Vulnerable OS: Red Hat Enterprise Linux 8.10


Vulnerable software installed: Oracle JRE 1.8.0.341 (/stxbase/stxapp/oracle/client/product/19.17.0/client_1/jdk/jre/lib/rt.jar)

Vulnerable OS: Red Hat Enterprise Linux 8.10


Vulnerable software installed: Oracle JRE 1.8.0.351 (/stxbase/stxapp/oracle/client/product/19.17.0/client_1/OPatch/jre/lib/rt.jar)

Vulnerable OS: Red Hat Enterprise Linux 8.10


Vulnerable software installed: Oracle JRE 1.8.0.192 (/stxbase/stxapp/infa/EBF27003_Server_Installer_linux_em64t/Installer/lib/jre/lib/rt.jar)",,,,
Vulnerability item,NXP-4377496,7894639,5047667.0,usr00857,Risk Covered,,Resolved,07/May/2026 10:58 PM,15/Apr/2025 12:00 AM,cc7ef084.internal,Azul Zulu: CVE-2017-92784: Vulnerability in the JavaFX component,8e166a30.internal,0,azul-zulu-CVE-2017-68001,"Vulnerable OS: Red Hat Enterprise Linux 8.10


Vulnerable software installed: Azul Systems JRE 1.8.0.382 (/stxbase/stxapp/infa/105/java/jre/lib/rt.jar)

Vulnerable OS: Red Hat Enterprise Linux 8.10


Vulnerable software installed: Azul Systems JRE 1.8.0.282 (/stxbase/stxapp/infa/105/tools/mongodb/Tools/SchemaEditor/runtime/jre/lib/rt.jar)

Vulnerable OS: Red Hat Enterprise Linux 8.10


Vulnerable software installed: Azul Systems JRE 1.8.0.382 (/stxbase/stxapp/infa/105/source/java/jre/lib/rt.jar)",,,,
Vulnerability item,NXP-6536948,6262523,5047667.0,usr00857,Risk Covered,,Resolved,07/May/2026 10:58 PM,15/Apr/2025 12:00 AM,cc7ef084.internal,Azul Zulu: CVE-2017-63265: Vulnerability in the JavaFX component,8e166a30.internal,0,azul-zulu-CVE-2017-21857,"Vulnerable OS: Red Hat Enterprise Linux 8.10


Vulnerable software installed: Azul Systems JRE 1.8.0.382 (/stxbase/stxapp/infa/105/java/jre/lib/rt.jar)

Vulnerable OS: Red Hat Enterprise Linux 8.10


Vulnerable software installed: Azul Systems JRE 1.8.0.282 (/stxbase/stxapp/infa/105/tools/mongodb/Tools/SchemaEditor/runtime/jre/lib/rt.jar)

Vulnerable OS: Red Hat Enterprise Linux 8.10


Vulnerable software installed: Azul Systems JRE 1.8.0.382 (/stxbase/stxapp/infa/105/source/java/jre/lib/rt.jar)",,,,
Vulnerability item,NXP-5607333,3981346,5405954.0,usr00857,Risk Covered,,Resolved,10/May/2026 12:22 AM,15/Oct/2025 12:00 AM,055d7f64.internal,Azul Zulu: CVE-2017-63265: Vulnerability in the JavaFX component,cdca642e.internal,0,azul-zulu-CVE-2017-21857,"Vulnerable OS: Red Hat Enterprise Linux 8.10


Vulnerable software installed: Azul Systems JRE 1.8.0.382 (/stxbase/stxapp/infa/105/java/jre/lib/rt.jar)

Vulnerable OS: Red Hat Enterprise Linux 8.10


Vulnerable software installed: Azul Systems JRE 1.8.0.282 (/stxbase/stxapp/infa/105/tools/mongodb/Tools/SchemaEditor/runtime/jre/lib/rt.jar)

Vulnerable OS: Red Hat Enterprise Linux 8.10


Vulnerable software installed: Azul Systems JRE 1.8.0.382 (/stxbase/stxapp/infa/105/source/java/jre/lib/rt.jar)",,,,
Vulnerability item,NXP-4423079,823198,5405954.0,usr00857,Risk Covered,,Resolved,10/May/2026 12:22 AM,15/Oct/2025 12:00 AM,055d7f64.internal,Azul Zulu: CVE-2017-92784: Vulnerability in the JavaFX component,cdca642e.internal,0,azul-zulu-CVE-2017-68001,"Vulnerable OS: Red Hat Enterprise Linux 8.10


Vulnerable software installed: Azul Systems JRE 1.8.0.382 (/stxbase/stxapp/infa/105/java/jre/lib/rt.jar)

Vulnerable OS: Red Hat Enterprise Linux 8.10


Vulnerable software installed: Azul Systems JRE 1.8.0.282 (/stxbase/stxapp/infa/105/tools/mongodb/Tools/SchemaEditor/runtime/jre/lib/rt.jar)

Vulnerable OS: Red Hat Enterprise Linux 8.10


Vulnerable software installed: Azul Systems JRE 1.8.0.382 (/stxbase/stxapp/infa/105/source/java/jre/lib/rt.jar)",,,,
Pentest Report,PT-936032,7787515,,,Open,,,16/Apr/2026 6:22 AM,,,,,,2023 REPORT PETER-7075 StatistiX AID019 20240102 v1.0,,,,,
Vulnerability item,GCPSCC-1336540,6862075,4935316.0,usr4276d,Risk Covered,,Resolved,16/Apr/2026 5:37 AM,01/Nov/2025 12:00 AM,,,,,USER_MANAGED_SERVICE_ACCOUNT_KEY,,,,"Service accounts should not have user-managed keys because they can be easily leaked. Learn more at https://aff9c55d.internal/iam/docs/understanding-service-accounts#managing_service_account_keysProject Tags: saallowkeyscreate:EMP-79834,productlineid:0001996383,supportgroupid:0001997404,segregationarea:yellow,applicationid:aid019,costcenter:0001_b1-50318,environment:simulation",Go to https://9d0815de.internal/iam-admin/serviceaccounts/details/117256521015733657779?project=dbg-stx-infra-simu-cf to manage keys. Delete user-managed service account keys if they are not used by any application.
Vulnerability item,GCPSCC-4477772,970233,2429571.0,usr4276d,Risk Covered,,Resolved,16/Apr/2026 5:37 AM,01/Nov/2025 12:00 AM,,,,,USER_MANAGED_SERVICE_ACCOUNT_KEY,,,,"Service accounts should not have user-managed keys because they can be easily leaked. Learn more at https://aff9c55d.internal/iam/docs/understanding-service-accounts#managing_service_account_keysProject Tags: saallowkeyscreate:EMP-79834,productlineid:0001996383,supportgroupid:0001997404,segregationarea:yellow,applicationid:aid019,costcenter:0001_b1-50318,environment:simulation",Go to https://9d0815de.internal/iam-admin/serviceaccounts/details/111962894868174044046?project=dbg-stx-infra-simu-cf to manage keys. Delete user-managed service account keys if they are not used by any application.
Vulnerability item,GCPSCC-3044358,7827375,8201348.0,usr4276d,Risk Covered,,Resolved,16/Apr/2026 5:37 AM,01/Nov/2025 12:00 AM,,,,,USER_MANAGED_SERVICE_ACCOUNT_KEY,,,,"Service accounts should not have user-managed keys because they can be easily leaked. Learn more at https://aff9c55d.internal/iam/docs/understanding-service-accounts#managing_service_account_keysProject Tags: saallowkeyscreate:EMP-79834,productlineid:0001996383,supportgroupid:0001997404,segregationarea:yellow,applicationid:aid019,costcenter:0001_b1-50318,environment:simulation",Go to https://9d0815de.internal/iam-admin/serviceaccounts/details/105708791327990341857?project=dbg-stx-infra-simu-cf to manage keys. Delete user-managed service account keys if they are not used by any application.
Vulnerability item,GCPSCC-6350649,2063101,3907606.0,usr4276d,Risk Covered,,Resolved,16/Apr/2026 5:37 AM,01/Nov/2025 12:00 AM,,,,,USER_MANAGED_SERVICE_ACCOUNT_KEY,,,,"Service accounts should not have user-managed keys because they can be easily leaked. Learn more at https://aff9c55d.internal/iam/docs/understanding-service-accounts#managing_service_account_keysProject Tags: saallowkeyscreate:EMP-79834,productlineid:0001996383,supportgroupid:0001997404,segregationarea:yellow,applicationid:aid019,costcenter:0001_b1-50318,environment:simulation",Go to https://9d0815de.internal/iam-admin/serviceaccounts/details/109455558262601849202?project=dbg-stx-infra-simu-cf to manage keys. Delete user-managed service account keys if they are not used by any application.
Vulnerability item,GCPSCC-5241451,894553,3018123.0,usr4276d,Risk Covered,,Resolved,16/Apr/2026 5:37 AM,01/Nov/2025 12:00 AM,,,,,USER_MANAGED_SERVICE_ACCOUNT_KEY,,,,"Service accounts should not have user-managed keys because they can be easily leaked. Learn more at https://aff9c55d.internal/iam/docs/understanding-service-accounts#managing_service_account_keysProject Tags: saallowkeyscreate:EMP-79834,productlineid:0001996383,supportgroupid:0001997404,segregationarea:yellow,applicationid:aid019,costcenter:0001_b1-50318,environment:simulation",Go to https://9d0815de.internal/iam-admin/serviceaccounts/details/106284544549506875621?project=dbg-stx-infra-simu-cf to manage keys. Delete user-managed service account keys if they are not used by any application.
Vulnerability item,GCPSCC-6693766,3070632,2735943.0,usr4276d,Risk Covered,,Resolved,16/Apr/2026 5:37 AM,01/Nov/2025 12:00 AM,,,,,USER_MANAGED_SERVICE_ACCOUNT_KEY,,,,"Service accounts should not have user-managed keys because they can be easily leaked. Learn more at https://aff9c55d.internal/iam/docs/understanding-service-accounts#managing_service_account_keysProject Tags: saallowkeyscreate:EMP-79834,productlineid:0001996383,supportgroupid:0001997404,segregationarea:yellow,applicationid:aid019,costcenter:0001_b1-50318,environment:simulation",Go to https://9d0815de.internal/iam-admin/serviceaccounts/details/108108675124589400788?project=dbg-stx-infra-simu-cf to manage keys. Delete user-managed service account keys if they are not used by any application.
Vulnerability item,GCPSCC-5510369,8506568,2434445.0,usr4276d,Risk Covered,,Resolved,16/Apr/2026 5:37 AM,01/Nov/2025 12:00 AM,,,,,USER_MANAGED_SERVICE_ACCOUNT_KEY,,,,"Service accounts should not have user-managed keys because they can be easily leaked. Learn more at https://aff9c55d.internal/iam/docs/understanding-service-accounts#managing_service_account_keysProject Tags: saallowkeyscreate:EMP-79834,productlineid:0001996383,supportgroupid:0001997404,segregationarea:yellow,applicationid:aid019,costcenter:0001_b1-50318,environment:simulation",Go to https://9d0815de.internal/iam-admin/serviceaccounts/details/106121499723015266021?project=dbg-stx-infra-simu-cf to manage keys. Delete user-managed service account keys if they are not used by any application.
Vulnerability item,GCPSCC-2932202,7530842,988115.0,usr4276d,Risk Covered,,Resolved,16/Apr/2026 5:37 AM,01/Nov/2025 12:00 AM,,,,,USER_MANAGED_SERVICE_ACCOUNT_KEY,,,,"Service accounts should not have user-managed keys because they can be easily leaked. Learn more at https://aff9c55d.internal/iam/docs/understanding-service-accounts#managing_service_account_keysProject Tags: saallowkeyscreate:EMP-79834,productlineid:0001996383,supportgroupid:0001997404,segregationarea:yellow,applicationid:aid019,costcenter:0001_b1-50318,environment:simulation",Go to https://9d0815de.internal/iam-admin/serviceaccounts/details/102962705026175643658?project=dbg-stx-infra-simu-cf to manage keys. Delete user-managed service account keys if they are not used by any application.
Vulnerability item,GCPSCC-738419,3171444,5863052.0,usr4276d,Risk Covered,,Resolved,16/Apr/2026 5:37 AM,01/Nov/2025 12:00 AM,,,,,USER_MANAGED_SERVICE_ACCOUNT_KEY,,,,"Service accounts should not have user-managed keys because they can be easily leaked. Learn more at https://aff9c55d.internal/iam/docs/understanding-service-accounts#managing_service_account_keysProject Tags: saallowkeyscreate:EMP-79834,productlineid:0001996383,supportgroupid:0001997404,segregationarea:yellow,applicationid:aid019,costcenter:0001_b1-50318,environment:simulation",Go to https://9d0815de.internal/iam-admin/serviceaccounts/details/100022368520720608585?project=dbg-stx-infra-simu-cf to manage keys. Delete user-managed service account keys if they are not used by any application.
Vulnerability item,GCPSCC-5417042,7084115,6333202.0,usr4276d,Risk Covered,,Resolved,16/Apr/2026 5:37 AM,01/Nov/2025 12:00 AM,,,,,USER_MANAGED_SERVICE_ACCOUNT_KEY,,,,"Service accounts should not have user-managed keys because they can be easily leaked. Learn more at https://aff9c55d.internal/iam/docs/understanding-service-accounts#managing_service_account_keysProject Tags: saallowkeyscreate:EMP-79834,productlineid:0001996383,supportgroupid:0001997404,segregationarea:yellow,applicationid:aid019,costcenter:0001_b1-50318,environment:simulation",Go to https://9d0815de.internal/iam-admin/serviceaccounts/details/108696279184533768205?project=dbg-stx-infra-simu-cf to manage keys. Delete user-managed service account keys if they are not used by any application.
Vulnerability item,GCPSCC-1678563,6317409,3661048.0,usr4276d,Risk Covered,,Resolved,16/Apr/2026 5:37 AM,01/Nov/2025 12:00 AM,,,,,USER_MANAGED_SERVICE_ACCOUNT_KEY,,,,"Service accounts should not have user-managed keys because they can be easily leaked. Learn more at https://aff9c55d.internal/iam/docs/understanding-service-accounts#managing_service_account_keysProject Tags: saallowkeyscreate:EMP-79834,productlineid:0001996383,supportgroupid:0001997404,segregationarea:yellow,applicationid:aid019,costcenter:0001_b1-50318,environment:simulation",Go to https://9d0815de.internal/iam-admin/serviceaccounts/details/108379672873721845984?project=dbg-stx-infra-simu-cf to manage keys. Delete user-managed service account keys if they are not used by any application.
Vulnerability item,GCPSCC-3977592,1109579,7093309.0,usr4276d,Risk Covered,,Resolved,16/Apr/2026 5:37 AM,01/Nov/2025 12:00 AM,,,,,USER_MANAGED_SERVICE_ACCOUNT_KEY,,,,"Service accounts should not have user-managed keys because they can be easily leaked. Learn more at https://aff9c55d.internal/iam/docs/understanding-service-accounts#managing_service_account_keysProject Tags: saallowkeyscreate:EMP-79834,productlineid:0001996383,supportgroupid:0001997404,segregationarea:yellow,applicationid:aid019,costcenter:0001_b1-50318,environment:simulation",Go to https://9d0815de.internal/iam-admin/serviceaccounts/details/114070130677173990511?project=dbg-stx-infra-simu-cf to manage keys. Delete user-managed service account keys if they are not used by any application.
Vulnerability item,GCPSCC-5761644,5345822,3004929.0,usr4276d,Risk Covered,,Resolved,16/Apr/2026 5:37 AM,01/Nov/2025 12:00 AM,,,,,USER_MANAGED_SERVICE_ACCOUNT_KEY,,,,"Service accounts should not have user-managed keys because they can be easily leaked. Learn more at https://aff9c55d.internal/iam/docs/understanding-service-accounts#managing_service_account_keysProject Tags: saallowkeyscreate:EMP-79834,productlineid:0001996383,supportgroupid:0001997404,segregationarea:yellow,applicationid:aid019,costcenter:0001_b1-50318,environment:simulation",Go to https://9d0815de.internal/iam-admin/serviceaccounts/details/113940122015623300405?project=dbg-stx-infra-simu-cf to manage keys. Delete user-managed service account keys if they are not used by any application.
Vulnerability item,GCPSCC-1615606,2872618,1688053.0,usr4276d,Risk Covered,,Resolved,16/Apr/2026 5:37 AM,01/Nov/2025 12:00 AM,,,,,USER_MANAGED_SERVICE_ACCOUNT_KEY,,,,"Service accounts should not have user-managed keys because they can be easily leaked. Learn more at https://aff9c55d.internal/iam/docs/understanding-service-accounts#managing_service_account_keysProject Tags: saallowkeyscreate:EMP-79834,productlineid:0001996383,supportgroupid:0001997404,segregationarea:yellow,applicationid:aid019,costcenter:0001_b1-50318,environment:simulation",Go to https://9d0815de.internal/iam-admin/serviceaccounts/details/110995944110842568194?project=dbg-stx-infra-simu-cf to manage keys. Delete user-managed service account keys if they are not used by any application.
Vulnerability item,GCPSCC-6076449,2812259,236766.0,usr4276d,Risk Covered,,Resolved,16/Apr/2026 5:37 AM,01/Nov/2025 12:00 AM,,,,,USER_MANAGED_SERVICE_ACCOUNT_KEY,,,,"Service accounts should not have user-managed keys because they can be easily leaked. Learn more at https://aff9c55d.internal/iam/docs/understanding-service-accounts#managing_service_account_keysProject Tags: saallowkeyscreate:EMP-79834,productlineid:0001996383,supportgroupid:0001997404,segregationarea:yellow,applicationid:aid019,costcenter:0001_b1-50318,environment:simulation",Go to https://9d0815de.internal/iam-admin/serviceaccounts/details/110691370676954670206?project=dbg-stx-infra-simu-cf to manage keys. Delete user-managed service account keys if they are not used by any application.
Vulnerability item,GCPSCC-5143357,3932967,6952146.0,usr4276d,Risk Covered,,Resolved,16/Apr/2026 5:37 AM,01/Nov/2025 12:00 AM,,,,,USER_MANAGED_SERVICE_ACCOUNT_KEY,,,,"Service accounts should not have user-managed keys because they can be easily leaked. Learn more at https://aff9c55d.internal/iam/docs/understanding-service-accounts#managing_service_account_keysProject Tags: saallowkeyscreate:EMP-79834,productlineid:0001996383,supportgroupid:0001997404,segregationarea:yellow,applicationid:aid019,costcenter:0001_b1-50318,environment:simulation",Go to https://9d0815de.internal/iam-admin/serviceaccounts/details/109788921966248982910?project=dbg-stx-infra-simu-cf to manage keys. Delete user-managed service account keys if they are not used by any application.
Vulnerability item,GCPSCC-7022129,5803011,5765591.0,usr4276d,Risk Covered,,Resolved,16/Apr/2026 5:37 AM,01/Nov/2025 12:00 AM,,,,,USER_MANAGED_SERVICE_ACCOUNT_KEY,,,,"Service accounts should not have user-managed keys because they can be easily leaked. Learn more at https://aff9c55d.internal/iam/docs/understanding-service-accounts#managing_service_account_keysProject Tags: saallowkeyscreate:EMP-79834,productlineid:0001996383,supportgroupid:0001997404,segregationarea:yellow,applicationid:aid019,costcenter:0001_b1-50318,environment:simulation",Go to https://9d0815de.internal/iam-admin/serviceaccounts/details/105721542654934338876?project=dbg-stx-infra-simu-cf to manage keys. Delete user-managed service account keys if they are not used by any application.
Vulnerability item,GCPSCC-7234026,2757583,3218322.0,usr4276d,Risk Covered,,Resolved,16/Apr/2026 5:37 AM,01/Nov/2025 12:00 AM,,,,,USER_MANAGED_SERVICE_ACCOUNT_KEY,,,,"Service accounts should not have user-managed keys because they can be easily leaked. Learn more at https://aff9c55d.internal/iam/docs/understanding-service-accounts#managing_service_account_keysProject Tags: saallowkeyscreate:EMP-79834,productlineid:0001996383,supportgroupid:0001997404,segregationarea:yellow,applicationid:aid019,costcenter:0001_b1-50318,environment:simulation",Go to https://9d0815de.internal/iam-admin/serviceaccounts/details/114306511365856472510?project=dbg-stx-infra-simu-cf to manage keys. Delete user-managed service account keys if they are not used by any application.
Vulnerability item,GCPSCC-2509097,6634019,4638380.0,usr4276d,Risk Covered,,Resolved,16/Apr/2026 5:37 AM,01/Nov/2025 12:00 AM,,,,,USER_MANAGED_SERVICE_ACCOUNT_KEY,,,,"Service accounts should not have user-managed keys because they can be easily leaked. Learn more at https://aff9c55d.internal/iam/docs/understanding-service-accounts#managing_service_account_keysProject Tags: saallowkeyscreate:EMP-79834,productlineid:0001996383,supportgroupid:0001997404,segregationarea:yellow,applicationid:aid019,costcenter:0001_b1-50318,environment:simulation",Go to https://9d0815de.internal/iam-admin/serviceaccounts/details/112510108320876386428?project=dbg-stx-infra-simu-cf to manage keys. Delete user-managed service account keys if they are not used by any application.
Vulnerability item,GCPSCC-7570165,4442107,5391624.0,usr4276d,Risk Covered,,Resolved,16/Apr/2026 5:37 AM,01/Nov/2025 12:00 AM,,,,,USER_MANAGED_SERVICE_ACCOUNT_KEY,,,,"Service accounts should not have user-managed keys because they can be easily leaked. Learn more at https://aff9c55d.internal/iam/docs/understanding-service-accounts#managing_service_account_keysProject Tags: saallowkeyscreate:EMP-79834,productlineid:0001996383,supportgroupid:0001997404,segregationarea:yellow,applicationid:aid019,costcenter:0001_b1-50318,environment:simulation",Go to https://9d0815de.internal/iam-admin/serviceaccounts/details/105796804180709886914?project=dbg-stx-infra-simu-cf to manage keys. Delete user-managed service account keys if they are not used by any application.
Vulnerability item,GCPSCC-8759801,714817,6596097.0,usr4276d,Risk Covered,,Resolved,16/Apr/2026 5:37 AM,01/Nov/2025 12:00 AM,,,,,USER_MANAGED_SERVICE_ACCOUNT_KEY,,,,"Service accounts should not have user-managed keys because they can be easily leaked. Learn more at https://aff9c55d.internal/iam/docs/understanding-service-accounts#managing_service_account_keysProject Tags: saallowkeyscreate:EMP-79834,productlineid:0001996383,supportgroupid:0001997404,segregationarea:yellow,applicationid:aid019,costcenter:0001_b1-50318,environment:simulation",Go to https://9d0815de.internal/iam-admin/serviceaccounts/details/108263461503537083205?project=dbg-stx-infra-simu-cf to manage keys. Delete user-managed service account keys if they are not used by any application.
Vulnerability item,GCPSCC-5106318,4395966,7089831.0,usr4276d,Risk Covered,,Resolved,16/Apr/2026 5:37 AM,01/Nov/2025 12:00 AM,,,,,USER_MANAGED_SERVICE_ACCOUNT_KEY,,,,"Service accounts should not have user-managed keys because they can be easily leaked. Learn more at https://aff9c55d.internal/iam/docs/understanding-service-accounts#managing_service_account_keysProject Tags: saallowkeyscreate:EMP-79834,productlineid:0001996383,supportgroupid:0001997404,segregationarea:yellow,applicationid:aid019,costcenter:0001_b1-50318,environment:simulation",Go to https://9d0815de.internal/iam-admin/serviceaccounts/details/111206159098009894101?project=dbg-stx-infra-simu-cf to manage keys. Delete user-managed service account keys if they are not used by any application.
Vulnerability item,GCPSCC-1904724,5918492,8056768.0,usr4276d,Risk Covered,,Resolved,16/Apr/2026 5:37 AM,01/Nov/2025 12:00 AM,,,,,USER_MANAGED_SERVICE_ACCOUNT_KEY,,,,"Service accounts should not have user-managed keys because they can be easily leaked. Learn more at https://aff9c55d.internal/iam/docs/understanding-service-accounts#managing_service_account_keysProject Tags: saallowkeyscreate:EMP-79834,productlineid:0001996383,supportgroupid:0001997404,segregationarea:yellow,applicationid:aid019,costcenter:0001_b1-50318,environment:simulation",Go to https://9d0815de.internal/iam-admin/serviceaccounts/details/107969788916891154866?project=dbg-stx-infra-simu-cf to manage keys. Delete user-managed service account keys if they are not used by any application.
Vulnerability item,GCPSCC-1070127,7994954,4445279.0,usr4276d,Risk Covered,,Resolved,16/Apr/2026 5:37 AM,01/Nov/2025 12:00 AM,,,,,USER_MANAGED_SERVICE_ACCOUNT_KEY,,,,"Service accounts should not have user-managed keys because they can be easily leaked. Learn more at https://aff9c55d.internal/iam/docs/understanding-service-accounts#managing_service_account_keysProject Tags: saallowkeyscreate:EMP-79834,productlineid:0001996383,supportgroupid:0001997404,segregationarea:yellow,applicationid:aid019,costcenter:0001_b1-50318,environment:simulation",Go to https://9d0815de.internal/iam-admin/serviceaccounts/details/103256301878526323133?project=dbg-stx-infra-simu-cf to manage keys. Delete user-managed service account keys if they are not used by any application.
Vulnerability item,GCPSCC-3798232,6582859,4955015.0,usr4276d,Risk Covered,,Resolved,16/Apr/2026 5:37 AM,01/Nov/2025 12:00 AM,,,,,USER_MANAGED_SERVICE_ACCOUNT_KEY,,,,"Service accounts should not have user-managed keys because they can be easily leaked. Learn more at https://aff9c55d.internal/iam/docs/understanding-service-accounts#managing_service_account_keysProject Tags: saallowkeyscreate:EMP-79834,productlineid:0001996383,supportgroupid:0001997404,segregationarea:yellow,applicationid:aid019,costcenter:0001_b1-50318,environment:simulation",Go to https://9d0815de.internal/iam-admin/serviceaccounts/details/104596276797504227706?project=dbg-stx-infra-simu-cf to manage keys. Delete user-managed service account keys if they are not used by any application.
Vulnerability item,GCPSCC-1450786,6450109,215936.0,usr4276d,Risk Covered,,Resolved,16/Apr/2026 5:37 AM,01/Nov/2025 12:00 AM,,,,,USER_MANAGED_SERVICE_ACCOUNT_KEY,,,,"Service accounts should not have user-managed keys because they can be easily leaked. Learn more at https://aff9c55d.internal/iam/docs/understanding-service-accounts#managing_service_account_keysProject Tags: saallowkeyscreate:EMP-79834,productlineid:0001996383,supportgroupid:0001997404,segregationarea:yellow,applicationid:aid019,costcenter:0001_b1-50318,environment:simulation",Go to https://9d0815de.internal/iam-admin/serviceaccounts/details/112208398886872873445?project=dbg-stx-infra-simu-cf to manage keys. Delete user-managed service account keys if they are not used by any application.
Vulnerability item,GCPSCC-6962518,873783,4681461.0,usr4276d,Risk Covered,,Resolved,16/Apr/2026 5:37 AM,01/Nov/2025 12:00 AM,,,,,USER_MANAGED_SERVICE_ACCOUNT_KEY,,,,"Service accounts should not have user-managed keys because they can be easily leaked. Learn more at https://aff9c55d.internal/iam/docs/understanding-service-accounts#managing_service_account_keysProject Tags: saallowkeyscreate:EMP-79834,productlineid:0001996383,supportgroupid:0001997404,segregationarea:yellow,applicationid:aid019,costcenter:0001_b1-50318,environment:simulation",Go to https://9d0815de.internal/iam-admin/serviceaccounts/details/100444830667311354586?project=dbg-stx-infra-simu-cf to manage keys. Delete user-managed service account keys if they are not used by any application.
Vulnerability item,GCPSCC-6363162,6506083,193486.0,usr4276d,Risk Covered,,Resolved,16/Apr/2026 5:37 AM,01/Nov/2025 12:00 AM,,,,,USER_MANAGED_SERVICE_ACCOUNT_KEY,,,,"Service accounts should not have user-managed keys because they can be easily leaked. Learn more at https://aff9c55d.internal/iam/docs/understanding-service-accounts#managing_service_account_keysProject Tags: saallowkeyscreate:EMP-79834,productlineid:0001996383,supportgroupid:0001997404,segregationarea:yellow,applicationid:aid019,costcenter:0001_b1-50318,environment:simulation",Go to https://9d0815de.internal/iam-admin/serviceaccounts/details/106531340375720949995?project=dbg-stx-infra-simu-cf to manage keys. Delete user-managed service account keys if they are not used by any application.
Vulnerability item,GCPSCC-2298760,3204286,5726630.0,usr4276d,Risk Covered,,Resolved,16/Apr/2026 5:37 AM,01/Nov/2025 12:00 AM,,,,,USER_MANAGED_SERVICE_ACCOUNT_KEY,,,,"Service accounts should not have user-managed keys because they can be easily leaked. Learn more at https://aff9c55d.internal/iam/docs/understanding-service-accounts#managing_service_account_keysProject Tags: saallowkeyscreate:EMP-79834,productlineid:0001996383,supportgroupid:0001997404,segregationarea:yellow,applicationid:aid019,costcenter:0001_b1-50318,environment:simulation",Go to https://9d0815de.internal/iam-admin/serviceaccounts/details/101849775449296658066?project=dbg-stx-infra-simu-cf to manage keys. Delete user-managed service account keys if they are not used by any application.
Vulnerability item,GCPSCC-6763847,1070796,3523432.0,usr4276d,Risk Covered,,Resolved,16/Apr/2026 5:37 AM,01/Nov/2025 12:00 AM,,,,,USER_MANAGED_SERVICE_ACCOUNT_KEY,,,,"Service accounts should not have user-managed keys because they can be easily leaked. Learn more at https://aff9c55d.internal/iam/docs/understanding-service-accounts#managing_service_account_keysProject Tags: saallowkeyscreate:EMP-79834,productlineid:0001996383,supportgroupid:0001997404,segregationarea:yellow,applicationid:aid019,costcenter:0001_b1-50318,environment:simulation",Go to https://9d0815de.internal/iam-admin/serviceaccounts/details/103159588490362737534?project=dbg-stx-infra-simu-cf to manage keys. Delete user-managed service account keys if they are not used by any application.
Vulnerability item,GCPSCC-6218737,1177283,1830994.0,usr4276d,Risk Covered,,Resolved,16/Apr/2026 5:37 AM,01/Nov/2025 12:00 AM,,,,,USER_MANAGED_SERVICE_ACCOUNT_KEY,,,,"Service accounts should not have user-managed keys because they can be easily leaked. Learn more at https://aff9c55d.internal/iam/docs/understanding-service-accounts#managing_service_account_keysProject Tags: saallowkeyscreate:EMP-79834,productlineid:0001996383,supportgroupid:0001997404,segregationarea:yellow,applicationid:aid019,costcenter:0001_b1-50318,environment:simulation",Go to https://9d0815de.internal/iam-admin/serviceaccounts/details/106803594560789045794?project=dbg-stx-infra-simu-cf to manage keys. Delete user-managed service account keys if they are not used by any application.
Vulnerability item,GCPSCC-2973885,747041,8310955.0,usr4276d,Risk Covered,,Resolved,16/Apr/2026 5:37 AM,01/Nov/2025 12:00 AM,,,,,USER_MANAGED_SERVICE_ACCOUNT_KEY,,,,"Service accounts should not have user-managed keys because they can be easily leaked. Learn more at https://aff9c55d.internal/iam/docs/understanding-service-accounts#managing_service_account_keysProject Tags: saallowkeyscreate:EMP-79834,productlineid:0001996383,supportgroupid:0001997404,segregationarea:yellow,applicationid:aid019,costcenter:0001_b1-50318,environment:simulation",Go to https://9d0815de.internal/iam-admin/serviceaccounts/details/115964616017733040632?project=dbg-stx-infra-simu-cf to manage keys. Delete user-managed service account keys if they are not used by any application.
Vulnerability item,GCPSCC-7135187,7600867,2208672.0,usr4276d,Risk Covered,,Resolved,16/Apr/2026 5:37 AM,01/Nov/2025 12:00 AM,,,,,USER_MANAGED_SERVICE_ACCOUNT_KEY,,,,"Service accounts should not have user-managed keys because they can be easily leaked. Learn more at https://aff9c55d.internal/iam/docs/understanding-service-accounts#managing_service_account_keysProject Tags: saallowkeyscreate:EMP-79834,productlineid:0001996383,supportgroupid:0001997404,segregationarea:yellow,applicationid:aid019,costcenter:0001_b1-50318,environment:simulation",Go to https://9d0815de.internal/iam-admin/serviceaccounts/details/117814203413990043301?project=dbg-stx-infra-simu-cf to manage keys. Delete user-managed service account keys if they are not used by any application.
Vulnerability item,GCPSCC-848662,3383472,6449217.0,usr4276d,Risk Covered,,Resolved,16/Apr/2026 5:37 AM,01/Nov/2025 12:00 AM,,,,,USER_MANAGED_SERVICE_ACCOUNT_KEY,,,,"Service accounts should not have user-managed keys because they can be easily leaked. Learn more at https://aff9c55d.internal/iam/docs/understanding-service-accounts#managing_service_account_keysProject Tags: saallowkeyscreate:EMP-79834,productlineid:0001996383,supportgroupid:0001997404,segregationarea:yellow,applicationid:aid019,costcenter:0001_b1-50318,environment:simulation",Go to https://9d0815de.internal/iam-admin/serviceaccounts/details/111823804144402740360?project=dbg-stx-infra-simu-cf to manage keys. Delete user-managed service account keys if they are not used by any application.
Vulnerability item,GCPSCC-5226985,3014716,834957.0,usr4276d,Risk Covered,,Resolved,16/Apr/2026 5:37 AM,01/Nov/2025 12:00 AM,,,,,USER_MANAGED_SERVICE_ACCOUNT_KEY,,,,"Service accounts should not have user-managed keys because they can be easily leaked. Learn more at https://aff9c55d.internal/iam/docs/understanding-service-accounts#managing_service_account_keysProject Tags: saallowkeyscreate:EMP-79834,productlineid:0001996383,supportgroupid:0001997404,segregationarea:yellow,applicationid:aid019,costcenter:0001_b1-50318,environment:simulation",Go to https://9d0815de.internal/iam-admin/serviceaccounts/details/105708587595530306262?project=dbg-stx-infra-simu-cf to manage keys. Delete user-managed service account keys if they are not used by any application.
Vulnerability item,GCPSCC-2001865,861780,6445624.0,usr4276d,Risk Covered,,Resolved,16/Apr/2026 5:37 AM,01/Nov/2025 12:00 AM,,,,,USER_MANAGED_SERVICE_ACCOUNT_KEY,,,,"Service accounts should not have user-managed keys because they can be easily leaked. Learn more at https://aff9c55d.internal/iam/docs/understanding-service-accounts#managing_service_account_keysProject Tags: saallowkeyscreate:EMP-79834,productlineid:0001996383,supportgroupid:0001997404,segregationarea:yellow,applicationid:aid019,costcenter:0001_b1-50318,environment:simulation",Go to https://9d0815de.internal/iam-admin/serviceaccounts/details/109277215686414136757?project=dbg-stx-infra-simu-cf to manage keys. Delete user-managed service account keys if they are not used by any application.
Vulnerability item,GCPSCC-8293297,436966,5707829.0,usr4276d,Risk Covered,,Resolved,16/Apr/2026 5:37 AM,01/Nov/2025 12:00 AM,,,,,USER_MANAGED_SERVICE_ACCOUNT_KEY,,,,"Service accounts should not have user-managed keys because they can be easily leaked. Learn more at https://aff9c55d.internal/iam/docs/understanding-service-accounts#managing_service_account_keysProject Tags: saallowkeyscreate:EMP-79834,productlineid:0001996383,supportgroupid:0001997404,segregationarea:yellow,applicationid:aid019,costcenter:0001_b1-50318,environment:simulation",Go to https://9d0815de.internal/iam-admin/serviceaccounts/details/111657927873223410575?project=dbg-stx-infra-simu-cf to manage keys. Delete user-managed service account keys if they are not used by any application.
Vulnerability item,GCPSCC-1201773,4916551,7672530.0,usr4276d,Risk Covered,,Resolved,16/Apr/2026 5:37 AM,01/Nov/2025 12:00 AM,,,,,USER_MANAGED_SERVICE_ACCOUNT_KEY,,,,"Service accounts should not have user-managed keys because they can be easily leaked. Learn more at https://aff9c55d.internal/iam/docs/understanding-service-accounts#managing_service_account_keysProject Tags: saallowkeyscreate:EMP-79834,productlineid:0001996383,supportgroupid:0001997404,segregationarea:yellow,applicationid:aid019,costcenter:0001_b1-50318,environment:simulation",Go to https://9d0815de.internal/iam-admin/serviceaccounts/details/114794173021417537851?project=dbg-stx-infra-simu-cf to manage keys. Delete user-managed service account keys if they are not used by any application.
Vulnerability item,GCPSCC-717836,8239624,5075241.0,usr4276d,Risk Covered,,Resolved,16/Apr/2026 5:37 AM,01/Nov/2025 12:00 AM,,,,,USER_MANAGED_SERVICE_ACCOUNT_KEY,,,,"Service accounts should not have user-managed keys because they can be easily leaked. Learn more at https://aff9c55d.internal/iam/docs/understanding-service-accounts#managing_service_account_keysProject Tags: saallowkeyscreate:EMP-79834,productlineid:0001996383,supportgroupid:0001997404,segregationarea:yellow,applicationid:aid019,costcenter:0001_b1-50318,environment:simulation",Go to https://9d0815de.internal/iam-admin/serviceaccounts/details/111529585669442027436?project=dbg-stx-infra-simu-cf to manage keys. Delete user-managed service account keys if they are not used by any application.
Vulnerability item,GCPSCC-4303962,954750,649292.0,usr4276d,Risk Covered,,Resolved,16/Apr/2026 5:37 AM,25/Oct/2025 12:00 AM,,,,,USER_MANAGED_SERVICE_ACCOUNT_KEY,,,,Service accounts should not have user-managed keys because they can be easily leaked. Learn more at https://aff9c55d.internal/iam/docs/understanding-service-accounts#managing_service_account_keys,Go to https://9d0815de.internal/iam-admin/serviceaccounts/details/105434388828433614406?project=dbg-stx-infra-simu-cf to manage keys. Delete user-managed service account keys if they are not used by any application.
Vulnerability item,GCPSCC-4376703,4991484,3972922.0,usr4276d,Risk Covered,,Resolved,16/Apr/2026 5:37 AM,25/Oct/2025 12:00 AM,,,,,USER_MANAGED_SERVICE_ACCOUNT_KEY,,,,"Service accounts should not have user-managed keys because they can be easily leaked. Learn more at https://aff9c55d.internal/iam/docs/understanding-service-accounts#managing_service_account_keysProject Tags: saallowkeyscreate:EMP-79834,productlineid:0001996383,supportgroupid:0001997404,segregationarea:yellow,applicationid:aid019,costcenter:0001_b1-50318,environment:simulation",Go to https://9d0815de.internal/iam-admin/serviceaccounts/details/108696279184533768205?project=dbg-stx-infra-simu-cf to manage keys. Delete user-managed service account keys if they are not used by any application.
Vulnerability item,GCPSCC-1932578,3218889,8729739.0,usr4276d,Risk Covered,,Resolved,16/Apr/2026 5:37 AM,25/Oct/2025 12:00 AM,,,,,USER_MANAGED_SERVICE_ACCOUNT_KEY,,,,Service accounts should not have user-managed keys because they can be easily leaked. Learn more at https://aff9c55d.internal/iam/docs/understanding-service-accounts#managing_service_account_keys,Go to https://9d0815de.internal/iam-admin/serviceaccounts/details/111004166762313520584?project=dbg-stx-infra-simu-cf to manage keys. Delete user-managed service account keys if they are not used by any application.
Vulnerability item,GCPSCC-2991175,2274670,6377282.0,usr4276d,Risk Covered,,Resolved,16/Apr/2026 5:37 AM,25/Oct/2025 12:00 AM,,,,,USER_MANAGED_SERVICE_ACCOUNT_KEY,,,,Service accounts should not have user-managed keys because they can be easily leaked. Learn more at https://aff9c55d.internal/iam/docs/understanding-service-accounts#managing_service_account_keys,Go to https://9d0815de.internal/iam-admin/serviceaccounts/details/112165032657561088040?project=dbg-stx-infra-simu-cf to manage keys. Delete user-managed service account keys if they are not used by any application.
Vulnerability item,GCPSCC-6106128,8702934,9020136.0,usr4276d,Risk Covered,,Resolved,16/Apr/2026 5:37 AM,25/Oct/2025 12:00 AM,,,,,USER_MANAGED_SERVICE_ACCOUNT_KEY,,,,Service accounts should not have user-managed keys because they can be easily leaked. Learn more at https://aff9c55d.internal/iam/docs/understanding-service-accounts#managing_service_account_keys,Go to https://9d0815de.internal/iam-admin/serviceaccounts/details/105856261321079913653?project=dbg-stx-infra-simu-cf to manage keys. Delete user-managed service account keys if they are not used by any application.
Vulnerability item,GCPSCC-6905307,6687186,4107463.0,usr4276d,Risk Covered,,Resolved,16/Apr/2026 5:37 AM,25/Oct/2025 12:00 AM,,,,,USER_MANAGED_SERVICE_ACCOUNT_KEY,,,,Service accounts should not have user-managed keys because they can be easily leaked. Learn more at https://aff9c55d.internal/iam/docs/understanding-service-accounts#managing_service_account_keys,Go to https://9d0815de.internal/iam-admin/serviceaccounts/details/116981010434860249695?project=dbg-stx-infra-simu-cf to manage keys. Delete user-managed service account keys if they are not used by any application.
Vulnerability item,GCPSCC-8839051,267083,532586.0,usr4276d,Risk Covered,,Resolved,16/Apr/2026 5:37 AM,25/Oct/2025 12:00 AM,,,,,USER_MANAGED_SERVICE_ACCOUNT_KEY,,,,"Service accounts should not have user-managed keys because they can be easily leaked. Learn more at https://aff9c55d.internal/iam/docs/understanding-service-accounts#managing_service_account_keysProject Tags: saallowkeyscreate:EMP-79834,productlineid:0001996383,supportgroupid:0001997404,segregationarea:yellow,applicationid:aid019,costcenter:0001_b1-50318,environment:simulation",Go to https://9d0815de.internal/iam-admin/serviceaccounts/details/109455558262601849202?project=dbg-stx-infra-simu-cf to manage keys. Delete user-managed service account keys if they are not used by any application.
Vulnerability item,GCPSCC-3586532,541234,5060032.0,usr4276d,Risk Covered,,Resolved,16/Apr/2026 5:37 AM,25/Oct/2025 12:00 AM,,,,,USER_MANAGED_SERVICE_ACCOUNT_KEY,,,,Service accounts should not have user-managed keys because they can be easily leaked. Learn more at https://aff9c55d.internal/iam/docs/understanding-service-accounts#managing_service_account_keys,Go to https://9d0815de.internal/iam-admin/serviceaccounts/details/106284544549506875621?project=dbg-stx-infra-simu-cf to manage keys. Delete user-managed service account keys if they are not used by any application.
Vulnerability item,GCPSCC-7501457,1834861,4165560.0,usr4276d,Risk Covered,,Resolved,16/Apr/2026 5:37 AM,25/Oct/2025 12:00 AM,,,,,USER_MANAGED_SERVICE_ACCOUNT_KEY,,,,Service accounts should not have user-managed keys because they can be easily leaked. Learn more at https://aff9c55d.internal/iam/docs/understanding-service-accounts#managing_service_account_keys,Go to https://9d0815de.internal/iam-admin/serviceaccounts/details/116981010434860249695?project=dbg-stx-infra-simu-cf to manage keys. Delete user-managed service account keys if they are not used by any application.
Vulnerability item,GCPSCC-6059551,8200123,2943679.0,usr4276d,Risk Covered,,Resolved,16/Apr/2026 5:38 AM,25/Oct/2025 12:00 AM,,,,,USER_MANAGED_SERVICE_ACCOUNT_KEY,,,,Service accounts should not have user-managed keys because they can be easily leaked. Learn more at https://aff9c55d.internal/iam/docs/understanding-service-accounts#managing_service_account_keys,Go to https://9d0815de.internal/iam-admin/serviceaccounts/details/106453200318997877595?project=dbg-stx-infra-simu-cf to manage keys. Delete user-managed service account keys if they are not used by any application.
Vulnerability item,GCPSCC-7036917,8216041,3538515.0,usr4276d,Risk Covered,,Resolved,16/Apr/2026 5:38 AM,25/Oct/2025 12:00 AM,,,,,USER_MANAGED_SERVICE_ACCOUNT_KEY,,,,Service accounts should not have user-managed keys because they can be easily leaked. Learn more at https://aff9c55d.internal/iam/docs/understanding-service-accounts#managing_service_account_keys,Go to https://9d0815de.internal/iam-admin/serviceaccounts/details/112958070407536323099?project=dbg-stx-infra-simu-cf to manage keys. Delete user-managed service account keys if they are not used by any application.
Vulnerability item,GCPSCC-3732276,3693761,7536673.0,usr4276d,Risk Covered,,Resolved,16/Apr/2026 5:38 AM,11/Oct/2025 12:00 AM,,,,,USER_MANAGED_SERVICE_ACCOUNT_KEY,,,,"Service accounts should not have user-managed keys because they can be easily leaked. Learn more at https://aff9c55d.internal/iam/docs/understanding-service-accounts#managing_service_account_keysProject Tags: saallowkeyscreate:EMP-79834,productlineid:0001996383,supportgroupid:0001997404,segregationarea:yellow,applicationid:aid019,costcenter:0001_b1-50318,environment:simulation",Go to https://9d0815de.internal/iam-admin/serviceaccounts/details/108696279184533768205?project=dbg-stx-infra-simu-cf to manage keys. Delete user-managed service account keys if they are not used by any application.
Vulnerability item,GCPSCC-4714744,8232080,1333588.0,usr4276d,Risk Covered,,Resolved,16/Apr/2026 5:38 AM,11/Oct/2025 12:00 AM,,,,,USER_MANAGED_SERVICE_ACCOUNT_KEY,,,,"Service accounts should not have user-managed keys because they can be easily leaked. Learn more at https://aff9c55d.internal/iam/docs/understanding-service-accounts#managing_service_account_keysProject Tags: saallowkeyscreate:EMP-79834,productlineid:0001996383,supportgroupid:0001997404,segregationarea:yellow,applicationid:aid019,costcenter:0001_b1-50318,environment:simulation",Go to https://9d0815de.internal/iam-admin/serviceaccounts/details/109455558262601849202?project=dbg-stx-infra-simu-cf to manage keys. Delete user-managed service account keys if they are not used by any application.
Vulnerability item,GCPSCC-3447859,7335242,4727459.0,usr4276d,Risk Covered,,Resolved,16/Apr/2026 5:38 AM,11/Oct/2025 12:00 AM,,,,,USER_MANAGED_SERVICE_ACCOUNT_KEY,,,,"Service accounts should not have user-managed keys because they can be easily leaked. Learn more at https://aff9c55d.internal/iam/docs/understanding-service-accounts#managing_service_account_keysProject Tags: saallowkeyscreate:EMP-79834,environment:production,productlineid:0001996383,supportgroupid:0001997404,applicationid:aid019,costcenter:0001_b1-50318,segregationarea:red",Go to https://9d0815de.internal/iam-admin/serviceaccounts/details/111045436579842210595?project=dbg-stx-infra-prod-3e to manage keys. Delete user-managed service account keys if they are not used by any application.
Vulnerability item,GCPSCC-4403312,5069560,6096710.0,usr4276d,Risk Covered,,Resolved,16/Apr/2026 5:37 AM,29/Nov/2025 12:00 AM,,,,,USER_MANAGED_SERVICE_ACCOUNT_KEY,,,,"Service accounts should not have user-managed keys because they can be easily leaked. Learn more at https://aff9c55d.internal/iam/docs/understanding-service-accounts#managing_service_account_keysProject Tags: saallowkeyscreate:EMP-79834,productlineid:0001996383,supportgroupid:0001997404,segregationarea:yellow,applicationid:aid019,costcenter:0001_b1-50318,environment:simulation",Go to https://9d0815de.internal/iam-admin/serviceaccounts/details/103419203979640610263?project=dbg-stx-infra-simu-cf to manage keys. Delete user-managed service account keys if they are not used by any application.
Vulnerability item,GCPSCC-9063214,8775604,6537551.0,usr4276d,Risk Covered,,Resolved,16/Apr/2026 5:37 AM,29/Nov/2025 12:00 AM,,,,,USER_MANAGED_SERVICE_ACCOUNT_KEY,,,,"Service accounts should not have user-managed keys because they can be easily leaked. Learn more at https://aff9c55d.internal/iam/docs/understanding-service-accounts#managing_service_account_keysProject Tags: saallowkeyscreate:EMP-79834,productlineid:0001996383,supportgroupid:0001997404,segregationarea:yellow,applicationid:aid019,costcenter:0001_b1-50318,environment:simulation",Go to https://9d0815de.internal/iam-admin/serviceaccounts/details/108994370705331074837?project=dbg-stx-infra-simu-cf to manage keys. Delete user-managed service account keys if they are not used by any application.
Vulnerability item,GCPSCC-3940662,7602020,7767596.0,usr4276d,Risk Covered,,Resolved,16/Apr/2026 5:37 AM,29/Nov/2025 12:00 AM,,,,,USER_MANAGED_SERVICE_ACCOUNT_KEY,,,,"Service accounts should not have user-managed keys because they can be easily leaked. Learn more at https://aff9c55d.internal/iam/docs/understanding-service-accounts#managing_service_account_keysProject Tags: saallowkeyscreate:EMP-79834,productlineid:0001996383,supportgroupid:0001997404,segregationarea:yellow,applicationid:aid019,costcenter:0001_b1-50318,environment:simulation",Go to https://9d0815de.internal/iam-admin/serviceaccounts/details/111469153998942719504?project=dbg-stx-infra-simu-cf to manage keys. Delete user-managed service account keys if they are not used by any application.
Vulnerability item,GCPSCC-6980283,6982482,8737215.0,usr4276d,Risk Covered,,Resolved,16/Apr/2026 5:37 AM,11/Nov/2025 12:00 AM,,,,,USER_MANAGED_SERVICE_ACCOUNT_KEY,,,,"Service accounts should not have user-managed keys because they can be easily leaked. Learn more at https://aff9c55d.internal/iam/docs/understanding-service-accounts#managing_service_account_keysProject Tags: saallowkeyscreate:EMP-79834,environment:production,productlineid:0001996383,supportgroupid:0001997404,applicationid:aid019,costcenter:0001_b1-50318,segregationarea:red",Go to https://9d0815de.internal/iam-admin/serviceaccounts/details/117557612575383267599?project=dbg-stx-infra-prod-3e to manage keys. Delete user-managed service account keys if they are not used by any application.
Vulnerability item,GCPSCC-5812827,2268181,1817493.0,usr4276d,Risk Covered,,Resolved,16/Apr/2026 5:37 AM,11/Nov/2025 12:00 AM,,,,,USER_MANAGED_SERVICE_ACCOUNT_KEY,,,,"Service accounts should not have user-managed keys because they can be easily leaked. Learn more at https://aff9c55d.internal/iam/docs/understanding-service-accounts#managing_service_account_keysProject Tags: saallowkeyscreate:EMP-79834,productlineid:0001996383,supportgroupid:0001997404,segregationarea:yellow,applicationid:aid019,costcenter:0001_b1-50318,environment:simulation",Go to https://9d0815de.internal/iam-admin/serviceaccounts/details/111460696921290794537?project=dbg-stx-infra-simu-cf to manage keys. Delete user-managed service account keys if they are not used by any application.
Vulnerability item,GCPSCC-8210022,1902285,6850257.0,usr4276d,Risk Covered,,Resolved,16/Apr/2026 5:37 AM,11/Nov/2025 12:00 AM,,,,,USER_MANAGED_SERVICE_ACCOUNT_KEY,,,,"Service accounts should not have user-managed keys because they can be easily leaked. Learn more at https://aff9c55d.internal/iam/docs/understanding-service-accounts#managing_service_account_keysProject Tags: saallowkeyscreate:EMP-79834,productlineid:0001996383,supportgroupid:0001997404,segregationarea:yellow,applicationid:aid019,costcenter:0001_b1-50318,environment:simulation",Go to https://9d0815de.internal/iam-admin/serviceaccounts/details/111460696921290794537?project=dbg-stx-infra-simu-cf to manage keys. Delete user-managed service account keys if they are not used by any application.
Vulnerability item,GCPSCC-6158353,4970416,8960796.0,usr4276d,Risk Covered,,Resolved,16/Apr/2026 5:37 AM,01/Nov/2025 12:00 AM,,,,,USER_MANAGED_SERVICE_ACCOUNT_KEY,,,,"Service accounts should not have user-managed keys because they can be easily leaked. Learn more at https://aff9c55d.internal/iam/docs/understanding-service-accounts#managing_service_account_keysProject Tags: saallowkeyscreate:EMP-79834,productlineid:0001996383,supportgroupid:0001997404,segregationarea:yellow,applicationid:aid019,costcenter:0001_b1-50318,environment:simulation",Go to https://9d0815de.internal/iam-admin/serviceaccounts/details/117337615131981481321?project=dbg-stx-infra-simu-cf to manage keys. Delete user-managed service account keys if they are not used by any application.
Vulnerability item,GCPSCC-1237396,4199692,5363519.0,usr4276d,Risk Covered,,Resolved,16/Apr/2026 5:37 AM,01/Nov/2025 12:00 AM,,,,,USER_MANAGED_SERVICE_ACCOUNT_KEY,,,,"Service accounts should not have user-managed keys because they can be easily leaked. Learn more at https://aff9c55d.internal/iam/docs/understanding-service-accounts#managing_service_account_keysProject Tags: saallowkeyscreate:EMP-79834,productlineid:0001996383,supportgroupid:0001997404,segregationarea:yellow,applicationid:aid019,costcenter:0001_b1-50318,environment:simulation",Go to https://9d0815de.internal/iam-admin/serviceaccounts/details/112958070407536323099?project=dbg-stx-infra-simu-cf to manage keys. Delete user-managed service account keys if they are not used by any application.
Vulnerability item,GCPSCC-8893436,3501695,2170680.0,usr4276d,Risk Covered,,Resolved,16/Apr/2026 5:37 AM,01/Nov/2025 12:00 AM,,,,,USER_MANAGED_SERVICE_ACCOUNT_KEY,,,,"Service accounts should not have user-managed keys because they can be easily leaked. Learn more at https://aff9c55d.internal/iam/docs/understanding-service-accounts#managing_service_account_keysProject Tags: saallowkeyscreate:EMP-79834,productlineid:0001996383,supportgroupid:0001997404,segregationarea:yellow,applicationid:aid019,costcenter:0001_b1-50318,environment:simulation",Go to https://9d0815de.internal/iam-admin/serviceaccounts/details/108282419298068135667?project=dbg-stx-infra-simu-cf to manage keys. Delete user-managed service account keys if they are not used by any application.
Vulnerability item,GCPSCC-2932759,8470463,4426285.0,usr4276d,Risk Covered,,Resolved,16/Apr/2026 5:37 AM,01/Nov/2025 12:00 AM,,,,,USER_MANAGED_SERVICE_ACCOUNT_KEY,,,,"Service accounts should not have user-managed keys because they can be easily leaked. Learn more at https://aff9c55d.internal/iam/docs/understanding-service-accounts#managing_service_account_keysProject Tags: saallowkeyscreate:EMP-79834,productlineid:0001996383,supportgroupid:0001997404,segregationarea:yellow,applicationid:aid019,costcenter:0001_b1-50318,environment:simulation",Go to https://9d0815de.internal/iam-admin/serviceaccounts/details/110011481243245176587?project=dbg-stx-infra-simu-cf to manage keys. Delete user-managed service account keys if they are not used by any application.
Vulnerability item,GCPSCC-6030819,7011001,5722266.0,usr4276d,Risk Covered,,Resolved,16/Apr/2026 5:37 AM,01/Nov/2025 12:00 AM,,,,,USER_MANAGED_SERVICE_ACCOUNT_KEY,,,,"Service accounts should not have user-managed keys because they can be easily leaked. Learn more at https://aff9c55d.internal/iam/docs/understanding-service-accounts#managing_service_account_keysProject Tags: saallowkeyscreate:EMP-79834,productlineid:0001996383,supportgroupid:0001997404,segregationarea:yellow,applicationid:aid019,costcenter:0001_b1-50318,environment:simulation",Go to https://9d0815de.internal/iam-admin/serviceaccounts/details/112829184761724961027?project=dbg-stx-infra-simu-cf to manage keys. Delete user-managed service account keys if they are not used by any application.
Vulnerability item,GCPSCC-1173826,3351912,6451100.0,usr4276d,Risk Covered,,Resolved,16/Apr/2026 5:37 AM,01/Nov/2025 12:00 AM,,,,,USER_MANAGED_SERVICE_ACCOUNT_KEY,,,,"Service accounts should not have user-managed keys because they can be easily leaked. Learn more at https://aff9c55d.internal/iam/docs/understanding-service-accounts#managing_service_account_keysProject Tags: saallowkeyscreate:EMP-79834,productlineid:0001996383,supportgroupid:0001997404,segregationarea:yellow,applicationid:aid019,costcenter:0001_b1-50318,environment:simulation",Go to https://9d0815de.internal/iam-admin/serviceaccounts/details/109168324438769221821?project=dbg-stx-infra-simu-cf to manage keys. Delete user-managed service account keys if they are not used by any application.
Vulnerability item,GCPSCC-4000956,8716087,7448750.0,usr4276d,Risk Covered,,Resolved,16/Apr/2026 5:37 AM,01/Nov/2025 12:00 AM,,,,,USER_MANAGED_SERVICE_ACCOUNT_KEY,,,,"Service accounts should not have user-managed keys because they can be easily leaked. Learn more at https://aff9c55d.internal/iam/docs/understanding-service-accounts#managing_service_account_keysProject Tags: saallowkeyscreate:EMP-79834,productlineid:0001996383,supportgroupid:0001997404,segregationarea:yellow,applicationid:aid019,costcenter:0001_b1-50318,environment:simulation",Go to https://9d0815de.internal/iam-admin/serviceaccounts/details/115337203320080468886?project=dbg-stx-infra-simu-cf to manage keys. Delete user-managed service account keys if they are not used by any application.
Vulnerability item,GCPSCC-4544021,4062710,4517944.0,usr4276d,Risk Covered,,Resolved,16/Apr/2026 5:37 AM,01/Nov/2025 12:00 AM,,,,,USER_MANAGED_SERVICE_ACCOUNT_KEY,,,,"Service accounts should not have user-managed keys because they can be easily leaked. Learn more at https://aff9c55d.internal/iam/docs/understanding-service-accounts#managing_service_account_keysProject Tags: saallowkeyscreate:EMP-79834,productlineid:0001996383,supportgroupid:0001997404,segregationarea:yellow,applicationid:aid019,costcenter:0001_b1-50318,environment:simulation",Go to https://9d0815de.internal/iam-admin/serviceaccounts/details/103869050565213170649?project=dbg-stx-infra-simu-cf to manage keys. Delete user-managed service account keys if they are not used by any application.
Vulnerability item,GCPSCC-6501305,6619935,6224540.0,usr4276d,Risk Covered,,Resolved,16/Apr/2026 5:37 AM,01/Nov/2025 12:00 AM,,,,,USER_MANAGED_SERVICE_ACCOUNT_KEY,,,,"Service accounts should not have user-managed keys because they can be easily leaked. Learn more at https://aff9c55d.internal/iam/docs/understanding-service-accounts#managing_service_account_keysProject Tags: saallowkeyscreate:EMP-79834,productlineid:0001996383,supportgroupid:0001997404,segregationarea:yellow,applicationid:aid019,costcenter:0001_b1-50318,environment:simulation",Go to https://9d0815de.internal/iam-admin/serviceaccounts/details/104666801868595066724?project=dbg-stx-infra-simu-cf to manage keys. Delete user-managed service account keys if they are not used by any application.
Vulnerability item,GCPSCC-2075747,7775806,5263723.0,usr4276d,Risk Covered,,Resolved,16/Apr/2026 5:37 AM,01/Nov/2025 12:00 AM,,,,,USER_MANAGED_SERVICE_ACCOUNT_KEY,,,,"Service accounts should not have user-managed keys because they can be easily leaked. Learn more at https://aff9c55d.internal/iam/docs/understanding-service-accounts#managing_service_account_keysProject Tags: saallowkeyscreate:EMP-79834,productlineid:0001996383,supportgroupid:0001997404,segregationarea:yellow,applicationid:aid019,costcenter:0001_b1-50318,environment:simulation",Go to https://9d0815de.internal/iam-admin/serviceaccounts/details/109455558262601849202?project=dbg-stx-infra-simu-cf to manage keys. Delete user-managed service account keys if they are not used by any application.
Vulnerability item,GCPSCC-6947439,2622764,1711394.0,usr4276d,Risk Covered,,Resolved,16/Apr/2026 5:37 AM,01/Nov/2025 12:00 AM,,,,,USER_MANAGED_SERVICE_ACCOUNT_KEY,,,,"Service accounts should not have user-managed keys because they can be easily leaked. Learn more at https://aff9c55d.internal/iam/docs/understanding-service-accounts#managing_service_account_keysProject Tags: saallowkeyscreate:EMP-79834,productlineid:0001996383,supportgroupid:0001997404,segregationarea:yellow,applicationid:aid019,costcenter:0001_b1-50318,environment:simulation",Go to https://9d0815de.internal/iam-admin/serviceaccounts/details/115537952728189972015?project=dbg-stx-infra-simu-cf to manage keys. Delete user-managed service account keys if they are not used by any application.
Vulnerability item,GCPSCC-5055508,9036438,5903998.0,usr4276d,Risk Covered,,Resolved,16/Apr/2026 5:37 AM,01/Nov/2025 12:00 AM,,,,,USER_MANAGED_SERVICE_ACCOUNT_KEY,,,,"Service accounts should not have user-managed keys because they can be easily leaked. Learn more at https://aff9c55d.internal/iam/docs/understanding-service-accounts#managing_service_account_keysProject Tags: saallowkeyscreate:EMP-79834,productlineid:0001996383,supportgroupid:0001997404,segregationarea:yellow,applicationid:aid019,costcenter:0001_b1-50318,environment:simulation",Go to https://9d0815de.internal/iam-admin/serviceaccounts/details/115924107274689096962?project=dbg-stx-infra-simu-cf to manage keys. Delete user-managed service account keys if they are not used by any application.
Vulnerability item,GCPSCC-1612670,1512002,1534309.0,usr4276d,Risk Covered,,Resolved,16/Apr/2026 5:37 AM,01/Nov/2025 12:00 AM,,,,,USER_MANAGED_SERVICE_ACCOUNT_KEY,,,,"Service accounts should not have user-managed keys because they can be easily leaked. Learn more at https://aff9c55d.internal/iam/docs/understanding-service-accounts#managing_service_account_keysProject Tags: saallowkeyscreate:EMP-79834,productlineid:0001996383,supportgroupid:0001997404,segregationarea:yellow,applicationid:aid019,costcenter:0001_b1-50318,environment:simulation",Go to https://9d0815de.internal/iam-admin/serviceaccounts/details/117031100470655582974?project=dbg-stx-infra-simu-cf to manage keys. Delete user-managed service account keys if they are not used by any application.
Vulnerability item,GCPSCC-7637548,4002353,7428101.0,usr4276d,Risk Covered,,Resolved,16/Apr/2026 5:37 AM,01/Nov/2025 12:00 AM,,,,,USER_MANAGED_SERVICE_ACCOUNT_KEY,,,,"Service accounts should not have user-managed keys because they can be easily leaked. Learn more at https://aff9c55d.internal/iam/docs/understanding-service-accounts#managing_service_account_keysProject Tags: saallowkeyscreate:EMP-79834,productlineid:0001996383,supportgroupid:0001997404,segregationarea:yellow,applicationid:aid019,costcenter:0001_b1-50318,environment:simulation",Go to https://9d0815de.internal/iam-admin/serviceaccounts/details/112970004598782166655?project=dbg-stx-infra-simu-cf to manage keys. Delete user-managed service account keys if they are not used by any application.
Vulnerability item,GCPSCC-634044,5807477,103133.0,usr4276d,Risk Covered,,Resolved,16/Apr/2026 5:37 AM,01/Nov/2025 12:00 AM,,,,,USER_MANAGED_SERVICE_ACCOUNT_KEY,,,,"Service accounts should not have user-managed keys because they can be easily leaked. Learn more at https://aff9c55d.internal/iam/docs/understanding-service-accounts#managing_service_account_keysProject Tags: saallowkeyscreate:EMP-79834,productlineid:0001996383,supportgroupid:0001997404,segregationarea:yellow,applicationid:aid019,costcenter:0001_b1-50318,environment:simulation",Go to https://9d0815de.internal/iam-admin/serviceaccounts/details/105796804180709886914?project=dbg-stx-infra-simu-cf to manage keys. Delete user-managed service account keys if they are not used by any application.
Vulnerability item,GCPSCC-4382563,4895332,7216001.0,usr4276d,Risk Covered,,Resolved,16/Apr/2026 5:37 AM,01/Nov/2025 12:00 AM,,,,,USER_MANAGED_SERVICE_ACCOUNT_KEY,,,,"Service accounts should not have user-managed keys because they can be easily leaked. Learn more at https://aff9c55d.internal/iam/docs/understanding-service-accounts#managing_service_account_keysProject Tags: saallowkeyscreate:EMP-79834,productlineid:0001996383,supportgroupid:0001997404,segregationarea:yellow,applicationid:aid019,costcenter:0001_b1-50318,environment:simulation",Go to https://9d0815de.internal/iam-admin/serviceaccounts/details/109455558262601849202?project=dbg-stx-infra-simu-cf to manage keys. Delete user-managed service account keys if they are not used by any application.
Vulnerability item,GCPSCC-5835679,8497312,6943632.0,usr4276d,Risk Covered,,Resolved,16/Apr/2026 5:37 AM,01/Nov/2025 12:00 AM,,,,,USER_MANAGED_SERVICE_ACCOUNT_KEY,,,,"Service accounts should not have user-managed keys because they can be easily leaked. Learn more at https://aff9c55d.internal/iam/docs/understanding-service-accounts#managing_service_account_keysProject Tags: saallowkeyscreate:EMP-79834,productlineid:0001996383,supportgroupid:0001997404,segregationarea:yellow,applicationid:aid019,costcenter:0001_b1-50318,environment:simulation",Go to https://9d0815de.internal/iam-admin/serviceaccounts/details/108697090114418148529?project=dbg-stx-infra-simu-cf to manage keys. Delete user-managed service account keys if they are not used by any application.
Vulnerability item,GCPSCC-5239665,7092366,2302887.0,usr4276d,Risk Covered,,Resolved,16/Apr/2026 5:37 AM,01/Nov/2025 12:00 AM,,,,,USER_MANAGED_SERVICE_ACCOUNT_KEY,,,,"Service accounts should not have user-managed keys because they can be easily leaked. Learn more at https://aff9c55d.internal/iam/docs/understanding-service-accounts#managing_service_account_keysProject Tags: saallowkeyscreate:EMP-79834,productlineid:0001996383,supportgroupid:0001997404,segregationarea:yellow,applicationid:aid019,costcenter:0001_b1-50318,environment:simulation",Go to https://9d0815de.internal/iam-admin/serviceaccounts/details/101273555930876427712?project=dbg-stx-infra-simu-cf to manage keys. Delete user-managed service account keys if they are not used by any application.
Vulnerability item,GCPSCC-488547,8953462,1797889.0,usr4276d,Risk Covered,,Resolved,16/Apr/2026 5:37 AM,01/Nov/2025 12:00 AM,,,,,USER_MANAGED_SERVICE_ACCOUNT_KEY,,,,"Service accounts should not have user-managed keys because they can be easily leaked. Learn more at https://aff9c55d.internal/iam/docs/understanding-service-accounts#managing_service_account_keysProject Tags: saallowkeyscreate:EMP-79834,productlineid:0001996383,supportgroupid:0001997404,segregationarea:yellow,applicationid:aid019,costcenter:0001_b1-50318,environment:simulation",Go to https://9d0815de.internal/iam-admin/serviceaccounts/details/110516581939804696273?project=dbg-stx-infra-simu-cf to manage keys. Delete user-managed service account keys if they are not used by any application.
Vulnerability item,GCPSCC-3782233,4289234,6654996.0,usr4276d,Risk Covered,,Resolved,16/Apr/2026 5:37 AM,01/Nov/2025 12:00 AM,,,,,USER_MANAGED_SERVICE_ACCOUNT_KEY,,,,"Service accounts should not have user-managed keys because they can be easily leaked. Learn more at https://aff9c55d.internal/iam/docs/understanding-service-accounts#managing_service_account_keysProject Tags: saallowkeyscreate:EMP-79834,productlineid:0001996383,supportgroupid:0001997404,segregationarea:yellow,applicationid:aid019,costcenter:0001_b1-50318,environment:simulation",Go to https://9d0815de.internal/iam-admin/serviceaccounts/details/113730862655790012770?project=dbg-stx-infra-simu-cf to manage keys. Delete user-managed service account keys if they are not used by any application.
Vulnerability item,GCPSCC-8431592,3374492,107361.0,usr4276d,Risk Covered,,Resolved,16/Apr/2026 5:37 AM,01/Nov/2025 12:00 AM,,,,,USER_MANAGED_SERVICE_ACCOUNT_KEY,,,,"Service accounts should not have user-managed keys because they can be easily leaked. Learn more at https://aff9c55d.internal/iam/docs/understanding-service-accounts#managing_service_account_keysProject Tags: saallowkeyscreate:EMP-79834,productlineid:0001996383,supportgroupid:0001997404,segregationarea:yellow,applicationid:aid019,costcenter:0001_b1-50318,environment:simulation",Go to https://9d0815de.internal/iam-admin/serviceaccounts/details/109304231252253949519?project=dbg-stx-infra-simu-cf to manage keys. Delete user-managed service account keys if they are not used by any application.
Vulnerability item,GCPSCC-6183364,947834,5805191.0,usr4276d,Risk Covered,,Resolved,16/Apr/2026 5:37 AM,01/Nov/2025 12:00 AM,,,,,USER_MANAGED_SERVICE_ACCOUNT_KEY,,,,"Service accounts should not have user-managed keys because they can be easily leaked. Learn more at https://aff9c55d.internal/iam/docs/understanding-service-accounts#managing_service_account_keysProject Tags: saallowkeyscreate:EMP-79834,productlineid:0001996383,supportgroupid:0001997404,segregationarea:yellow,applicationid:aid019,costcenter:0001_b1-50318,environment:simulation",Go to https://9d0815de.internal/iam-admin/serviceaccounts/details/101100160879896910036?project=dbg-stx-infra-simu-cf to manage keys. Delete user-managed service account keys if they are not used by any application.
Vulnerability item,GCPSCC-3460362,4315787,4963583.0,usr4276d,Risk Covered,,Resolved,16/Apr/2026 5:37 AM,01/Nov/2025 12:00 AM,,,,,USER_MANAGED_SERVICE_ACCOUNT_KEY,,,,"Service accounts should not have user-managed keys because they can be easily leaked. Learn more at https://aff9c55d.internal/iam/docs/understanding-service-accounts#managing_service_account_keysProject Tags: saallowkeyscreate:EMP-79834,productlineid:0001996383,supportgroupid:0001997404,segregationarea:yellow,applicationid:aid019,costcenter:0001_b1-50318,environment:simulation",Go to https://9d0815de.internal/iam-admin/serviceaccounts/details/114495318490196486329?project=dbg-stx-infra-simu-cf to manage keys. Delete user-managed service account keys if they are not used by any application.
Vulnerability item,GCPSCC-3081623,4501992,8883972.0,usr4276d,Risk Covered,,Resolved,16/Apr/2026 5:37 AM,01/Nov/2025 12:00 AM,,,,,USER_MANAGED_SERVICE_ACCOUNT_KEY,,,,"Service accounts should not have user-managed keys because they can be easily leaked. Learn more at https://aff9c55d.internal/iam/docs/understanding-service-accounts#managing_service_account_keysProject Tags: saallowkeyscreate:EMP-79834,productlineid:0001996383,supportgroupid:0001997404,segregationarea:yellow,applicationid:aid019,costcenter:0001_b1-50318,environment:simulation",Go to https://9d0815de.internal/iam-admin/serviceaccounts/details/116025148278939970177?project=dbg-stx-infra-simu-cf to manage keys. Delete user-managed service account keys if they are not used by any application.
Vulnerability item,GCPSCC-3291265,6814333,6073211.0,usr4276d,Risk Covered,,Resolved,16/Apr/2026 5:37 AM,01/Nov/2025 12:00 AM,,,,,USER_MANAGED_SERVICE_ACCOUNT_KEY,,,,"Service accounts should not have user-managed keys because they can be easily leaked. Learn more at https://aff9c55d.internal/iam/docs/understanding-service-accounts#managing_service_account_keysProject Tags: saallowkeyscreate:EMP-79834,productlineid:0001996383,supportgroupid:0001997404,segregationarea:yellow,applicationid:aid019,costcenter:0001_b1-50318,environment:simulation",Go to https://9d0815de.internal/iam-admin/serviceaccounts/details/102806800433631615573?project=dbg-stx-infra-simu-cf to manage keys. Delete user-managed service account keys if they are not used by any application.
Vulnerability item,GCPSCC-3054887,365916,8337006.0,usr4276d,Risk Covered,,Resolved,16/Apr/2026 5:37 AM,01/Nov/2025 12:00 AM,,,,,USER_MANAGED_SERVICE_ACCOUNT_KEY,,,,"Service accounts should not have user-managed keys because they can be easily leaked. Learn more at https://aff9c55d.internal/iam/docs/understanding-service-accounts#managing_service_account_keysProject Tags: saallowkeyscreate:EMP-79834,productlineid:0001996383,supportgroupid:0001997404,segregationarea:yellow,applicationid:aid019,costcenter:0001_b1-50318,environment:simulation",Go to https://9d0815de.internal/iam-admin/serviceaccounts/details/116539508816400410267?project=dbg-stx-infra-simu-cf to manage keys. Delete user-managed service account keys if they are not used by any application.
Vulnerability item,GCPSCC-2376172,4696763,3620374.0,usr4276d,Risk Covered,,Resolved,16/Apr/2026 5:37 AM,01/Nov/2025 12:00 AM,,,,,USER_MANAGED_SERVICE_ACCOUNT_KEY,,,,"Service accounts should not have user-managed keys because they can be easily leaked. Learn more at https://aff9c55d.internal/iam/docs/understanding-service-accounts#managing_service_account_keysProject Tags: saallowkeyscreate:EMP-79834,productlineid:0001996383,supportgroupid:0001997404,segregationarea:yellow,applicationid:aid019,costcenter:0001_b1-50318,environment:simulation",Go to https://9d0815de.internal/iam-admin/serviceaccounts/details/102425583717043077819?project=dbg-stx-infra-simu-cf to manage keys. Delete user-managed service account keys if they are not used by any application.
Vulnerability item,GCPSCC-7032013,5651806,7910199.0,usr4276d,Risk Covered,,Resolved,16/Apr/2026 5:37 AM,01/Nov/2025 12:00 AM,,,,,USER_MANAGED_SERVICE_ACCOUNT_KEY,,,,"Service accounts should not have user-managed keys because they can be easily leaked. Learn more at https://aff9c55d.internal/iam/docs/understanding-service-accounts#managing_service_account_keysProject Tags: saallowkeyscreate:EMP-79834,productlineid:0001996383,supportgroupid:0001997404,segregationarea:yellow,applicationid:aid019,costcenter:0001_b1-50318,environment:simulation",Go to https://9d0815de.internal/iam-admin/serviceaccounts/details/114232404854308242189?project=dbg-stx-infra-simu-cf to manage keys. Delete user-managed service account keys if they are not used by any application.
Vulnerability item,GCPSCC-6637717,1130827,8630134.0,usr4276d,Risk Covered,,Resolved,16/Apr/2026 5:37 AM,01/Nov/2025 12:00 AM,,,,,USER_MANAGED_SERVICE_ACCOUNT_KEY,,,,"Service accounts should not have user-managed keys because they can be easily leaked. Learn more at https://aff9c55d.internal/iam/docs/understanding-service-accounts#managing_service_account_keysProject Tags: saallowkeyscreate:EMP-79834,productlineid:0001996383,supportgroupid:0001997404,segregationarea:yellow,applicationid:aid019,costcenter:0001_b1-50318,environment:simulation",Go to https://9d0815de.internal/iam-admin/serviceaccounts/details/102943541624124355975?project=dbg-stx-infra-simu-cf to manage keys. Delete user-managed service account keys if they are not used by any application.
Vulnerability item,GCPSCC-5070929,6961795,272303.0,usr4276d,Risk Covered,,Resolved,16/Apr/2026 5:37 AM,01/Nov/2025 12:00 AM,,,,,USER_MANAGED_SERVICE_ACCOUNT_KEY,,,,"Service accounts should not have user-managed keys because they can be easily leaked. Learn more at https://aff9c55d.internal/iam/docs/understanding-service-accounts#managing_service_account_keysProject Tags: saallowkeyscreate:EMP-79834,productlineid:0001996383,supportgroupid:0001997404,segregationarea:yellow,applicationid:aid019,costcenter:0001_b1-50318,environment:simulation",Go to https://9d0815de.internal/iam-admin/serviceaccounts/details/116450248156045299693?project=dbg-stx-infra-simu-cf to manage keys. Delete user-managed service account keys if they are not used by any application.
Vulnerability item,GCPSCC-1093373,1135930,4796350.0,usr4276d,Risk Covered,,Resolved,16/Apr/2026 5:37 AM,01/Nov/2025 12:00 AM,,,,,USER_MANAGED_SERVICE_ACCOUNT_KEY,,,,"Service accounts should not have user-managed keys because they can be easily leaked. Learn more at https://aff9c55d.internal/iam/docs/understanding-service-accounts#managing_service_account_keysProject Tags: saallowkeyscreate:EMP-79834,productlineid:0001996383,supportgroupid:0001997404,segregationarea:yellow,applicationid:aid019,costcenter:0001_b1-50318,environment:simulation",Go to https://9d0815de.internal/iam-admin/serviceaccounts/details/104597253842864899866?project=dbg-stx-infra-simu-cf to manage keys. Delete user-managed service account keys if they are not used by any application.
Vulnerability item,GCPSCC-3983324,4654683,1317633.0,usr4276d,Risk Covered,,Resolved,16/Apr/2026 5:37 AM,01/Nov/2025 12:00 AM,,,,,USER_MANAGED_SERVICE_ACCOUNT_KEY,,,,"Service accounts should not have user-managed keys because they can be easily leaked. Learn more at https://aff9c55d.internal/iam/docs/understanding-service-accounts#managing_service_account_keysProject Tags: saallowkeyscreate:EMP-79834,productlineid:0001996383,supportgroupid:0001997404,segregationarea:yellow,applicationid:aid019,costcenter:0001_b1-50318,environment:simulation",Go to https://9d0815de.internal/iam-admin/serviceaccounts/details/109239674410088910272?project=dbg-stx-infra-simu-cf to manage keys. Delete user-managed service account keys if they are not used by any application.
Vulnerability item,GCPSCC-230295,2665278,4563851.0,usr4276d,Risk Covered,,Resolved,16/Apr/2026 5:37 AM,01/Nov/2025 12:00 AM,,,,,USER_MANAGED_SERVICE_ACCOUNT_KEY,,,,"Service accounts should not have user-managed keys because they can be easily leaked. Learn more at https://aff9c55d.internal/iam/docs/understanding-service-accounts#managing_service_account_keysProject Tags: saallowkeyscreate:EMP-79834,productlineid:0001996383,supportgroupid:0001997404,segregationarea:yellow,applicationid:aid019,costcenter:0001_b1-50318,environment:simulation",Go to https://9d0815de.internal/iam-admin/serviceaccounts/details/112165032657561088040?project=dbg-stx-infra-simu-cf to manage keys. Delete user-managed service account keys if they are not used by any application.
Vulnerability item,GCPSCC-3725583,4632845,3880038.0,usr4276d,Risk Covered,,Resolved,16/Apr/2026 5:37 AM,01/Nov/2025 12:00 AM,,,,,USER_MANAGED_SERVICE_ACCOUNT_KEY,,,,"Service accounts should not have user-managed keys because they can be easily leaked. Learn more at https://aff9c55d.internal/iam/docs/understanding-service-accounts#managing_service_account_keysProject Tags: saallowkeyscreate:EMP-79834,productlineid:0001996383,supportgroupid:0001997404,segregationarea:yellow,applicationid:aid019,costcenter:0001_b1-50318,environment:simulation",Go to https://9d0815de.internal/iam-admin/serviceaccounts/details/100527516740379916173?project=dbg-stx-infra-simu-cf to manage keys. Delete user-managed service account keys if they are not used by any application.
Vulnerability item,GCPSCC-2082848,339472,3920856.0,usr4276d,Risk Covered,,Resolved,16/Apr/2026 5:37 AM,01/Nov/2025 12:00 AM,,,,,USER_MANAGED_SERVICE_ACCOUNT_KEY,,,,"Service accounts should not have user-managed keys because they can be easily leaked. Learn more at https://aff9c55d.internal/iam/docs/understanding-service-accounts#managing_service_account_keysProject Tags: saallowkeyscreate:EMP-79834,productlineid:0001996383,supportgroupid:0001997404,segregationarea:yellow,applicationid:aid019,costcenter:0001_b1-50318,environment:simulation",Go to https://9d0815de.internal/iam-admin/serviceaccounts/details/116096501394587396172?project=dbg-stx-infra-simu-cf to manage keys. Delete user-managed service account keys if they are not used by any application.
Vulnerability item,GCPSCC-4314349,3311101,4622841.0,usr4276d,Risk Covered,,Resolved,16/Apr/2026 5:37 AM,01/Nov/2025 12:00 AM,,,,,USER_MANAGED_SERVICE_ACCOUNT_KEY,,,,"Service accounts should not have user-managed keys because they can be easily leaked. Learn more at https://aff9c55d.internal/iam/docs/understanding-service-accounts#managing_service_account_keysProject Tags: saallowkeyscreate:EMP-79834,productlineid:0001996383,supportgroupid:0001997404,segregationarea:yellow,applicationid:aid019,costcenter:0001_b1-50318,environment:simulation",Go to https://9d0815de.internal/iam-admin/serviceaccounts/details/115480670898103748865?project=dbg-stx-infra-simu-cf to manage keys. Delete user-managed service account keys if they are not used by any application.
Vulnerability item,GCPSCC-6666665,3179070,2925946.0,usr4276d,Risk Covered,,Resolved,16/Apr/2026 5:37 AM,01/Nov/2025 12:00 AM,,,,,USER_MANAGED_SERVICE_ACCOUNT_KEY,,,,"Service accounts should not have user-managed keys because they can be easily leaked. Learn more at https://aff9c55d.internal/iam/docs/understanding-service-accounts#managing_service_account_keysProject Tags: saallowkeyscreate:EMP-79834,productlineid:0001996383,supportgroupid:0001997404,segregationarea:yellow,applicationid:aid019,costcenter:0001_b1-50318,environment:simulation",Go to https://9d0815de.internal/iam-admin/serviceaccounts/details/116926877757932545110?project=dbg-stx-infra-simu-cf to manage keys. Delete user-managed service account keys if they are not used by any application.
Vulnerability item,GCPSCC-7806386,2066723,1063069.0,usr4276d,Risk Covered,,Resolved,16/Apr/2026 5:37 AM,01/Nov/2025 12:00 AM,,,,,USER_MANAGED_SERVICE_ACCOUNT_KEY,,,,"Service accounts should not have user-managed keys because they can be easily leaked. Learn more at https://aff9c55d.internal/iam/docs/understanding-service-accounts#managing_service_account_keysProject Tags: saallowkeyscreate:EMP-79834,productlineid:0001996383,supportgroupid:0001997404,segregationarea:yellow,applicationid:aid019,costcenter:0001_b1-50318,environment:simulation",Go to https://9d0815de.internal/iam-admin/serviceaccounts/details/100811273374609046639?project=dbg-stx-infra-simu-cf to manage keys. Delete user-managed service account keys if they are not used by any application.
Vulnerability item,GCPSCC-3912928,4337116,5785946.0,usr4276d,Risk Covered,,Resolved,16/Apr/2026 5:37 AM,01/Nov/2025 12:00 AM,,,,,USER_MANAGED_SERVICE_ACCOUNT_KEY,,,,"Service accounts should not have user-managed keys because they can be easily leaked. Learn more at https://aff9c55d.internal/iam/docs/understanding-service-accounts#managing_service_account_keysProject Tags: saallowkeyscreate:EMP-79834,productlineid:0001996383,supportgroupid:0001997404,segregationarea:yellow,applicationid:aid019,costcenter:0001_b1-50318,environment:simulation",Go to https://9d0815de.internal/iam-admin/serviceaccounts/details/106593859771642233758?project=dbg-stx-infra-simu-cf to manage keys. Delete user-managed service account keys if they are not used by any application.
Vulnerability item,GCPSCC-3603801,2471180,5240228.0,usr4276d,Risk Covered,,Resolved,16/Apr/2026 5:37 AM,01/Nov/2025 12:00 AM,,,,,USER_MANAGED_SERVICE_ACCOUNT_KEY,,,,Service accounts should not have user-managed keys because they can be easily leaked. Learn more at https://aff9c55d.internal/iam/docs/understanding-service-accounts#managing_service_account_keys,Go to https://9d0815de.internal/iam-admin/serviceaccounts/details/109440852781350014755?project=dbg-stx-infra-simu-cf to manage keys. Delete user-managed service account keys if they are not used by any application.
Vulnerability item,GCPSCC-414291,4541649,5347994.0,usr4276d,Risk Covered,,Resolved,16/Apr/2026 5:37 AM,01/Nov/2025 12:00 AM,,,,,USER_MANAGED_SERVICE_ACCOUNT_KEY,,,,"Service accounts should not have user-managed keys because they can be easily leaked. Learn more at https://aff9c55d.internal/iam/docs/understanding-service-accounts#managing_service_account_keysProject Tags: saallowkeyscreate:EMP-79834,productlineid:0001996383,supportgroupid:0001997404,segregationarea:yellow,applicationid:aid019,costcenter:0001_b1-50318,environment:simulation",Go to https://9d0815de.internal/iam-admin/serviceaccounts/details/102532597162027357912?project=dbg-stx-infra-simu-cf to manage keys. Delete user-managed service account keys if they are not used by any application.
Vulnerability item,NXP-5134659,3786789,7815174.0,usr8c027,Open,,,21/Apr/2026 11:11 AM,23/Jun/2026 12:00 AM,f08b4f58.internal,Azul Zulu: CVE-2009-59816: WebKit Active Code Execution Vulnerability,070fc187.internal,0,azul-zulu-CVE-2009-70199,"Vulnerable OS: Red Hat Enterprise Linux 8.10


Vulnerable software installed: Azul Systems JRE 1.8.0.422 (/stxbase/stxapp/java/zulu8.80.0.18-sa-jdk8.0.422-linux_x64/jre/lib/rt.jar)

Vulnerable OS: Red Hat Enterprise Linux 8.10


Vulnerable software installed: Azul Systems JRE 17.52.18 (/stxbase/stxapp/java/zulu17.52.18-sa-jdk17.0.12-linux_x64/lib/54c8aa44.internal)

Vulnerable OS: Red Hat Enterprise Linux 8.10


Vulnerable software installed: Azul Systems JRE 11.74.16 (/stxbase/stxapp/java/zulu11.74.16-sa-jdk11.0.24-linux_x64/lib/54c8aa44.internal)",,,,
Vulnerability item,GCPSCC-2252922,5684032,3212701.0,usr4276d,Risk Covered,,Resolved,16/Apr/2026 5:38 AM,15/Feb/2026 12:00 AM,,,,,USER_MANAGED_SERVICE_ACCOUNT_KEY,,,,"Service accounts should not have user-managed keys because they can be easily leaked. Learn more at https://aff9c55d.internal/iam/docs/understanding-service-accounts#managing_service_account_keysProject Tags: saallowkeyscreate:EMP-79834,environment:production,productlineid:0001996383,supportgroupid:0001997404,applicationid:aid019,costcenter:0001_b1-50318,segregationarea:red",Go to https://9d0815de.internal/iam-admin/serviceaccounts/details/112487276324471394036?project=dbg-stx-infra-prod-3e to manage keys. Delete user-managed service account keys if they are not used by any application.
Vulnerability item,GCPSCC-988990,8790776,3218186.0,usr4276d,Risk Covered,,Resolved,16/Apr/2026 5:38 AM,15/Feb/2026 12:00 AM,,,,,USER_MANAGED_SERVICE_ACCOUNT_KEY,,,,"Service accounts should not have user-managed keys because they can be easily leaked. Learn more at https://aff9c55d.internal/iam/docs/understanding-service-accounts#managing_service_account_keysProject Tags: saallowkeyscreate:EMP-79834,productlineid:0001996383,supportgroupid:0001997404,segregationarea:yellow,applicationid:aid019,costcenter:0001_b1-50318,environment:simulation",Go to https://9d0815de.internal/iam-admin/serviceaccounts/details/105721542654934338876?project=dbg-stx-infra-simu-cf to manage keys. Delete user-managed service account keys if they are not used by any application.
Vulnerability item,GCPSCC-1143804,8368952,2536250.0,usr4276d,Risk Covered,,Resolved,16/Apr/2026 5:38 AM,15/Feb/2026 12:00 AM,,,,,USER_MANAGED_SERVICE_ACCOUNT_KEY,,,,"Service accounts should not have user-managed keys because they can be easily leaked. Learn more at https://aff9c55d.internal/iam/docs/understanding-service-accounts#managing_service_account_keysProject Tags: saallowkeyscreate:EMP-79834,productlineid:0001996383,supportgroupid:0001997404,segregationarea:yellow,applicationid:aid019,costcenter:0001_b1-50318,environment:simulation",Go to https://9d0815de.internal/iam-admin/serviceaccounts/details/110691370676954670206?project=dbg-stx-infra-simu-cf to manage keys. Delete user-managed service account keys if they are not used by any application.
Vulnerability item,GCPSCC-1872155,8977139,2943254.0,usr4276d,Risk Covered,,Resolved,16/Apr/2026 5:38 AM,15/Feb/2026 12:00 AM,,,,,USER_MANAGED_SERVICE_ACCOUNT_KEY,,,,"Service accounts should not have user-managed keys because they can be easily leaked. Learn more at https://aff9c55d.internal/iam/docs/understanding-service-accounts#managing_service_account_keysProject Tags: saallowkeyscreate:EMP-79834,productlineid:0001996383,supportgroupid:0001997404,segregationarea:yellow,applicationid:aid019,costcenter:0001_b1-50318,environment:simulation",Go to https://9d0815de.internal/iam-admin/serviceaccounts/details/111962894868174044046?project=dbg-stx-infra-simu-cf to manage keys. Delete user-managed service account keys if they are not used by any application.
Vulnerability item,GCPSCC-6880890,3608531,3635187.0,usr4276d,Risk Covered,,Resolved,16/Apr/2026 5:38 AM,15/Feb/2026 12:00 AM,,,,,USER_MANAGED_SERVICE_ACCOUNT_KEY,,,,"Service accounts should not have user-managed keys because they can be easily leaked. Learn more at https://aff9c55d.internal/iam/docs/understanding-service-accounts#managing_service_account_keysProject Tags: saallowkeyscreate:EMP-79834,environment:production,productlineid:0001996383,supportgroupid:0001997404,applicationid:aid019,costcenter:0001_b1-50318,segregationarea:red",Go to https://9d0815de.internal/iam-admin/serviceaccounts/details/107217006488912840247?project=dbg-stx-infra-prod-3e to manage keys. Delete user-managed service account keys if they are not used by any application.
Vulnerability item,GCPSCC-7222974,8001767,6376317.0,usr4276d,Risk Covered,,Resolved,16/Apr/2026 5:38 AM,15/Feb/2026 12:00 AM,,,,,USER_MANAGED_SERVICE_ACCOUNT_KEY,,,,"Service accounts should not have user-managed keys because they can be easily leaked. Learn more at https://aff9c55d.internal/iam/docs/understanding-service-accounts#managing_service_account_keysProject Tags: saallowkeyscreate:EMP-79834,productlineid:0001996383,supportgroupid:0001997404,segregationarea:yellow,applicationid:aid019,costcenter:0001_b1-50318,environment:simulation",Go to https://9d0815de.internal/iam-admin/serviceaccounts/details/106531340375720949995?project=dbg-stx-infra-simu-cf to manage keys. Delete user-managed service account keys if they are not used by any application.
Vulnerability item,GCPSCC-2496632,2998258,1093751.0,usr4276d,Risk Covered,,Resolved,16/Apr/2026 5:38 AM,15/Feb/2026 12:00 AM,,,,,USER_MANAGED_SERVICE_ACCOUNT_KEY,,,,"Service accounts should not have user-managed keys because they can be easily leaked. Learn more at https://aff9c55d.internal/iam/docs/understanding-service-accounts#managing_service_account_keysProject Tags: saallowkeyscreate:EMP-79834,environment:production,productlineid:0001996383,supportgroupid:0001997404,applicationid:aid019,costcenter:0001_b1-50318,segregationarea:red",Go to https://9d0815de.internal/iam-admin/serviceaccounts/details/106511027006862599521?project=dbg-stx-infra-prod-3e to manage keys. Delete user-managed service account keys if they are not used by any application.
Vulnerability item,GCPSCC-3584765,4542338,7376931.0,usr4276d,Risk Covered,,Resolved,16/Apr/2026 5:38 AM,15/Feb/2026 12:00 AM,,,,,USER_MANAGED_SERVICE_ACCOUNT_KEY,,,,"Service accounts should not have user-managed keys because they can be easily leaked. Learn more at https://aff9c55d.internal/iam/docs/understanding-service-accounts#managing_service_account_keysProject Tags: saallowkeyscreate:EMP-79834,environment:production,productlineid:0001996383,supportgroupid:0001997404,applicationid:aid019,costcenter:0001_b1-50318,segregationarea:red",Go to https://9d0815de.internal/iam-admin/serviceaccounts/details/108184811628090153826?project=dbg-stx-infra-prod-3e to manage keys. Delete user-managed service account keys if they are not used by any application.
Vulnerability item,GCPSCC-6339944,6332581,8374070.0,usr4276d,Risk Covered,,Resolved,16/Apr/2026 5:38 AM,15/Feb/2026 12:00 AM,,,,,USER_MANAGED_SERVICE_ACCOUNT_KEY,,,,Service accounts should not have user-managed keys because they can be easily leaked. Learn more at https://aff9c55d.internal/iam/docs/understanding-service-accounts#managing_service_account_keys,Go to https://9d0815de.internal/iam-admin/serviceaccounts/details/100495613299186213433?project=dbg-stx-infra-prod-3e to manage keys. Delete user-managed service account keys if they are not used by any application.
Vulnerability item,GCPSCC-7680835,5972352,1274001.0,usr4276d,Risk Covered,,Resolved,16/Apr/2026 5:38 AM,15/Feb/2026 12:00 AM,,,,,USER_MANAGED_SERVICE_ACCOUNT_KEY,,,,"Service accounts should not have user-managed keys because they can be easily leaked. Learn more at https://aff9c55d.internal/iam/docs/understanding-service-accounts#managing_service_account_keysProject Tags: saallowkeyscreate:EMP-79834,productlineid:0001996383,supportgroupid:0001997404,segregationarea:yellow,applicationid:aid019,costcenter:0001_b1-50318,environment:simulation",Go to https://9d0815de.internal/iam-admin/serviceaccounts/details/100811273374609046639?project=dbg-stx-infra-simu-cf to manage keys. Delete user-managed service account keys if they are not used by any application.
Vulnerability item,GCPSCC-4192462,4290594,1304514.0,usr4276d,Risk Covered,,Resolved,16/Apr/2026 5:38 AM,15/Feb/2026 12:00 AM,,,,,USER_MANAGED_SERVICE_ACCOUNT_KEY,,,,Service accounts should not have user-managed keys because they can be easily leaked. Learn more at https://aff9c55d.internal/iam/docs/understanding-service-accounts#managing_service_account_keys,Go to https://9d0815de.internal/iam-admin/serviceaccounts/details/104884528505437541731?project=dbg-stx-infra-simu-cf to manage keys. Delete user-managed service account keys if they are not used by any application.
Vulnerability item,GCPSCC-4136697,6213541,7281256.0,usr4276d,Risk Covered,,Resolved,16/Apr/2026 5:38 AM,15/Feb/2026 12:00 AM,,,,,USER_MANAGED_SERVICE_ACCOUNT_KEY,,,,"Service accounts should not have user-managed keys because they can be easily leaked. Learn more at https://aff9c55d.internal/iam/docs/understanding-service-accounts#managing_service_account_keysProject Tags: saallowkeyscreate:EMP-79834,productlineid:0001996383,supportgroupid:0001997404,segregationarea:yellow,applicationid:aid019,costcenter:0001_b1-50318,environment:simulation",Go to https://9d0815de.internal/iam-admin/serviceaccounts/details/114794173021417537851?project=dbg-stx-infra-simu-cf to manage keys. Delete user-managed service account keys if they are not used by any application.
Vulnerability item,GCPSCC-7732465,7797402,3764015.0,usr4276d,Risk Covered,,Resolved,16/Apr/2026 5:38 AM,15/Feb/2026 12:00 AM,,,,,USER_MANAGED_SERVICE_ACCOUNT_KEY,,,,"Service accounts should not have user-managed keys because they can be easily leaked. Learn more at https://aff9c55d.internal/iam/docs/understanding-service-accounts#managing_service_account_keysProject Tags: saallowkeyscreate:EMP-79834,environment:production,productlineid:0001996383,supportgroupid:0001997404,applicationid:aid019,costcenter:0001_b1-50318,segregationarea:red",Go to https://9d0815de.internal/iam-admin/serviceaccounts/details/111528153044319394165?project=dbg-stx-infra-prod-3e to manage keys. Delete user-managed service account keys if they are not used by any application.
Vulnerability item,GCPSCC-6675429,2868011,3652074.0,usr4276d,Risk Covered,,Resolved,16/Apr/2026 5:38 AM,15/Feb/2026 12:00 AM,,,,,USER_MANAGED_SERVICE_ACCOUNT_KEY,,,,"Service accounts should not have user-managed keys because they can be easily leaked. Learn more at https://aff9c55d.internal/iam/docs/understanding-service-accounts#managing_service_account_keysProject Tags: saallowkeyscreate:EMP-79834,environment:production,productlineid:0001996383,supportgroupid:0001997404,applicationid:aid019,costcenter:0001_b1-50318,segregationarea:red",Go to https://9d0815de.internal/iam-admin/serviceaccounts/details/111459501559077970164?project=dbg-stx-infra-prod-3e to manage keys. Delete user-managed service account keys if they are not used by any application.
Vulnerability item,GCPSCC-8806070,8731541,7839795.0,usr4276d,Risk Covered,,Resolved,16/Apr/2026 5:38 AM,15/Feb/2026 12:00 AM,,,,,USER_MANAGED_SERVICE_ACCOUNT_KEY,,,,"Service accounts should not have user-managed keys because they can be easily leaked. Learn more at https://aff9c55d.internal/iam/docs/understanding-service-accounts#managing_service_account_keysProject Tags: saallowkeyscreate:EMP-79834,productlineid:0001996383,supportgroupid:0001997404,segregationarea:yellow,applicationid:aid019,costcenter:0001_b1-50318,environment:simulation",Go to https://9d0815de.internal/iam-admin/serviceaccounts/details/110516581939804696273?project=dbg-stx-infra-simu-cf to manage keys. Delete user-managed service account keys if they are not used by any application.
Vulnerability item,GCPSCC-3966784,1470877,5764446.0,usr4276d,Risk Covered,,Resolved,16/Apr/2026 5:38 AM,15/Feb/2026 12:00 AM,,,,,USER_MANAGED_SERVICE_ACCOUNT_KEY,,,,"Service accounts should not have user-managed keys because they can be easily leaked. Learn more at https://aff9c55d.internal/iam/docs/understanding-service-accounts#managing_service_account_keysProject Tags: saallowkeyscreate:EMP-79834,productlineid:0001996383,supportgroupid:0001997404,segregationarea:yellow,applicationid:aid019,costcenter:0001_b1-50318,environment:simulation",Go to https://9d0815de.internal/iam-admin/serviceaccounts/details/116926877757932545110?project=dbg-stx-infra-simu-cf to manage keys. Delete user-managed service account keys if they are not used by any application.
Vulnerability item,GCPSCC-7690626,8103187,5336515.0,usr4276d,Risk Covered,,Resolved,16/Apr/2026 5:38 AM,15/Feb/2026 12:00 AM,,,,,USER_MANAGED_SERVICE_ACCOUNT_KEY,,,,"Service accounts should not have user-managed keys because they can be easily leaked. Learn more at https://aff9c55d.internal/iam/docs/understanding-service-accounts#managing_service_account_keysProject Tags: saallowkeyscreate:EMP-79834,environment:production,productlineid:0001996383,supportgroupid:0001997404,applicationid:aid019,costcenter:0001_b1-50318,segregationarea:red",Go to https://9d0815de.internal/iam-admin/serviceaccounts/details/113958973195464775709?project=dbg-stx-infra-prod-3e to manage keys. Delete user-managed service account keys if they are not used by any application.
Vulnerability item,GCPSCC-8296697,3317795,2441108.0,usr4276d,Risk Covered,,Resolved,16/Apr/2026 5:38 AM,15/Feb/2026 12:00 AM,,,,,USER_MANAGED_SERVICE_ACCOUNT_KEY,,,,Service accounts should not have user-managed keys because they can be easily leaked. Learn more at https://aff9c55d.internal/iam/docs/understanding-service-accounts#managing_service_account_keys,Go to https://9d0815de.internal/iam-admin/serviceaccounts/details/118050219785770559783?project=dbg-stx-infra-simu-cf to manage keys. Delete user-managed service account keys if they are not used by any application.
Vulnerability item,GCPSCC-4379171,3835990,924990.0,usr4276d,Risk Covered,,Resolved,16/Apr/2026 5:38 AM,15/Feb/2026 12:00 AM,,,,,USER_MANAGED_SERVICE_ACCOUNT_KEY,,,,"Service accounts should not have user-managed keys because they can be easily leaked. Learn more at https://aff9c55d.internal/iam/docs/understanding-service-accounts#managing_service_account_keysProject Tags: saallowkeyscreate:EMP-79834,environment:production,productlineid:0001996383,supportgroupid:0001997404,applicationid:aid019,costcenter:0001_b1-50318,segregationarea:red",Go to https://9d0815de.internal/iam-admin/serviceaccounts/details/102088321116882642435?project=dbg-stx-infra-prod-3e to manage keys. Delete user-managed service account keys if they are not used by any application.
Vulnerability item,GCPSCC-651739,1497839,8146035.0,usr4276d,Risk Covered,,Resolved,16/Apr/2026 5:38 AM,15/Feb/2026 12:00 AM,,,,,USER_MANAGED_SERVICE_ACCOUNT_KEY,,,,"Service accounts should not have user-managed keys because they can be easily leaked. Learn more at https://aff9c55d.internal/iam/docs/understanding-service-accounts#managing_service_account_keysProject Tags: saallowkeyscreate:EMP-79834,productlineid:0001996383,supportgroupid:0001997404,segregationarea:yellow,applicationid:aid019,costcenter:0001_b1-50318,environment:simulation",Go to https://9d0815de.internal/iam-admin/serviceaccounts/details/104596276797504227706?project=dbg-stx-infra-simu-cf to manage keys. Delete user-managed service account keys if they are not used by any application.
Vulnerability item,GCPSCC-5310830,3423813,2770239.0,usr4276d,Risk Covered,,Resolved,16/Apr/2026 5:38 AM,15/Feb/2026 12:00 AM,,,,,USER_MANAGED_SERVICE_ACCOUNT_KEY,,,,"Service accounts should not have user-managed keys because they can be easily leaked. Learn more at https://aff9c55d.internal/iam/docs/understanding-service-accounts#managing_service_account_keysProject Tags: saallowkeyscreate:EMP-79834,productlineid:0001996383,supportgroupid:0001997404,segregationarea:yellow,applicationid:aid019,costcenter:0001_b1-50318,environment:simulation",Go to https://9d0815de.internal/iam-admin/serviceaccounts/details/103869050565213170649?project=dbg-stx-infra-simu-cf to manage keys. Delete user-managed service account keys if they are not used by any application.
Vulnerability item,GCPSCC-5110670,6953419,6839432.0,usr4276d,Risk Covered,,Resolved,16/Apr/2026 5:38 AM,15/Feb/2026 12:00 AM,,,,,USER_MANAGED_SERVICE_ACCOUNT_KEY,,,,"Service accounts should not have user-managed keys because they can be easily leaked. Learn more at https://aff9c55d.internal/iam/docs/understanding-service-accounts#managing_service_account_keysProject Tags: saallowkeyscreate:EMP-79834,environment:production,productlineid:0001996383,supportgroupid:0001997404,applicationid:aid019,costcenter:0001_b1-50318,segregationarea:red",Go to https://9d0815de.internal/iam-admin/serviceaccounts/details/104643935735247313774?project=dbg-stx-infra-prod-3e to manage keys. Delete user-managed service account keys if they are not used by any application.
Vulnerability item,GCPSCC-3641133,7297360,601129.0,usr4276d,Risk Covered,,Resolved,16/Apr/2026 5:38 AM,15/Feb/2026 12:00 AM,,,,,USER_MANAGED_SERVICE_ACCOUNT_KEY,,,,"Service accounts should not have user-managed keys because they can be easily leaked. Learn more at https://aff9c55d.internal/iam/docs/understanding-service-accounts#managing_service_account_keysProject Tags: saallowkeyscreate:EMP-79834,environment:production,productlineid:0001996383,supportgroupid:0001997404,applicationid:aid019,costcenter:0001_b1-50318,segregationarea:red",Go to https://9d0815de.internal/iam-admin/serviceaccounts/details/112373892301295039795?project=dbg-stx-infra-prod-3e to manage keys. Delete user-managed service account keys if they are not used by any application.
Vulnerability item,GCPSCC-3603429,2112550,7360366.0,usr4276d,Risk Covered,,Resolved,16/Apr/2026 5:38 AM,15/Feb/2026 12:00 AM,,,,,USER_MANAGED_SERVICE_ACCOUNT_KEY,,,,"Service accounts should not have user-managed keys because they can be easily leaked. Learn more at https://aff9c55d.internal/iam/docs/understanding-service-accounts#managing_service_account_keysProject Tags: saallowkeyscreate:EMP-79834,environment:production,productlineid:0001996383,supportgroupid:0001997404,applicationid:aid019,costcenter:0001_b1-50318,segregationarea:red",Go to https://9d0815de.internal/iam-admin/serviceaccounts/details/109535374377802873899?project=dbg-stx-infra-prod-3e to manage keys. Delete user-managed service account keys if they are not used by any application.
Vulnerability item,GCPSCC-8340594,7118450,2274770.0,usr4276d,Risk Covered,,Resolved,16/Apr/2026 5:38 AM,15/Feb/2026 12:00 AM,,,,,USER_MANAGED_SERVICE_ACCOUNT_KEY,,,,"Service accounts should not have user-managed keys because they can be easily leaked. Learn more at https://aff9c55d.internal/iam/docs/understanding-service-accounts#managing_service_account_keysProject Tags: saallowkeyscreate:EMP-79834,productlineid:0001996383,supportgroupid:0001997404,segregationarea:yellow,applicationid:aid019,costcenter:0001_b1-50318,environment:simulation",Go to https://9d0815de.internal/iam-admin/serviceaccounts/details/102962705026175643658?project=dbg-stx-infra-simu-cf to manage keys. Delete user-managed service account keys if they are not used by any application.
Vulnerability item,GCPSCC-6700619,9022792,4803828.0,usr4276d,Risk Covered,,Resolved,16/Apr/2026 5:38 AM,15/Feb/2026 12:00 AM,,,,,USER_MANAGED_SERVICE_ACCOUNT_KEY,,,,"Service accounts should not have user-managed keys because they can be easily leaked. Learn more at https://aff9c55d.internal/iam/docs/understanding-service-accounts#managing_service_account_keysProject Tags: saallowkeyscreate:EMP-79834,productlineid:0001996383,supportgroupid:0001997404,segregationarea:yellow,applicationid:aid019,costcenter:0001_b1-50318,environment:simulation",Go to https://9d0815de.internal/iam-admin/serviceaccounts/details/113940122015623300405?project=dbg-stx-infra-simu-cf to manage keys. Delete user-managed service account keys if they are not used by any application.
Vulnerability item,GCPSCC-1444545,1951227,6008985.0,usr4276d,Risk Covered,,Resolved,16/Apr/2026 5:38 AM,15/Feb/2026 12:00 AM,,,,,USER_MANAGED_SERVICE_ACCOUNT_KEY,,,,"Service accounts should not have user-managed keys because they can be easily leaked. Learn more at https://aff9c55d.internal/iam/docs/understanding-service-accounts#managing_service_account_keysProject Tags: saallowkeyscreate:EMP-79834,productlineid:0001996383,supportgroupid:0001997404,segregationarea:yellow,applicationid:aid019,costcenter:0001_b1-50318,environment:simulation",Go to https://9d0815de.internal/iam-admin/serviceaccounts/details/114232404854308242189?project=dbg-stx-infra-simu-cf to manage keys. Delete user-managed service account keys if they are not used by any application.
Vulnerability item,GCPSCC-4074323,5120609,5037084.0,usr4276d,Risk Covered,,Resolved,16/Apr/2026 5:38 AM,15/Feb/2026 12:00 AM,,,,,USER_MANAGED_SERVICE_ACCOUNT_KEY,,,,"Service accounts should not have user-managed keys because they can be easily leaked. Learn more at https://aff9c55d.internal/iam/docs/understanding-service-accounts#managing_service_account_keysProject Tags: saallowkeyscreate:EMP-79834,environment:production,productlineid:0001996383,supportgroupid:0001997404,applicationid:aid019,costcenter:0001_b1-50318,segregationarea:red",Go to https://9d0815de.internal/iam-admin/serviceaccounts/details/116982692750919269481?project=dbg-stx-infra-prod-3e to manage keys. Delete user-managed service account keys if they are not used by any application.
Vulnerability item,GCPSCC-3841249,5592692,2883872.0,usr4276d,Risk Covered,,Resolved,16/Apr/2026 5:38 AM,15/Feb/2026 12:00 AM,,,,,USER_MANAGED_SERVICE_ACCOUNT_KEY,,,,Service accounts should not have user-managed keys because they can be easily leaked. Learn more at https://aff9c55d.internal/iam/docs/understanding-service-accounts#managing_service_account_keys,Go to https://9d0815de.internal/iam-admin/serviceaccounts/details/101286574355653791547?project=dbg-stx-infra-simu-cf to manage keys. Delete user-managed service account keys if they are not used by any application.
Vulnerability item,GCPSCC-4003534,3268368,3893601.0,usr4276d,Risk Covered,,Resolved,16/Apr/2026 5:38 AM,15/Feb/2026 12:00 AM,,,,,USER_MANAGED_SERVICE_ACCOUNT_KEY,,,,"Service accounts should not have user-managed keys because they can be easily leaked. Learn more at https://aff9c55d.internal/iam/docs/understanding-service-accounts#managing_service_account_keysProject Tags: saallowkeyscreate:EMP-79834,productlineid:0001996383,supportgroupid:0001997404,segregationarea:yellow,applicationid:aid019,costcenter:0001_b1-50318,environment:simulation",Go to https://9d0815de.internal/iam-admin/serviceaccounts/details/108108675124589400788?project=dbg-stx-infra-simu-cf to manage keys. Delete user-managed service account keys if they are not used by any application.
Vulnerability item,GCPSCC-3095261,3678264,1844978.0,usr4276d,Risk Covered,,Resolved,16/Apr/2026 5:38 AM,15/Feb/2026 12:00 AM,,,,,USER_MANAGED_SERVICE_ACCOUNT_KEY,,,,"Service accounts should not have user-managed keys because they can be easily leaked. Learn more at https://aff9c55d.internal/iam/docs/understanding-service-accounts#managing_service_account_keysProject Tags: saallowkeyscreate:EMP-79834,productlineid:0001996383,supportgroupid:0001997404,segregationarea:yellow,applicationid:aid019,costcenter:0001_b1-50318,environment:simulation",Go to https://9d0815de.internal/iam-admin/serviceaccounts/details/110995944110842568194?project=dbg-stx-infra-simu-cf to manage keys. Delete user-managed service account keys if they are not used by any application.
Vulnerability item,GCPSCC-546346,526280,6612567.0,usr4276d,Risk Covered,,Resolved,16/Apr/2026 5:38 AM,15/Feb/2026 12:00 AM,,,,,USER_MANAGED_SERVICE_ACCOUNT_KEY,,,,Service accounts should not have user-managed keys because they can be easily leaked. Learn more at https://aff9c55d.internal/iam/docs/understanding-service-accounts#managing_service_account_keys,Go to https://9d0815de.internal/iam-admin/serviceaccounts/details/101884182235103815290?project=dbg-stx-infra-prod-3e to manage keys. Delete user-managed service account keys if they are not used by any application.
Vulnerability item,GCPSCC-4905002,8073371,1498237.0,usr4276d,Risk Covered,,Resolved,16/Apr/2026 5:38 AM,15/Feb/2026 12:00 AM,,,,,USER_MANAGED_SERVICE_ACCOUNT_KEY,,,,"Service accounts should not have user-managed keys because they can be easily leaked. Learn more at https://aff9c55d.internal/iam/docs/understanding-service-accounts#managing_service_account_keysProject Tags: saallowkeyscreate:EMP-79834,productlineid:0001996383,supportgroupid:0001997404,segregationarea:yellow,applicationid:aid019,costcenter:0001_b1-50318,environment:simulation",Go to https://9d0815de.internal/iam-admin/serviceaccounts/details/100527516740379916173?project=dbg-stx-infra-simu-cf to manage keys. Delete user-managed service account keys if they are not used by any application.
Vulnerability item,GCPSCC-6067445,6627617,3269262.0,usr4276d,Risk Covered,,Resolved,16/Apr/2026 5:38 AM,15/Feb/2026 12:00 AM,,,,,USER_MANAGED_SERVICE_ACCOUNT_KEY,,,,"Service accounts should not have user-managed keys because they can be easily leaked. Learn more at https://aff9c55d.internal/iam/docs/understanding-service-accounts#managing_service_account_keysProject Tags: saallowkeyscreate:EMP-79834,productlineid:0001996383,supportgroupid:0001997404,segregationarea:yellow,applicationid:aid019,costcenter:0001_b1-50318,environment:simulation",Go to https://9d0815de.internal/iam-admin/serviceaccounts/details/109277215686414136757?project=dbg-stx-infra-simu-cf to manage keys. Delete user-managed service account keys if they are not used by any application.
Vulnerability item,GCPSCC-8128079,3609517,4469933.0,usr4276d,Risk Covered,,Resolved,16/Apr/2026 5:38 AM,15/Feb/2026 12:00 AM,,,,,USER_MANAGED_SERVICE_ACCOUNT_KEY,,,,Service accounts should not have user-managed keys because they can be easily leaked. Learn more at https://aff9c55d.internal/iam/docs/understanding-service-accounts#managing_service_account_keys,Go to https://9d0815de.internal/iam-admin/serviceaccounts/details/101818541118407836885?project=dbg-stx-infra-prod-3e to manage keys. Delete user-managed service account keys if they are not used by any application.
Vulnerability item,GCPSCC-2311813,1816905,6751116.0,usr4276d,Risk Covered,,Resolved,16/Apr/2026 5:38 AM,15/Feb/2026 12:00 AM,,,,,USER_MANAGED_SERVICE_ACCOUNT_KEY,,,,"Service accounts should not have user-managed keys because they can be easily leaked. Learn more at https://aff9c55d.internal/iam/docs/understanding-service-accounts#managing_service_account_keysProject Tags: saallowkeyscreate:EMP-79834,environment:production,productlineid:0001996383,supportgroupid:0001997404,applicationid:aid019,costcenter:0001_b1-50318,segregationarea:red",Go to https://9d0815de.internal/iam-admin/serviceaccounts/details/114489957340154324634?project=dbg-stx-infra-prod-3e to manage keys. Delete user-managed service account keys if they are not used by any application.
Vulnerability item,GCPSCC-3502893,4340871,7403691.0,usr4276d,Risk Covered,,Resolved,16/Apr/2026 5:38 AM,15/Feb/2026 12:00 AM,,,,,USER_MANAGED_SERVICE_ACCOUNT_KEY,,,,Service accounts should not have user-managed keys because they can be easily leaked. Learn more at https://aff9c55d.internal/iam/docs/understanding-service-accounts#managing_service_account_keys,Go to https://9d0815de.internal/iam-admin/serviceaccounts/details/101649106832970025836?project=dbg-stx-infra-prod-3e to manage keys. Delete user-managed service account keys if they are not used by any application.
Vulnerability item,GCPSCC-3415813,6697562,1331367.0,usr4276d,Risk Covered,,Resolved,16/Apr/2026 5:38 AM,15/Feb/2026 12:00 AM,,,,,USER_MANAGED_SERVICE_ACCOUNT_KEY,,,,"Service accounts should not have user-managed keys because they can be easily leaked. Learn more at https://aff9c55d.internal/iam/docs/understanding-service-accounts#managing_service_account_keysProject Tags: saallowkeyscreate:EMP-79834,productlineid:0001996383,supportgroupid:0001997404,segregationarea:yellow,applicationid:aid019,costcenter:0001_b1-50318,environment:simulation",Go to https://9d0815de.internal/iam-admin/serviceaccounts/details/103256301878526323133?project=dbg-stx-infra-simu-cf to manage keys. Delete user-managed service account keys if they are not used by any application.
Vulnerability item,GCPSCC-887339,2432405,3061028.0,usr4276d,Risk Covered,,Resolved,16/Apr/2026 5:38 AM,15/Feb/2026 12:00 AM,,,,,USER_MANAGED_SERVICE_ACCOUNT_KEY,,,,"Service accounts should not have user-managed keys because they can be easily leaked. Learn more at https://aff9c55d.internal/iam/docs/understanding-service-accounts#managing_service_account_keysProject Tags: saallowkeyscreate:EMP-79834,environment:production,productlineid:0001996383,supportgroupid:0001997404,applicationid:aid019,costcenter:0001_b1-50318,segregationarea:red",Go to https://9d0815de.internal/iam-admin/serviceaccounts/details/108433679801562823605?project=dbg-stx-infra-prod-3e to manage keys. Delete user-managed service account keys if they are not used by any application.
Vulnerability item,GCPSCC-2369442,1763521,5337251.0,usr4276d,Risk Covered,,Resolved,16/Apr/2026 5:38 AM,15/Feb/2026 12:00 AM,,,,,USER_MANAGED_SERVICE_ACCOUNT_KEY,,,,"Service accounts should not have user-managed keys because they can be easily leaked. Learn more at https://aff9c55d.internal/iam/docs/understanding-service-accounts#managing_service_account_keysProject Tags: saallowkeyscreate:EMP-79834,productlineid:0001996383,supportgroupid:0001997404,segregationarea:yellow,applicationid:aid019,costcenter:0001_b1-50318,environment:simulation",Go to https://9d0815de.internal/iam-admin/serviceaccounts/details/102943541624124355975?project=dbg-stx-infra-simu-cf to manage keys. Delete user-managed service account keys if they are not used by any application.
Vulnerability item,GCPSCC-3970677,3463269,5317641.0,usr4276d,Risk Covered,,Resolved,16/Apr/2026 5:38 AM,15/Feb/2026 12:00 AM,,,,,USER_MANAGED_SERVICE_ACCOUNT_KEY,,,,"Service accounts should not have user-managed keys because they can be easily leaked. Learn more at https://aff9c55d.internal/iam/docs/understanding-service-accounts#managing_service_account_keysProject Tags: saallowkeyscreate:EMP-79834,productlineid:0001996383,supportgroupid:0001997404,segregationarea:yellow,applicationid:aid019,costcenter:0001_b1-50318,environment:simulation",Go to https://9d0815de.internal/iam-admin/serviceaccounts/details/109304231252253949519?project=dbg-stx-infra-simu-cf to manage keys. Delete user-managed service account keys if they are not used by any application.
Vulnerability item,GCPSCC-5696204,4349310,3988268.0,usr4276d,Risk Covered,,Resolved,16/Apr/2026 5:38 AM,15/Feb/2026 12:00 AM,,,,,USER_MANAGED_SERVICE_ACCOUNT_KEY,,,,"Service accounts should not have user-managed keys because they can be easily leaked. Learn more at https://aff9c55d.internal/iam/docs/understanding-service-accounts#managing_service_account_keysProject Tags: saallowkeyscreate:EMP-79834,productlineid:0001996383,supportgroupid:0001997404,segregationarea:yellow,applicationid:aid019,costcenter:0001_b1-50318,environment:simulation",Go to https://9d0815de.internal/iam-admin/serviceaccounts/details/115337203320080468886?project=dbg-stx-infra-simu-cf to manage keys. Delete user-managed service account keys if they are not used by any application.
Vulnerability item,GCPSCC-6817800,4291464,8171705.0,usr4276d,Risk Covered,,Resolved,16/Apr/2026 5:38 AM,15/Feb/2026 12:00 AM,,,,,USER_MANAGED_SERVICE_ACCOUNT_KEY,,,,"Service accounts should not have user-managed keys because they can be easily leaked. Learn more at https://aff9c55d.internal/iam/docs/understanding-service-accounts#managing_service_account_keysProject Tags: saallowkeyscreate:EMP-79834,productlineid:0001996383,supportgroupid:0001997404,segregationarea:yellow,applicationid:aid019,costcenter:0001_b1-50318,environment:simulation",Go to https://9d0815de.internal/iam-admin/serviceaccounts/details/108282419298068135667?project=dbg-stx-infra-simu-cf to manage keys. Delete user-managed service account keys if they are not used by any application.
Vulnerability item,GCPSCC-1823182,7860296,8503345.0,usr4276d,Risk Covered,,Resolved,16/Apr/2026 5:38 AM,15/Feb/2026 12:00 AM,,,,,USER_MANAGED_SERVICE_ACCOUNT_KEY,,,,"Service accounts should not have user-managed keys because they can be easily leaked. Learn more at https://aff9c55d.internal/iam/docs/understanding-service-accounts#managing_service_account_keysProject Tags: saallowkeyscreate:EMP-79834,environment:production,productlineid:0001996383,supportgroupid:0001997404,applicationid:aid019,costcenter:0001_b1-50318,segregationarea:red",Go to https://9d0815de.internal/iam-admin/serviceaccounts/details/110089474452245079799?project=dbg-stx-infra-prod-3e to manage keys. Delete user-managed service account keys if they are not used by any application.
Vulnerability item,GCPSCC-501480,6013724,5853470.0,usr4276d,Risk Covered,,Resolved,16/Apr/2026 5:38 AM,15/Feb/2026 12:00 AM,,,,,USER_MANAGED_SERVICE_ACCOUNT_KEY,,,,"Service accounts should not have user-managed keys because they can be easily leaked. Learn more at https://aff9c55d.internal/iam/docs/understanding-service-accounts#managing_service_account_keysProject Tags: saallowkeyscreate:EMP-79834,productlineid:0001996383,supportgroupid:0001997404,segregationarea:yellow,applicationid:aid019,costcenter:0001_b1-50318,environment:simulation",Go to https://9d0815de.internal/iam-admin/serviceaccounts/details/116096501394587396172?project=dbg-stx-infra-simu-cf to manage keys. Delete user-managed service account keys if they are not used by any application.
Vulnerability item,GCPSCC-6635456,2989332,8835991.0,usr4276d,Risk Covered,,Resolved,16/Apr/2026 5:38 AM,15/Feb/2026 12:00 AM,,,,,USER_MANAGED_SERVICE_ACCOUNT_KEY,,,,"Service accounts should not have user-managed keys because they can be easily leaked. Learn more at https://aff9c55d.internal/iam/docs/understanding-service-accounts#managing_service_account_keysProject Tags: saallowkeyscreate:EMP-79834,environment:production,productlineid:0001996383,supportgroupid:0001997404,applicationid:aid019,costcenter:0001_b1-50318,segregationarea:red",Go to https://9d0815de.internal/iam-admin/serviceaccounts/details/116855173249890262837?project=dbg-stx-infra-prod-3e to manage keys. Delete user-managed service account keys if they are not used by any application.
Vulnerability item,GCPSCC-1933640,8275606,3037397.0,usr4276d,Risk Covered,,Resolved,16/Apr/2026 5:38 AM,15/Feb/2026 12:00 AM,,,,,USER_MANAGED_SERVICE_ACCOUNT_KEY,,,,"Service accounts should not have user-managed keys because they can be easily leaked. Learn more at https://aff9c55d.internal/iam/docs/understanding-service-accounts#managing_service_account_keysProject Tags: saallowkeyscreate:EMP-79834,productlineid:0001996383,supportgroupid:0001997404,segregationarea:yellow,applicationid:aid019,costcenter:0001_b1-50318,environment:simulation",Go to https://9d0815de.internal/iam-admin/serviceaccounts/details/111823804144402740360?project=dbg-stx-infra-simu-cf to manage keys. Delete user-managed service account keys if they are not used by any application.
Vulnerability item,GCPSCC-3483069,4011961,2067428.0,usr4276d,Risk Covered,,Resolved,16/Apr/2026 5:38 AM,15/Feb/2026 12:00 AM,,,,,USER_MANAGED_SERVICE_ACCOUNT_KEY,,,,"Service accounts should not have user-managed keys because they can be easily leaked. Learn more at https://aff9c55d.internal/iam/docs/understanding-service-accounts#managing_service_account_keysProject Tags: saallowkeyscreate:EMP-79834,environment:production,productlineid:0001996383,supportgroupid:0001997404,applicationid:aid019,costcenter:0001_b1-50318,segregationarea:red",Go to https://9d0815de.internal/iam-admin/serviceaccounts/details/101562492721792162768?project=dbg-stx-infra-prod-3e to manage keys. Delete user-managed service account keys if they are not used by any application.
Vulnerability item,GCPSCC-5164618,4065612,6217670.0,usr4276d,Risk Covered,,Resolved,16/Apr/2026 5:38 AM,15/Feb/2026 12:00 AM,,,,,USER_MANAGED_SERVICE_ACCOUNT_KEY,,,,"Service accounts should not have user-managed keys because they can be easily leaked. Learn more at https://aff9c55d.internal/iam/docs/understanding-service-accounts#managing_service_account_keysProject Tags: saallowkeyscreate:EMP-79834,environment:production,productlineid:0001996383,supportgroupid:0001997404,applicationid:aid019,costcenter:0001_b1-50318,segregationarea:red",Go to https://9d0815de.internal/iam-admin/serviceaccounts/details/107637388279863033319?project=dbg-stx-infra-prod-3e to manage keys. Delete user-managed service account keys if they are not used by any application.
Vulnerability item,GCPSCC-3669847,1030059,5775609.0,usr4276d,Risk Covered,,Resolved,16/Apr/2026 5:38 AM,15/Feb/2026 12:00 AM,,,,,USER_MANAGED_SERVICE_ACCOUNT_KEY,,,,"Service accounts should not have user-managed keys because they can be easily leaked. Learn more at https://aff9c55d.internal/iam/docs/understanding-service-accounts#managing_service_account_keysProject Tags: saallowkeyscreate:EMP-79834,productlineid:0001996383,supportgroupid:0001997404,segregationarea:yellow,applicationid:aid019,costcenter:0001_b1-50318,environment:simulation",Go to https://9d0815de.internal/iam-admin/serviceaccounts/details/108263461503537083205?project=dbg-stx-infra-simu-cf to manage keys. Delete user-managed service account keys if they are not used by any application.
Vulnerability item,GCPSCC-1591971,5454855,1074737.0,usr4276d,Risk Covered,,Resolved,16/Apr/2026 5:38 AM,15/Feb/2026 12:00 AM,,,,,USER_MANAGED_SERVICE_ACCOUNT_KEY,,,,"Service accounts should not have user-managed keys because they can be easily leaked. Learn more at https://aff9c55d.internal/iam/docs/understanding-service-accounts#managing_service_account_keysProject Tags: saallowkeyscreate:EMP-79834,environment:production,productlineid:0001996383,supportgroupid:0001997404,applicationid:aid019,costcenter:0001_b1-50318,segregationarea:red",Go to https://9d0815de.internal/iam-admin/serviceaccounts/details/109028737956653454532?project=dbg-stx-infra-prod-3e to manage keys. Delete user-managed service account keys if they are not used by any application.
Vulnerability item,GCPSCC-4063611,2774388,7787046.0,usr4276d,Risk Covered,,Resolved,16/Apr/2026 5:38 AM,15/Feb/2026 12:00 AM,,,,,USER_MANAGED_SERVICE_ACCOUNT_KEY,,,,"Service accounts should not have user-managed keys because they can be easily leaked. Learn more at https://aff9c55d.internal/iam/docs/understanding-service-accounts#managing_service_account_keysProject Tags: saallowkeyscreate:EMP-79834,environment:production,productlineid:0001996383,supportgroupid:0001997404,applicationid:aid019,costcenter:0001_b1-50318,segregationarea:red",Go to https://9d0815de.internal/iam-admin/serviceaccounts/details/113981429213877425768?project=dbg-stx-infra-prod-3e to manage keys. Delete user-managed service account keys if they are not used by any application.
Vulnerability item,GCPSCC-1863661,8973590,3887740.0,usr4276d,Risk Covered,,Resolved,16/Apr/2026 5:38 AM,15/Feb/2026 12:00 AM,,,,,USER_MANAGED_SERVICE_ACCOUNT_KEY,,,,Service accounts should not have user-managed keys because they can be easily leaked. Learn more at https://aff9c55d.internal/iam/docs/understanding-service-accounts#managing_service_account_keys,Go to https://9d0815de.internal/iam-admin/serviceaccounts/details/105096092395354721863?project=dbg-stx-infra-simu-cf to manage keys. Delete user-managed service account keys if they are not used by any application.
Vulnerability item,GCPSCC-3919402,6721086,1942655.0,usr4276d,Risk Covered,,Resolved,16/Apr/2026 5:38 AM,15/Feb/2026 12:00 AM,,,,,USER_MANAGED_SERVICE_ACCOUNT_KEY,,,,"Service accounts should not have user-managed keys because they can be easily leaked. Learn more at https://aff9c55d.internal/iam/docs/understanding-service-accounts#managing_service_account_keysProject Tags: saallowkeyscreate:EMP-79834,environment:production,productlineid:0001996383,supportgroupid:0001997404,applicationid:aid019,costcenter:0001_b1-50318,segregationarea:red",Go to https://9d0815de.internal/iam-admin/serviceaccounts/details/109533631188922090473?project=dbg-stx-infra-prod-3e to manage keys. Delete user-managed service account keys if they are not used by any application.
Vulnerability item,GCPSCC-7997744,3305231,1488045.0,usr4276d,Risk Covered,,Resolved,16/Apr/2026 5:38 AM,15/Feb/2026 12:00 AM,,,,,USER_MANAGED_SERVICE_ACCOUNT_KEY,,,,Service accounts should not have user-managed keys because they can be easily leaked. Learn more at https://aff9c55d.internal/iam/docs/understanding-service-accounts#managing_service_account_keys,Go to https://9d0815de.internal/iam-admin/serviceaccounts/details/114967961683458408589?project=dbg-stx-infra-prod-3e to manage keys. Delete user-managed service account keys if they are not used by any application.
Vulnerability item,GCPSCC-7387034,7643712,5711089.0,usr4276d,Risk Covered,,Resolved,16/Apr/2026 5:38 AM,15/Feb/2026 12:00 AM,,,,,USER_MANAGED_SERVICE_ACCOUNT_KEY,,,,"Service accounts should not have user-managed keys because they can be easily leaked. Learn more at https://aff9c55d.internal/iam/docs/understanding-service-accounts#managing_service_account_keysProject Tags: saallowkeyscreate:EMP-79834,environment:production,productlineid:0001996383,supportgroupid:0001997404,applicationid:aid019,costcenter:0001_b1-50318,segregationarea:red",Go to https://9d0815de.internal/iam-admin/serviceaccounts/details/110224913197610751877?project=dbg-stx-infra-prod-3e to manage keys. Delete user-managed service account keys if they are not used by any application.
Vulnerability item,GCPSCC-7353091,8728385,7521469.0,usr4276d,Risk Covered,,Resolved,16/Apr/2026 5:38 AM,15/Feb/2026 12:00 AM,,,,,USER_MANAGED_SERVICE_ACCOUNT_KEY,,,,"Service accounts should not have user-managed keys because they can be easily leaked. Learn more at https://aff9c55d.internal/iam/docs/understanding-service-accounts#managing_service_account_keysProject Tags: productlineid:0001996383,supportgroupid:0001997404,segregationarea:yellow,applicationid:aid019,costcenter:0001_b1-50318,environment:simulation",Go to https://9d0815de.internal/iam-admin/serviceaccounts/details/103805324390136746526?project=dbg-stx-transfer-simu-e9 to manage keys. Delete user-managed service account keys if they are not used by any application.
Vulnerability item,GCPSCC-1019824,3063794,6476209.0,usr4276d,Risk Covered,,Resolved,16/Apr/2026 5:38 AM,15/Feb/2026 12:00 AM,,,,,USER_MANAGED_SERVICE_ACCOUNT_KEY,,,,"Service accounts should not have user-managed keys because they can be easily leaked. Learn more at https://aff9c55d.internal/iam/docs/understanding-service-accounts#managing_service_account_keysProject Tags: saallowkeyscreate:EMP-79834,environment:production,productlineid:0001996383,supportgroupid:0001997404,applicationid:aid019,costcenter:0001_b1-50318,segregationarea:red",Go to https://9d0815de.internal/iam-admin/serviceaccounts/details/103435439578196980515?project=dbg-stx-infra-prod-3e to manage keys. Delete user-managed service account keys if they are not used by any application.
Vulnerability item,GCPSCC-3464529,4059770,4546985.0,usr4276d,Risk Covered,,Resolved,16/Apr/2026 5:38 AM,15/Feb/2026 12:00 AM,,,,,USER_MANAGED_SERVICE_ACCOUNT_KEY,,,,"Service accounts should not have user-managed keys because they can be easily leaked. Learn more at https://aff9c55d.internal/iam/docs/understanding-service-accounts#managing_service_account_keysProject Tags: saallowkeyscreate:EMP-79834,productlineid:0001996383,supportgroupid:0001997404,segregationarea:yellow,applicationid:aid019,costcenter:0001_b1-50318,environment:simulation",Go to https://9d0815de.internal/iam-admin/serviceaccounts/details/117814203413990043301?project=dbg-stx-infra-simu-cf to manage keys. Delete user-managed service account keys if they are not used by any application.
Vulnerability item,GCPSCC-6914134,5415962,2640175.0,usr4276d,Risk Covered,,Resolved,16/Apr/2026 5:38 AM,15/Feb/2026 12:00 AM,,,,,USER_MANAGED_SERVICE_ACCOUNT_KEY,,,,Service accounts should not have user-managed keys because they can be easily leaked. Learn more at https://aff9c55d.internal/iam/docs/understanding-service-accounts#managing_service_account_keys,Go to https://9d0815de.internal/iam-admin/serviceaccounts/details/114825740826067204783?project=dbg-stx-infra-prod-3e to manage keys. Delete user-managed service account keys if they are not used by any application.
Vulnerability item,GCPSCC-4209303,7498776,5160039.0,usr4276d,Risk Covered,,Resolved,16/Apr/2026 5:38 AM,15/Feb/2026 12:00 AM,,,,,USER_MANAGED_SERVICE_ACCOUNT_KEY,,,,"Service accounts should not have user-managed keys because they can be easily leaked. Learn more at https://aff9c55d.internal/iam/docs/understanding-service-accounts#managing_service_account_keysProject Tags: saallowkeyscreate:EMP-79834,productlineid:0001996383,supportgroupid:0001997404,segregationarea:yellow,applicationid:aid019,costcenter:0001_b1-50318,environment:simulation",Go to https://9d0815de.internal/iam-admin/serviceaccounts/details/102806800433631615573?project=dbg-stx-infra-simu-cf to manage keys. Delete user-managed service account keys if they are not used by any application.
Vulnerability item,GCPSCC-7689981,398250,7576702.0,usr4276d,Risk Covered,,Resolved,16/Apr/2026 5:38 AM,15/Feb/2026 12:00 AM,,,,,USER_MANAGED_SERVICE_ACCOUNT_KEY,,,,"Service accounts should not have user-managed keys because they can be easily leaked. Learn more at https://aff9c55d.internal/iam/docs/understanding-service-accounts#managing_service_account_keysProject Tags: saallowkeyscreate:EMP-79834,productlineid:0001996383,supportgroupid:0001997404,segregationarea:yellow,applicationid:aid019,costcenter:0001_b1-50318,environment:simulation",Go to https://9d0815de.internal/iam-admin/serviceaccounts/details/103159588490362737534?project=dbg-stx-infra-simu-cf to manage keys. Delete user-managed service account keys if they are not used by any application.
Vulnerability item,GCPSCC-959025,3378564,5132026.0,usr4276d,Risk Covered,,Resolved,16/Apr/2026 5:38 AM,15/Feb/2026 12:00 AM,,,,,USER_MANAGED_SERVICE_ACCOUNT_KEY,,,,"Service accounts should not have user-managed keys because they can be easily leaked. Learn more at https://aff9c55d.internal/iam/docs/understanding-service-accounts#managing_service_account_keysProject Tags: saallowkeyscreate:EMP-79834,environment:production,productlineid:0001996383,supportgroupid:0001997404,applicationid:aid019,costcenter:0001_b1-50318,segregationarea:red",Go to https://9d0815de.internal/iam-admin/serviceaccounts/details/113745951206411344026?project=dbg-stx-infra-prod-3e to manage keys. Delete user-managed service account keys if they are not used by any application.
Vulnerability item,GCPSCC-3524604,1616668,4499833.0,usr4276d,Risk Covered,,Resolved,16/Apr/2026 5:38 AM,15/Feb/2026 12:00 AM,,,,,USER_MANAGED_SERVICE_ACCOUNT_KEY,,,,Service accounts should not have user-managed keys because they can be easily leaked. Learn more at https://aff9c55d.internal/iam/docs/understanding-service-accounts#managing_service_account_keys,Go to https://9d0815de.internal/iam-admin/serviceaccounts/details/106813899472284047441?project=dbg-stx-infra-simu-cf to manage keys. Delete user-managed service account keys if they are not used by any application.
Vulnerability item,GCPSCC-4133868,2461805,7553372.0,usr4276d,Risk Covered,,Resolved,16/Apr/2026 5:38 AM,15/Feb/2026 12:00 AM,,,,,USER_MANAGED_SERVICE_ACCOUNT_KEY,,,,"Service accounts should not have user-managed keys because they can be easily leaked. Learn more at https://aff9c55d.internal/iam/docs/understanding-service-accounts#managing_service_account_keysProject Tags: saallowkeyscreate:EMP-79834,productlineid:0001996383,supportgroupid:0001997404,segregationarea:yellow,applicationid:aid019,costcenter:0001_b1-50318,environment:simulation",Go to https://9d0815de.internal/iam-admin/serviceaccounts/details/112510108320876386428?project=dbg-stx-infra-simu-cf to manage keys. Delete user-managed service account keys if they are not used by any application.
Vulnerability item,GCPSCC-1892412,1067258,6601845.0,usr4276d,Risk Covered,,Resolved,16/Apr/2026 5:38 AM,15/Feb/2026 12:00 AM,,,,,USER_MANAGED_SERVICE_ACCOUNT_KEY,,,,Service accounts should not have user-managed keys because they can be easily leaked. Learn more at https://aff9c55d.internal/iam/docs/understanding-service-accounts#managing_service_account_keys,Go to https://9d0815de.internal/iam-admin/serviceaccounts/details/100250112019356064269?project=dbg-stx-infra-prod-3e to manage keys. Delete user-managed service account keys if they are not used by any application.
Vulnerability item,GCPSCC-1220409,2186230,799390.0,usr4276d,Risk Covered,,Resolved,16/Apr/2026 5:38 AM,15/Feb/2026 12:00 AM,,,,,USER_MANAGED_SERVICE_ACCOUNT_KEY,,,,"Service accounts should not have user-managed keys because they can be easily leaked. Learn more at https://aff9c55d.internal/iam/docs/understanding-service-accounts#managing_service_account_keysProject Tags: environment:production,productlineid:0001996383,supportgroupid:0001997404,applicationid:aid019,costcenter:0001_b1-50318,segregationarea:red",Go to https://9d0815de.internal/iam-admin/serviceaccounts/details/108444343782156991227?project=dbg-stx-transfer-prod-84 to manage keys. Delete user-managed service account keys if they are not used by any application.
Vulnerability item,GCPSCC-8459658,2852127,3669312.0,usr4276d,Risk Covered,,Resolved,16/Apr/2026 5:38 AM,15/Feb/2026 12:00 AM,,,,,USER_MANAGED_SERVICE_ACCOUNT_KEY,,,,"Service accounts should not have user-managed keys because they can be easily leaked. Learn more at https://aff9c55d.internal/iam/docs/understanding-service-accounts#managing_service_account_keysProject Tags: saallowkeyscreate:EMP-79834,environment:production,productlineid:0001996383,supportgroupid:0001997404,applicationid:aid019,costcenter:0001_b1-50318,segregationarea:red",Go to https://9d0815de.internal/iam-admin/serviceaccounts/details/111776026938706984736?project=dbg-stx-infra-prod-3e to manage keys. Delete user-managed service account keys if they are not used by any application.
Vulnerability item,GCPSCC-4425209,1917887,4391019.0,usr4276d,Risk Covered,,Resolved,16/Apr/2026 5:38 AM,15/Feb/2026 12:00 AM,,,,,USER_MANAGED_SERVICE_ACCOUNT_KEY,,,,"Service accounts should not have user-managed keys because they can be easily leaked. Learn more at https://aff9c55d.internal/iam/docs/understanding-service-accounts#managing_service_account_keysProject Tags: saallowkeyscreate:EMP-79834,environment:production,productlineid:0001996383,supportgroupid:0001997404,applicationid:aid019,costcenter:0001_b1-50318,segregationarea:red",Go to https://9d0815de.internal/iam-admin/serviceaccounts/details/105047410527481978116?project=dbg-stx-infra-prod-3e to manage keys. Delete user-managed service account keys if they are not used by any application.
Vulnerability item,GCPSCC-4028593,5113603,7252112.0,usr4276d,Risk Covered,,Resolved,16/Apr/2026 5:38 AM,15/Feb/2026 12:00 AM,,,,,USER_MANAGED_SERVICE_ACCOUNT_KEY,,,,"Service accounts should not have user-managed keys because they can be easily leaked. Learn more at https://aff9c55d.internal/iam/docs/understanding-service-accounts#managing_service_account_keysProject Tags: saallowkeyscreate:EMP-79834,environment:production,productlineid:0001996383,supportgroupid:0001997404,applicationid:aid019,costcenter:0001_b1-50318,segregationarea:red",Go to https://9d0815de.internal/iam-admin/serviceaccounts/details/111526878021830321180?project=dbg-stx-infra-prod-3e to manage keys. Delete user-managed service account keys if they are not used by any application.
Vulnerability item,GCPSCC-6470241,3258279,8797679.0,usr4276d,Risk Covered,,Resolved,16/Apr/2026 5:38 AM,15/Feb/2026 12:00 AM,,,,,USER_MANAGED_SERVICE_ACCOUNT_KEY,,,,"Service accounts should not have user-managed keys because they can be easily leaked. Learn more at https://aff9c55d.internal/iam/docs/understanding-service-accounts#managing_service_account_keysProject Tags: saallowkeyscreate:EMP-79834,environment:production,productlineid:0001996383,supportgroupid:0001997404,applicationid:aid019,costcenter:0001_b1-50318,segregationarea:red",Go to https://9d0815de.internal/iam-admin/serviceaccounts/details/108978440916762489778?project=dbg-stx-infra-prod-3e to manage keys. Delete user-managed service account keys if they are not used by any application.
Vulnerability item,GCPSCC-8693753,7787291,6566612.0,usr4276d,Risk Covered,,Resolved,16/Apr/2026 5:38 AM,15/Feb/2026 12:00 AM,,,,,USER_MANAGED_SERVICE_ACCOUNT_KEY,,,,"Service accounts should not have user-managed keys because they can be easily leaked. Learn more at https://aff9c55d.internal/iam/docs/understanding-service-accounts#managing_service_account_keysProject Tags: saallowkeyscreate:EMP-79834,environment:production,productlineid:0001996383,supportgroupid:0001997404,applicationid:aid019,costcenter:0001_b1-50318,segregationarea:red",Go to https://9d0815de.internal/iam-admin/serviceaccounts/details/107209107567672051418?project=dbg-stx-infra-prod-3e to manage keys. Delete user-managed service account keys if they are not used by any application.
Vulnerability item,GCPSCC-1666291,6695960,4318647.0,usr4276d,Risk Covered,,Resolved,16/Apr/2026 5:38 AM,15/Feb/2026 12:00 AM,,,,,USER_MANAGED_SERVICE_ACCOUNT_KEY,,,,"Service accounts should not have user-managed keys because they can be easily leaked. Learn more at https://aff9c55d.internal/iam/docs/understanding-service-accounts#managing_service_account_keysProject Tags: saallowkeyscreate:EMP-79834,environment:production,productlineid:0001996383,supportgroupid:0001997404,applicationid:aid019,costcenter:0001_b1-50318,segregationarea:red",Go to https://9d0815de.internal/iam-admin/serviceaccounts/details/111584004555482281464?project=dbg-stx-infra-prod-3e to manage keys. Delete user-managed service account keys if they are not used by any application.
Vulnerability item,GCPSCC-8261291,2688912,3807619.0,usr4276d,Risk Covered,,Resolved,16/Apr/2026 5:38 AM,15/Feb/2026 12:00 AM,,,,,USER_MANAGED_SERVICE_ACCOUNT_KEY,,,,"Service accounts should not have user-managed keys because they can be easily leaked. Learn more at https://aff9c55d.internal/iam/docs/understanding-service-accounts#managing_service_account_keysProject Tags: saallowkeyscreate:EMP-79834,environment:production,productlineid:0001996383,supportgroupid:0001997404,applicationid:aid019,costcenter:0001_b1-50318,segregationarea:red",Go to https://9d0815de.internal/iam-admin/serviceaccounts/details/101923525622415065107?project=dbg-stx-infra-prod-3e to manage keys. Delete user-managed service account keys if they are not used by any application.
Vulnerability item,GCPSCC-4367540,1509339,773427.0,usr4276d,Risk Covered,,Resolved,16/Apr/2026 5:38 AM,15/Feb/2026 12:00 AM,,,,,USER_MANAGED_SERVICE_ACCOUNT_KEY,,,,"Service accounts should not have user-managed keys because they can be easily leaked. Learn more at https://aff9c55d.internal/iam/docs/understanding-service-accounts#managing_service_account_keysProject Tags: saallowkeyscreate:EMP-79834,environment:production,productlineid:0001996383,supportgroupid:0001997404,applicationid:aid019,costcenter:0001_b1-50318,segregationarea:red",Go to https://9d0815de.internal/iam-admin/serviceaccounts/details/103233509796077957470?project=dbg-stx-infra-prod-3e to manage keys. Delete user-managed service account keys if they are not used by any application.
Vulnerability item,GCPSCC-5310417,1515602,8468366.0,usr4276d,Risk Covered,,Resolved,16/Apr/2026 5:38 AM,15/Feb/2026 12:00 AM,,,,,USER_MANAGED_SERVICE_ACCOUNT_KEY,,,,"Service accounts should not have user-managed keys because they can be easily leaked. Learn more at https://aff9c55d.internal/iam/docs/understanding-service-accounts#managing_service_account_keysProject Tags: saallowkeyscreate:EMP-79834,productlineid:0001996383,supportgroupid:0001997404,segregationarea:yellow,applicationid:aid019,costcenter:0001_b1-50318,environment:simulation",Go to https://9d0815de.internal/iam-admin/serviceaccounts/details/105708587595530306262?project=dbg-stx-infra-simu-cf to manage keys. Delete user-managed service account keys if they are not used by any application.
Vulnerability item,GCPSCC-4583623,4143449,3176941.0,usr4276d,Risk Covered,,Resolved,16/Apr/2026 5:38 AM,15/Feb/2026 12:00 AM,,,,,USER_MANAGED_SERVICE_ACCOUNT_KEY,,,,"Service accounts should not have user-managed keys because they can be easily leaked. Learn more at https://aff9c55d.internal/iam/docs/understanding-service-accounts#managing_service_account_keysProject Tags: saallowkeyscreate:EMP-79834,environment:production,productlineid:0001996383,supportgroupid:0001997404,applicationid:aid019,costcenter:0001_b1-50318,segregationarea:red",Go to https://9d0815de.internal/iam-admin/serviceaccounts/details/103951480201931047785?project=dbg-stx-infra-prod-3e to manage keys. Delete user-managed service account keys if they are not used by any application.
Vulnerability item,GCPSCC-2702158,6999152,5032840.0,usr4276d,Risk Covered,,Resolved,16/Apr/2026 5:38 AM,15/Feb/2026 12:00 AM,,,,,USER_MANAGED_SERVICE_ACCOUNT_KEY,,,,"Service accounts should not have user-managed keys because they can be easily leaked. Learn more at https://aff9c55d.internal/iam/docs/understanding-service-accounts#managing_service_account_keysProject Tags: saallowkeyscreate:EMP-79834,environment:production,productlineid:0001996383,supportgroupid:0001997404,applicationid:aid019,costcenter:0001_b1-50318,segregationarea:red",Go to https://9d0815de.internal/iam-admin/serviceaccounts/details/106304393342140226863?project=dbg-stx-infra-prod-3e to manage keys. Delete user-managed service account keys if they are not used by any application.
Vulnerability item,GCPSCC-705807,2137678,2068469.0,usr4276d,Risk Covered,,Resolved,16/Apr/2026 5:38 AM,15/Feb/2026 12:00 AM,,,,,USER_MANAGED_SERVICE_ACCOUNT_KEY,,,,Service accounts should not have user-managed keys because they can be easily leaked. Learn more at https://aff9c55d.internal/iam/docs/understanding-service-accounts#managing_service_account_keys,Go to https://9d0815de.internal/iam-admin/serviceaccounts/details/103566755152658063309?project=dbg-stx-infra-simu-cf to manage keys. Delete user-managed service account keys if they are not used by any application.
Vulnerability item,GCPSCC-2248396,4855402,3087395.0,usr4276d,Risk Covered,,Resolved,16/Apr/2026 5:38 AM,15/Feb/2026 12:00 AM,,,,,USER_MANAGED_SERVICE_ACCOUNT_KEY,,,,"Service accounts should not have user-managed keys because they can be easily leaked. Learn more at https://aff9c55d.internal/iam/docs/understanding-service-accounts#managing_service_account_keysProject Tags: saallowkeyscreate:EMP-79834,productlineid:0001996383,supportgroupid:0001997404,segregationarea:yellow,applicationid:aid019,costcenter:0001_b1-50318,environment:simulation",Go to https://9d0815de.internal/iam-admin/serviceaccounts/details/112970004598782166655?project=dbg-stx-infra-simu-cf to manage keys. Delete user-managed service account keys if they are not used by any application.
Vulnerability item,GCPSCC-2882542,4229893,1898105.0,usr4276d,Risk Covered,,Resolved,16/Apr/2026 5:38 AM,15/Feb/2026 12:00 AM,,,,,USER_MANAGED_SERVICE_ACCOUNT_KEY,,,,"Service accounts should not have user-managed keys because they can be easily leaked. Learn more at https://aff9c55d.internal/iam/docs/understanding-service-accounts#managing_service_account_keysProject Tags: saallowkeyscreate:EMP-79834,environment:production,productlineid:0001996383,supportgroupid:0001997404,applicationid:aid019,costcenter:0001_b1-50318,segregationarea:red",Go to https://9d0815de.internal/iam-admin/serviceaccounts/details/100195988864024600969?project=dbg-stx-infra-prod-3e to manage keys. Delete user-managed service account keys if they are not used by any application.
Vulnerability item,GCPSCC-6728913,4936111,4667200.0,usr4276d,Risk Covered,,Resolved,16/Apr/2026 5:38 AM,15/Feb/2026 12:00 AM,,,,,USER_MANAGED_SERVICE_ACCOUNT_KEY,,,,"Service accounts should not have user-managed keys because they can be easily leaked. Learn more at https://aff9c55d.internal/iam/docs/understanding-service-accounts#managing_service_account_keysProject Tags: saallowkeyscreate:EMP-79834,productlineid:0001996383,supportgroupid:0001997404,segregationarea:yellow,applicationid:aid019,costcenter:0001_b1-50318,environment:simulation",Go to https://9d0815de.internal/iam-admin/serviceaccounts/details/101100160879896910036?project=dbg-stx-infra-simu-cf to manage keys. Delete user-managed service account keys if they are not used by any application.
Vulnerability item,GCPSCC-7154189,6744817,3432135.0,usr4276d,Risk Covered,,Resolved,16/Apr/2026 5:38 AM,15/Feb/2026 12:00 AM,,,,,USER_MANAGED_SERVICE_ACCOUNT_KEY,,,,"Service accounts should not have user-managed keys because they can be easily leaked. Learn more at https://aff9c55d.internal/iam/docs/understanding-service-accounts#managing_service_account_keysProject Tags: saallowkeyscreate:EMP-79834,environment:production,productlineid:0001996383,supportgroupid:0001997404,applicationid:aid019,costcenter:0001_b1-50318,segregationarea:red",Go to https://9d0815de.internal/iam-admin/serviceaccounts/details/113086416691004210448?project=dbg-stx-infra-prod-3e to manage keys. Delete user-managed service account keys if they are not used by any application.
Vulnerability item,GCPSCC-1591044,974452,3872970.0,usr4276d,Risk Covered,,Resolved,16/Apr/2026 5:38 AM,15/Feb/2026 12:00 AM,,,,,USER_MANAGED_SERVICE_ACCOUNT_KEY,,,,Service accounts should not have user-managed keys because they can be easily leaked. Learn more at https://aff9c55d.internal/iam/docs/understanding-service-accounts#managing_service_account_keys,Go to https://9d0815de.internal/iam-admin/serviceaccounts/details/113701870669369982809?project=dbg-stx-infra-simu-cf to manage keys. Delete user-managed service account keys if they are not used by any application.
Vulnerability item,GCPSCC-1761902,4156885,4826442.0,usr4276d,Risk Covered,,Resolved,16/Apr/2026 5:38 AM,11/Oct/2025 12:00 AM,,,,,USER_MANAGED_SERVICE_ACCOUNT_KEY,,,,"Service accounts should not have user-managed keys because they can be easily leaked. Learn more at https://aff9c55d.internal/iam/docs/understanding-service-accounts#managing_service_account_keysProject Tags: saallowkeyscreate:EMP-79834,environment:production,productlineid:0001996383,supportgroupid:0001997404,applicationid:aid019,costcenter:0001_b1-50318,segregationarea:red",Go to https://9d0815de.internal/iam-admin/serviceaccounts/details/100490089564459825493?project=dbg-stx-infra-prod-3e to manage keys. Delete user-managed service account keys if they are not used by any application.
Vulnerability item,GCPSCC-930992,6724473,3145538.0,usr4276d,Risk Covered,,Resolved,16/Apr/2026 5:38 AM,04/Oct/2025 12:00 AM,,,,,USER_MANAGED_SERVICE_ACCOUNT_KEY,,,,Service accounts should not have user-managed keys because they can be easily leaked. Learn more at https://aff9c55d.internal/iam/docs/understanding-service-accounts#managing_service_account_keys,Go to https://9d0815de.internal/iam-admin/serviceaccounts/details/106284544549506875621?project=dbg-stx-infra-simu-cf to manage keys. Delete user-managed service account keys if they are not used by any application.
Vulnerability item,GCPSCC-7367152,6112164,436651.0,usr4276d,Risk Covered,,Resolved,16/Apr/2026 5:38 AM,04/Oct/2025 12:00 AM,,,,,USER_MANAGED_SERVICE_ACCOUNT_KEY,,,,Service accounts should not have user-managed keys because they can be easily leaked. Learn more at https://aff9c55d.internal/iam/docs/understanding-service-accounts#managing_service_account_keys,Go to https://9d0815de.internal/iam-admin/serviceaccounts/details/112165032657561088040?project=dbg-stx-infra-simu-cf to manage keys. Delete user-managed service account keys if they are not used by any application.
Vulnerability item,GCPSCC-8620399,8110464,2498269.0,usr4276d,Risk Covered,,Resolved,16/Apr/2026 5:38 AM,04/Oct/2025 12:00 AM,,,,,USER_MANAGED_SERVICE_ACCOUNT_KEY,,,,"Service accounts should not have user-managed keys because they can be easily leaked. Learn more at https://aff9c55d.internal/iam/docs/understanding-service-accounts#managing_service_account_keysProject Tags: saallowkeyscreate:EMP-79834,environment:production,productlineid:0001996383,supportgroupid:0001997404,applicationid:aid019,costcenter:0001_b1-50318,segregationarea:red",Go to https://9d0815de.internal/iam-admin/serviceaccounts/details/104348854227154556698?project=dbg-stx-infra-prod-3e to manage keys. Delete user-managed service account keys if they are not used by any application.
Vulnerability item,GCPSCC-6110438,7411809,7582474.0,usr4276d,Risk Covered,,Resolved,16/Apr/2026 5:38 AM,04/Oct/2025 12:00 AM,,,,,USER_MANAGED_SERVICE_ACCOUNT_KEY,,,,Service accounts should not have user-managed keys because they can be easily leaked. Learn more at https://aff9c55d.internal/iam/docs/understanding-service-accounts#managing_service_account_keys,Go to https://9d0815de.internal/iam-admin/serviceaccounts/details/112958070407536323099?project=dbg-stx-infra-simu-cf to manage keys. Delete user-managed service account keys if they are not used by any application.
Vulnerability item,GCPSCC-2306402,5583608,5473685.0,usr4276d,Risk Covered,,Resolved,16/Apr/2026 5:38 AM,27/Sep/2025 12:00 AM,,,,,USER_MANAGED_SERVICE_ACCOUNT_KEY,,,,"Service accounts should not have user-managed keys because they can be easily leaked. Learn more at https://aff9c55d.internal/iam/docs/understanding-service-accounts#managing_service_account_keysProject Tags: saallowkeyscreate:EMP-79834,environment:production,productlineid:0001996383,supportgroupid:0001997404,applicationid:aid019,costcenter:0001_b1-50318,segregationarea:red",Go to https://9d0815de.internal/iam-admin/serviceaccounts/details/117244982849352406547?project=dbg-stx-infra-prod-3e to manage keys. Delete user-managed service account keys if they are not used by any application.
Vulnerability item,GCPSCC-2445008,5653347,7897594.0,usr4276d,Risk Covered,,Resolved,16/Apr/2026 5:38 AM,27/Sep/2025 12:00 AM,,,,,USER_MANAGED_SERVICE_ACCOUNT_KEY,,,,"Service accounts should not have user-managed keys because they can be easily leaked. Learn more at https://aff9c55d.internal/iam/docs/understanding-service-accounts#managing_service_account_keysProject Tags: saallowkeyscreate:EMP-79834,environment:production,productlineid:0001996383,supportgroupid:0001997404,applicationid:aid019,costcenter:0001_b1-50318,segregationarea:red",Go to https://9d0815de.internal/iam-admin/serviceaccounts/details/116880286053391175275?project=dbg-stx-infra-prod-3e to manage keys. Delete user-managed service account keys if they are not used by any application.
Vulnerability item,GCPSCC-6151142,5983848,6533408.0,usr4276d,Risk Covered,,Resolved,16/Apr/2026 5:38 AM,27/Sep/2025 12:00 AM,,,,,USER_MANAGED_SERVICE_ACCOUNT_KEY,,,,"Service accounts should not have user-managed keys because they can be easily leaked. Learn more at https://aff9c55d.internal/iam/docs/understanding-service-accounts#managing_service_account_keysProject Tags: saallowkeyscreate:EMP-79834,environment:production,productlineid:0001996383,supportgroupid:0001997404,applicationid:aid019,costcenter:0001_b1-50318,segregationarea:red",Go to https://9d0815de.internal/iam-admin/serviceaccounts/details/115900189754189800335?project=dbg-stx-infra-prod-3e to manage keys. Delete user-managed service account keys if they are not used by any application.
Vulnerability item,GCPSCC-6045288,7479217,4898401.0,usr4276d,Risk Covered,,Resolved,16/Apr/2026 5:38 AM,27/Sep/2025 12:00 AM,,,,,USER_MANAGED_SERVICE_ACCOUNT_KEY,,,,"Service accounts should not have user-managed keys because they can be easily leaked. Learn more at https://aff9c55d.internal/iam/docs/understanding-service-accounts#managing_service_account_keysProject Tags: saallowkeyscreate:EMP-79834,environment:production,productlineid:0001996383,supportgroupid:0001997404,applicationid:aid019,costcenter:0001_b1-50318,segregationarea:red",Go to https://9d0815de.internal/iam-admin/serviceaccounts/details/100358913452332222916?project=dbg-stx-infra-prod-3e to manage keys. Delete user-managed service account keys if they are not used by any application.
Vulnerability item,GCPSCC-470999,1999300,3988004.0,usr4276d,Risk Covered,,Resolved,16/Apr/2026 5:38 AM,27/Sep/2025 12:00 AM,,,,,USER_MANAGED_SERVICE_ACCOUNT_KEY,,,,"Service accounts should not have user-managed keys because they can be easily leaked. Learn more at https://aff9c55d.internal/iam/docs/understanding-service-accounts#managing_service_account_keysProject Tags: saallowkeyscreate:EMP-79834,productlineid:0001996383,supportgroupid:0001997404,segregationarea:yellow,applicationid:aid019,costcenter:0001_b1-50318,environment:simulation",Go to https://9d0815de.internal/iam-admin/serviceaccounts/details/107969788916891154866?project=dbg-stx-infra-simu-cf to manage keys. Delete user-managed service account keys if they are not used by any application.
Vulnerability item,GCPSCC-7907213,121410,1554134.0,usr4276d,Risk Covered,,Resolved,16/Apr/2026 5:38 AM,27/Sep/2025 12:00 AM,,,,,USER_MANAGED_SERVICE_ACCOUNT_KEY,,,,"Service accounts should not have user-managed keys because they can be easily leaked. Learn more at https://aff9c55d.internal/iam/docs/understanding-service-accounts#managing_service_account_keysProject Tags: saallowkeyscreate:EMP-79834,productlineid:0001996383,supportgroupid:0001997404,segregationarea:yellow,applicationid:aid019,costcenter:0001_b1-50318,environment:simulation",Go to https://9d0815de.internal/iam-admin/serviceaccounts/details/109788921966248982910?project=dbg-stx-infra-simu-cf to manage keys. Delete user-managed service account keys if they are not used by any application.
Vulnerability item,GCPSCC-2267646,4635062,7081393.0,usr4276d,Risk Covered,,Resolved,16/Apr/2026 5:38 AM,27/Sep/2025 12:00 AM,,,,,USER_MANAGED_SERVICE_ACCOUNT_KEY,,,,"Service accounts should not have user-managed keys because they can be easily leaked. Learn more at https://aff9c55d.internal/iam/docs/understanding-service-accounts#managing_service_account_keysProject Tags: saallowkeyscreate:EMP-79834,productlineid:0001996383,supportgroupid:0001997404,segregationarea:yellow,applicationid:aid019,costcenter:0001_b1-50318,environment:simulation",Go to https://9d0815de.internal/iam-admin/serviceaccounts/details/102425583717043077819?project=dbg-stx-infra-simu-cf to manage keys. Delete user-managed service account keys if they are not used by any application.
Vulnerability item,GCPSCC-1292689,518993,6261231.0,usr4276d,Risk Covered,,Resolved,16/Apr/2026 5:38 AM,15/Feb/2026 12:00 AM,,,,,USER_MANAGED_SERVICE_ACCOUNT_KEY,,,,"Service accounts should not have user-managed keys because they can be easily leaked. Learn more at https://aff9c55d.internal/iam/docs/understanding-service-accounts#managing_service_account_keysProject Tags: saallowkeyscreate:EMP-79834,environment:production,productlineid:0001996383,supportgroupid:0001997404,applicationid:aid019,costcenter:0001_b1-50318,segregationarea:red",Go to https://9d0815de.internal/iam-admin/serviceaccounts/details/104638740477631739655?project=dbg-stx-infra-prod-3e to manage keys. Delete user-managed service account keys if they are not used by any application.
Vulnerability item,GCPSCC-4680119,810920,8182107.0,usr4276d,Risk Covered,,Resolved,16/Apr/2026 5:38 AM,15/Feb/2026 12:00 AM,,,,,USER_MANAGED_SERVICE_ACCOUNT_KEY,,,,"Service accounts should not have user-managed keys because they can be easily leaked. Learn more at https://aff9c55d.internal/iam/docs/understanding-service-accounts#managing_service_account_keysProject Tags: saallowkeyscreate:EMP-79834,environment:production,productlineid:0001996383,supportgroupid:0001997404,applicationid:aid019,costcenter:0001_b1-50318,segregationarea:red",Go to https://9d0815de.internal/iam-admin/serviceaccounts/details/107923341280031701521?project=dbg-stx-infra-prod-3e to manage keys. Delete user-managed service account keys if they are not used by any application.
Vulnerability item,GCPSCC-8490523,3830327,6163418.0,usr4276d,Risk Covered,,Resolved,16/Apr/2026 5:38 AM,15/Feb/2026 12:00 AM,,,,,USER_MANAGED_SERVICE_ACCOUNT_KEY,,,,"Service accounts should not have user-managed keys because they can be easily leaked. Learn more at https://aff9c55d.internal/iam/docs/understanding-service-accounts#managing_service_account_keysProject Tags: saallowkeyscreate:EMP-79834,productlineid:0001996383,supportgroupid:0001997404,segregationarea:yellow,applicationid:aid019,costcenter:0001_b1-50318,environment:simulation",Go to https://9d0815de.internal/iam-admin/serviceaccounts/details/115964616017733040632?project=dbg-stx-infra-simu-cf to manage keys. Delete user-managed service account keys if they are not used by any application.
Vulnerability item,GCPSCC-5379985,2143820,4287887.0,usr4276d,Risk Covered,,Resolved,16/Apr/2026 5:38 AM,15/Feb/2026 12:00 AM,,,,,USER_MANAGED_SERVICE_ACCOUNT_KEY,,,,"Service accounts should not have user-managed keys because they can be easily leaked. Learn more at https://aff9c55d.internal/iam/docs/understanding-service-accounts#managing_service_account_keysProject Tags: saallowkeyscreate:EMP-79834,productlineid:0001996383,supportgroupid:0001997404,segregationarea:yellow,applicationid:aid019,costcenter:0001_b1-50318,environment:simulation",Go to https://9d0815de.internal/iam-admin/serviceaccounts/details/112208398886872873445?project=dbg-stx-infra-simu-cf to manage keys. Delete user-managed service account keys if they are not used by any application.
Vulnerability item,GCPSCC-4328532,3572806,2386121.0,usr4276d,Risk Covered,,Resolved,16/Apr/2026 5:38 AM,15/Feb/2026 12:00 AM,,,,,USER_MANAGED_SERVICE_ACCOUNT_KEY,,,,"Service accounts should not have user-managed keys because they can be easily leaked. Learn more at https://aff9c55d.internal/iam/docs/understanding-service-accounts#managing_service_account_keysProject Tags: saallowkeyscreate:EMP-79834,environment:production,productlineid:0001996383,supportgroupid:0001997404,applicationid:aid019,costcenter:0001_b1-50318,segregationarea:red",Go to https://9d0815de.internal/iam-admin/serviceaccounts/details/116492756789084056662?project=dbg-stx-infra-prod-3e to manage keys. Delete user-managed service account keys if they are not used by any application.
Vulnerability item,GCPSCC-774955,2641810,3221132.0,usr4276d,Risk Covered,,Resolved,16/Apr/2026 5:38 AM,15/Feb/2026 12:00 AM,,,,,USER_MANAGED_SERVICE_ACCOUNT_KEY,,,,"Service accounts should not have user-managed keys because they can be easily leaked. Learn more at https://aff9c55d.internal/iam/docs/understanding-service-accounts#managing_service_account_keysProject Tags: saallowkeyscreate:EMP-79834,productlineid:0001996383,supportgroupid:0001997404,segregationarea:yellow,applicationid:aid019,costcenter:0001_b1-50318,environment:simulation",Go to https://9d0815de.internal/iam-admin/serviceaccounts/details/111529585669442027436?project=dbg-stx-infra-simu-cf to manage keys. Delete user-managed service account keys if they are not used by any application.
Vulnerability item,GCPSCC-7387001,8680008,2690680.0,usr4276d,Risk Covered,,Resolved,16/Apr/2026 5:38 AM,15/Feb/2026 12:00 AM,,,,,USER_MANAGED_SERVICE_ACCOUNT_KEY,,,,"Service accounts should not have user-managed keys because they can be easily leaked. Learn more at https://aff9c55d.internal/iam/docs/understanding-service-accounts#managing_service_account_keysProject Tags: saallowkeyscreate:EMP-79834,environment:production,productlineid:0001996383,supportgroupid:0001997404,applicationid:aid019,costcenter:0001_b1-50318,segregationarea:red",Go to https://9d0815de.internal/iam-admin/serviceaccounts/details/118149023478950602383?project=dbg-stx-infra-prod-3e to manage keys. Delete user-managed service account keys if they are not used by any application.
Vulnerability item,GCPSCC-7966460,3435881,7945830.0,usr4276d,Risk Covered,,Resolved,16/Apr/2026 5:38 AM,15/Feb/2026 12:00 AM,,,,,USER_MANAGED_SERVICE_ACCOUNT_KEY,,,,"Service accounts should not have user-managed keys because they can be easily leaked. Learn more at https://aff9c55d.internal/iam/docs/understanding-service-accounts#managing_service_account_keysProject Tags: saallowkeyscreate:EMP-79834,productlineid:0001996383,supportgroupid:0001997404,segregationarea:yellow,applicationid:aid019,costcenter:0001_b1-50318,environment:simulation",Go to https://9d0815de.internal/iam-admin/serviceaccounts/details/117256521015733657779?project=dbg-stx-infra-simu-cf to manage keys. Delete user-managed service account keys if they are not used by any application.
Vulnerability item,GCPSCC-7901870,3900677,7630788.0,usr4276d,Risk Covered,,Resolved,16/Apr/2026 5:38 AM,15/Feb/2026 12:00 AM,,,,,USER_MANAGED_SERVICE_ACCOUNT_KEY,,,,"Service accounts should not have user-managed keys because they can be easily leaked. Learn more at https://aff9c55d.internal/iam/docs/understanding-service-accounts#managing_service_account_keysProject Tags: saallowkeyscreate:EMP-79834,environment:production,productlineid:0001996383,supportgroupid:0001997404,applicationid:aid019,costcenter:0001_b1-50318,segregationarea:red",Go to https://9d0815de.internal/iam-admin/serviceaccounts/details/110403312269728836440?project=dbg-stx-infra-prod-3e to manage keys. Delete user-managed service account keys if they are not used by any application.
Vulnerability item,GCPSCC-6077619,6433459,3668152.0,usr4276d,Risk Covered,,Resolved,16/Apr/2026 5:38 AM,15/Feb/2026 12:00 AM,,,,,USER_MANAGED_SERVICE_ACCOUNT_KEY,,,,"Service accounts should not have user-managed keys because they can be easily leaked. Learn more at https://aff9c55d.internal/iam/docs/understanding-service-accounts#managing_service_account_keysProject Tags: saallowkeyscreate:EMP-79834,environment:production,productlineid:0001996383,supportgroupid:0001997404,applicationid:aid019,costcenter:0001_b1-50318,segregationarea:red",Go to https://9d0815de.internal/iam-admin/serviceaccounts/details/100069353165868501019?project=dbg-stx-infra-prod-3e to manage keys. Delete user-managed service account keys if they are not used by any application.
Vulnerability item,GCPSCC-701741,8376794,4552823.0,usr4276d,Risk Covered,,Resolved,16/Apr/2026 5:38 AM,15/Feb/2026 12:00 AM,,,,,USER_MANAGED_SERVICE_ACCOUNT_KEY,,,,"Service accounts should not have user-managed keys because they can be easily leaked. Learn more at https://aff9c55d.internal/iam/docs/understanding-service-accounts#managing_service_account_keysProject Tags: saallowkeyscreate:EMP-79834,environment:production,productlineid:0001996383,supportgroupid:0001997404,applicationid:aid019,costcenter:0001_b1-50318,segregationarea:red",Go to https://9d0815de.internal/iam-admin/serviceaccounts/details/108825702218610435096?project=dbg-stx-infra-prod-3e to manage keys. Delete user-managed service account keys if they are not used by any application.
Vulnerability item,GCPSCC-4972514,9013101,922034.0,usr4276d,Risk Covered,,Resolved,16/Apr/2026 5:38 AM,15/Feb/2026 12:00 AM,,,,,USER_MANAGED_SERVICE_ACCOUNT_KEY,,,,"Service accounts should not have user-managed keys because they can be easily leaked. Learn more at https://aff9c55d.internal/iam/docs/understanding-service-accounts#managing_service_account_keysProject Tags: saallowkeyscreate:EMP-79834,productlineid:0001996383,supportgroupid:0001997404,segregationarea:yellow,applicationid:aid019,costcenter:0001_b1-50318,environment:simulation",Go to https://9d0815de.internal/iam-admin/serviceaccounts/details/109239674410088910272?project=dbg-stx-infra-simu-cf to manage keys. Delete user-managed service account keys if they are not used by any application.
Vulnerability item,GCPSCC-7966181,2879069,7635474.0,usr4276d,Risk Covered,,Resolved,16/Apr/2026 5:38 AM,15/Feb/2026 12:00 AM,,,,,USER_MANAGED_SERVICE_ACCOUNT_KEY,,,,"Service accounts should not have user-managed keys because they can be easily leaked. Learn more at https://aff9c55d.internal/iam/docs/understanding-service-accounts#managing_service_account_keysProject Tags: saallowkeyscreate:EMP-79834,productlineid:0001996383,supportgroupid:0001997404,segregationarea:yellow,applicationid:aid019,costcenter:0001_b1-50318,environment:simulation",Go to https://9d0815de.internal/iam-admin/serviceaccounts/details/116450248156045299693?project=dbg-stx-infra-simu-cf to manage keys. Delete user-managed service account keys if they are not used by any application.
Vulnerability item,GCPSCC-6855116,5625609,8500308.0,usr4276d,Risk Covered,,Resolved,16/Apr/2026 5:38 AM,15/Feb/2026 12:00 AM,,,,,USER_MANAGED_SERVICE_ACCOUNT_KEY,,,,Service accounts should not have user-managed keys because they can be easily leaked. Learn more at https://aff9c55d.internal/iam/docs/understanding-service-accounts#managing_service_account_keys,Go to https://9d0815de.internal/iam-admin/serviceaccounts/details/100751613022403178560?project=dbg-stx-infra-simu-cf to manage keys. Delete user-managed service account keys if they are not used by any application.
Vulnerability item,GCPSCC-1291591,2059427,5638611.0,usr4276d,Risk Covered,,Resolved,16/Apr/2026 5:38 AM,15/Feb/2026 12:00 AM,,,,,USER_MANAGED_SERVICE_ACCOUNT_KEY,,,,"Service accounts should not have user-managed keys because they can be easily leaked. Learn more at https://aff9c55d.internal/iam/docs/understanding-service-accounts#managing_service_account_keysProject Tags: saallowkeyscreate:EMP-79834,productlineid:0001996383,supportgroupid:0001997404,segregationarea:yellow,applicationid:aid019,costcenter:0001_b1-50318,environment:simulation",Go to https://9d0815de.internal/iam-admin/serviceaccounts/details/117337615131981481321?project=dbg-stx-infra-simu-cf to manage keys. Delete user-managed service account keys if they are not used by any application.
Vulnerability item,GCPSCC-1685831,3381738,2428647.0,usr4276d,Risk Covered,,Resolved,16/Apr/2026 5:38 AM,15/Feb/2026 12:00 AM,,,,,USER_MANAGED_SERVICE_ACCOUNT_KEY,,,,"Service accounts should not have user-managed keys because they can be easily leaked. Learn more at https://aff9c55d.internal/iam/docs/understanding-service-accounts#managing_service_account_keysProject Tags: saallowkeyscreate:EMP-79834,productlineid:0001996383,supportgroupid:0001997404,segregationarea:yellow,applicationid:aid019,costcenter:0001_b1-50318,environment:simulation",Go to https://9d0815de.internal/iam-admin/serviceaccounts/details/101849775449296658066?project=dbg-stx-infra-simu-cf to manage keys. Delete user-managed service account keys if they are not used by any application.
Vulnerability item,GCPSCC-3010968,6753051,487636.0,usr4276d,Risk Covered,,Resolved,16/Apr/2026 5:38 AM,15/Feb/2026 12:00 AM,,,,,USER_MANAGED_SERVICE_ACCOUNT_KEY,,,,"Service accounts should not have user-managed keys because they can be easily leaked. Learn more at https://aff9c55d.internal/iam/docs/understanding-service-accounts#managing_service_account_keysProject Tags: saallowkeyscreate:EMP-79834,environment:production,productlineid:0001996383,supportgroupid:0001997404,applicationid:aid019,costcenter:0001_b1-50318,segregationarea:red",Go to https://9d0815de.internal/iam-admin/serviceaccounts/details/103207930199550199788?project=dbg-stx-infra-prod-3e to manage keys. Delete user-managed service account keys if they are not used by any application.
Vulnerability item,GCPSCC-479717,7832795,5650347.0,usr4276d,Risk Covered,,Resolved,16/Apr/2026 5:38 AM,15/Feb/2026 12:00 AM,,,,,USER_MANAGED_SERVICE_ACCOUNT_KEY,,,,"Service accounts should not have user-managed keys because they can be easily leaked. Learn more at https://aff9c55d.internal/iam/docs/understanding-service-accounts#managing_service_account_keysProject Tags: saallowkeyscreate:EMP-79834,productlineid:0001996383,supportgroupid:0001997404,segregationarea:yellow,applicationid:aid019,costcenter:0001_b1-50318,environment:simulation",Go to https://9d0815de.internal/iam-admin/serviceaccounts/details/115924107274689096962?project=dbg-stx-infra-simu-cf to manage keys. Delete user-managed service account keys if they are not used by any application.
Vulnerability item,GCPSCC-5075054,7523940,8326800.0,usr4276d,Risk Covered,,Resolved,16/Apr/2026 5:38 AM,15/Feb/2026 12:00 AM,,,,,USER_MANAGED_SERVICE_ACCOUNT_KEY,,,,"Service accounts should not have user-managed keys because they can be easily leaked. Learn more at https://aff9c55d.internal/iam/docs/understanding-service-accounts#managing_service_account_keysProject Tags: saallowkeyscreate:EMP-79834,productlineid:0001996383,supportgroupid:0001997404,segregationarea:yellow,applicationid:aid019,costcenter:0001_b1-50318,environment:simulation",Go to https://9d0815de.internal/iam-admin/serviceaccounts/details/101273555930876427712?project=dbg-stx-infra-simu-cf to manage keys. Delete user-managed service account keys if they are not used by any application.
Vulnerability item,GCPSCC-3478716,2686580,3592030.0,usr4276d,Risk Covered,,Resolved,16/Apr/2026 5:38 AM,15/Feb/2026 12:00 AM,,,,,USER_MANAGED_SERVICE_ACCOUNT_KEY,,,,Service accounts should not have user-managed keys because they can be easily leaked. Learn more at https://aff9c55d.internal/iam/docs/understanding-service-accounts#managing_service_account_keys,Go to https://9d0815de.internal/iam-admin/serviceaccounts/details/103342402155139828823?project=dbg-stx-infra-prod-3e to manage keys. Delete user-managed service account keys if they are not used by any application.
Vulnerability item,GCPSCC-5836131,6217211,7209896.0,usr4276d,Risk Covered,,Resolved,16/Apr/2026 5:38 AM,15/Feb/2026 12:00 AM,,,,,USER_MANAGED_SERVICE_ACCOUNT_KEY,,,,Service accounts should not have user-managed keys because they can be easily leaked. Learn more at https://aff9c55d.internal/iam/docs/understanding-service-accounts#managing_service_account_keys,Go to https://9d0815de.internal/iam-admin/serviceaccounts/details/108758696207811405351?project=dbg-stx-infra-prod-3e to manage keys. Delete user-managed service account keys if they are not used by any application.
Vulnerability item,GCPSCC-8061553,5751405,4346567.0,usr4276d,Risk Covered,,Resolved,16/Apr/2026 5:38 AM,15/Feb/2026 12:00 AM,,,,,USER_MANAGED_SERVICE_ACCOUNT_KEY,,,,"Service accounts should not have user-managed keys because they can be easily leaked. Learn more at https://aff9c55d.internal/iam/docs/understanding-service-accounts#managing_service_account_keysProject Tags: saallowkeyscreate:EMP-79834,productlineid:0001996383,supportgroupid:0001997404,segregationarea:yellow,applicationid:aid019,costcenter:0001_b1-50318,environment:simulation",Go to https://9d0815de.internal/iam-admin/serviceaccounts/details/110011481243245176587?project=dbg-stx-infra-simu-cf to manage keys. Delete user-managed service account keys if they are not used by any application.
Vulnerability item,GCPSCC-6232689,8387809,2763239.0,usr4276d,Risk Covered,,Resolved,16/Apr/2026 5:38 AM,15/Feb/2026 12:00 AM,,,,,USER_MANAGED_SERVICE_ACCOUNT_KEY,,,,"Service accounts should not have user-managed keys because they can be easily leaked. Learn more at https://aff9c55d.internal/iam/docs/understanding-service-accounts#managing_service_account_keysProject Tags: saallowkeyscreate:EMP-79834,productlineid:0001996383,supportgroupid:0001997404,segregationarea:yellow,applicationid:aid019,costcenter:0001_b1-50318,environment:simulation",Go to https://9d0815de.internal/iam-admin/serviceaccounts/details/115537952728189972015?project=dbg-stx-infra-simu-cf to manage keys. Delete user-managed service account keys if they are not used by any application.
Vulnerability item,GCPSCC-1585746,4321197,5534112.0,usr4276d,Risk Covered,,Resolved,16/Apr/2026 5:38 AM,15/Feb/2026 12:00 AM,,,,,USER_MANAGED_SERVICE_ACCOUNT_KEY,,,,"Service accounts should not have user-managed keys because they can be easily leaked. Learn more at https://aff9c55d.internal/iam/docs/understanding-service-accounts#managing_service_account_keysProject Tags: saallowkeyscreate:EMP-79834,environment:production,productlineid:0001996383,supportgroupid:0001997404,applicationid:aid019,costcenter:0001_b1-50318,segregationarea:red",Go to https://9d0815de.internal/iam-admin/serviceaccounts/details/110380580333228926018?project=dbg-stx-infra-prod-3e to manage keys. Delete user-managed service account keys if they are not used by any application.
Vulnerability item,GCPSCC-8718139,4059496,4251484.0,usr4276d,Risk Covered,,Resolved,16/Apr/2026 5:38 AM,15/Feb/2026 12:00 AM,,,,,USER_MANAGED_SERVICE_ACCOUNT_KEY,,,,"Service accounts should not have user-managed keys because they can be easily leaked. Learn more at https://aff9c55d.internal/iam/docs/understanding-service-accounts#managing_service_account_keysProject Tags: saallowkeyscreate:EMP-79834,environment:production,productlineid:0001996383,supportgroupid:0001997404,applicationid:aid019,costcenter:0001_b1-50318,segregationarea:red",Go to https://9d0815de.internal/iam-admin/serviceaccounts/details/108361072177878364812?project=dbg-stx-infra-prod-3e to manage keys. Delete user-managed service account keys if they are not used by any application.
Vulnerability item,GCPSCC-855771,325244,4766705.0,usr4276d,Risk Covered,,Resolved,16/Apr/2026 5:38 AM,15/Feb/2026 12:00 AM,,,,,USER_MANAGED_SERVICE_ACCOUNT_KEY,,,,Service accounts should not have user-managed keys because they can be easily leaked. Learn more at https://aff9c55d.internal/iam/docs/understanding-service-accounts#managing_service_account_keys,Go to https://9d0815de.internal/iam-admin/serviceaccounts/details/100576689376579560453?project=dbg-stx-infra-simu-cf to manage keys. Delete user-managed service account keys if they are not used by any application.
Vulnerability item,GCPSCC-5942368,1454789,1117951.0,usr4276d,Risk Covered,,Resolved,16/Apr/2026 5:38 AM,15/Feb/2026 12:00 AM,,,,,USER_MANAGED_SERVICE_ACCOUNT_KEY,,,,"Service accounts should not have user-managed keys because they can be easily leaked. Learn more at https://aff9c55d.internal/iam/docs/understanding-service-accounts#managing_service_account_keysProject Tags: saallowkeyscreate:EMP-79834,productlineid:0001996383,supportgroupid:0001997404,segregationarea:yellow,applicationid:aid019,costcenter:0001_b1-50318,environment:simulation",Go to https://9d0815de.internal/iam-admin/serviceaccounts/details/114306511365856472510?project=dbg-stx-infra-simu-cf to manage keys. Delete user-managed service account keys if they are not used by any application.
Vulnerability item,GCPSCC-1019472,8290710,4223638.0,usr4276d,Risk Covered,,Resolved,16/Apr/2026 5:38 AM,02/Dec/2025 12:00 AM,,,,,USER_MANAGED_SERVICE_ACCOUNT_KEY,,,,Service accounts should not have user-managed keys because they can be easily leaked. Learn more at https://aff9c55d.internal/iam/docs/understanding-service-accounts#managing_service_account_keys,Go to https://9d0815de.internal/iam-admin/serviceaccounts/details/117557612575383267599?project=dbg-stx-infra-prod-3e to manage keys. Delete user-managed service account keys if they are not used by any application.
Vulnerability item,NXP-5845056,6537628,4224589.0,,Open,,,21/Apr/2026 10:55 AM,23/Jun/2026 12:00 AM,68323762.internal,Azul Zulu: CVE-2009-59816: WebKit Active Code Execution Vulnerability,41013e7c.internal,0,azul-zulu-CVE-2009-70199,"Vulnerable OS: Microsoft Windows Server 2016 Standard Edition 1607


Vulnerable software installed: Azul Systems JRE 11.72.20 (D:\Programs\Zulu\zulu-11-jre\\bin\0b8e4e54.internal)",,,,
Vulnerability item,NXP-4233778,8988760,6999749.0,usr71f22,Risk Covered,,Resolved,28/Apr/2026 2:09 PM,03/Mar/2026 12:00 AM,2ce9e8a9.internal,Multiple SNMP v1 Request Handling Vulnerabilities,4fed5ab5.internal,161,snmp-generic-0001,* Running SNMP service,,,,
Vulnerability item,NXP-2496327,3244911,5143763.0,usr71f22,Risk Covered,,Resolved,28/Apr/2026 2:09 PM,03/Mar/2026 12:00 AM,6c6cd1cd.internal,Multiple SNMP v1 Request Handling Vulnerabilities,e635c18a.internal,161,snmp-generic-0001,* Running SNMP service,,,,
Vulnerability item,NXP-7232801,5815142,7342165.0,usr71f22,Risk Covered,,Resolved,28/Apr/2026 2:09 PM,03/Mar/2026 12:00 AM,d2a5600d.internal,Multiple SNMP v1 Request Handling Vulnerabilities,0736fe8d.internal,161,snmp-generic-0001,* Running SNMP service,,,,
Vulnerability item,NXP-4913101,5463229,5222625.0,usr71f22,Risk Covered,,Resolved,28/Apr/2026 2:09 PM,03/Mar/2026 12:00 AM,b8169b06.internal,Multiple SNMP v1 Request Handling Vulnerabilities,54d14072.internal,161,snmp-generic-0001,* Running SNMP service,,,,
Vulnerability item,NXP-6892959,4256055,5564803.0,usr71f22,Risk Covered,,Resolved,28/Apr/2026 2:09 PM,03/Mar/2026 12:00 AM,36b492fe.internal,Multiple SNMP v1 Request Handling Vulnerabilities,45010bbd.internal,161,snmp-generic-0001,* Running SNMP service,,,,
Vulnerability item,NXP-1871018,4160610,1780707.0,usr71f22,Risk Covered,,Resolved,28/Apr/2026 2:09 PM,03/Mar/2026 12:00 AM,b3377c10.internal,Multiple SNMP v1 Request Handling Vulnerabilities,f2f8f1e1.internal,161,snmp-generic-0001,* Running SNMP service,,,,
Vulnerability item,NXP-5188537,4121580,8989240.0,usr71f22,Risk Covered,,Resolved,28/Apr/2026 2:09 PM,03/Mar/2026 12:00 AM,05429a06.internal,Multiple SNMP v1 Request Handling Vulnerabilities,b2c37c90.internal,161,snmp-generic-0001,* Running SNMP service,,,,
Vulnerability item,NXP-8283447,325138,6526600.0,usr71f22,Risk Covered,,Resolved,28/Apr/2026 2:09 PM,03/Mar/2026 12:00 AM,c92f858a.internal,Multiple SNMP v1 Request Handling Vulnerabilities,2087fb09.internal,161,snmp-generic-0001,* Running SNMP service,,,,
Vulnerability item,NXP-2172093,8969437,2126049.0,usr71f22,Risk Covered,,Resolved,28/Apr/2026 2:09 PM,03/Mar/2026 12:00 AM,8be35aea.internal,Multiple SNMP v1 Request Handling Vulnerabilities,7cc21e11.internal,161,snmp-generic-0001,* Running SNMP service,,,,
Vulnerability item,NXP-3694937,7997376,597288.0,usr71f22,Risk Covered,,Resolved,28/Apr/2026 2:09 PM,03/Mar/2026 12:00 AM,d5761a7b.internal,Multiple SNMP v1 Request Handling Vulnerabilities,34e9df1e.internal,161,snmp-generic-0001,* Running SNMP service,,,,
Vulnerability item,NXP-2043083,7677501,1995479.0,usr71f22,Risk Covered,,Resolved,28/Apr/2026 2:09 PM,03/Mar/2026 12:00 AM,da390ead.internal,Multiple SNMP v1 Request Handling Vulnerabilities,9decd9c4.internal,161,snmp-generic-0001,* Running SNMP service,,,,
Vulnerability item,NXP-3712725,1298810,7853549.0,usr71f22,Risk Covered,,Resolved,28/Apr/2026 2:09 PM,03/Mar/2026 12:00 AM,7822817c.internal,Multiple SNMP v1 Request Handling Vulnerabilities,b5feb8a5.internal,161,snmp-generic-0001,* Running SNMP service,,,,
Vulnerability item,NXP-1247818,445648,618854.0,usr71f22,Risk Covered,,Resolved,28/Apr/2026 2:09 PM,03/Mar/2026 12:00 AM,ef16ac1a.internal,Multiple SNMP v1 Request Handling Vulnerabilities,0df1357c.internal,161,snmp-generic-0001,* Running SNMP service,,,,
Vulnerability item,NXP-4814129,5864352,7062761.0,usr71f22,Risk Covered,,Resolved,28/Apr/2026 2:09 PM,03/Mar/2026 12:00 AM,4784cba4.internal,Multiple SNMP v1 Request Handling Vulnerabilities,f2be5584.internal,161,snmp-generic-0001,* Running SNMP service,,,,
Vulnerability item,NXP-6344796,959728,8858213.0,usr71f22,Risk Covered,,Resolved,28/Apr/2026 2:09 PM,03/Mar/2026 12:00 AM,9375bcd0.internal,Multiple SNMP v1 Request Handling Vulnerabilities,7d5632bf.internal,161,snmp-generic-0001,* Running SNMP service,,,,
Vulnerability item,NXP-2319309,2301017,416328.0,usr71f22,Risk Covered,,Resolved,28/Apr/2026 2:09 PM,03/Mar/2026 12:00 AM,c872244c.internal,Multiple SNMP v1 Request Handling Vulnerabilities,7ae23a04.internal,161,snmp-generic-0001,* Running SNMP service,,,,
Vulnerability item,R7C-205675,7938711,5334712.0,usr00857,Risk Covered,,Resolved,29/Apr/2026 10:45 AM,18/Jul/2025 12:00 AM,300f0cc6.internal,,,,1.6.2. Ensure system wide crypto policy disables sha1 hash and signature support,,"This is a complex check. Operator = AND
1. 3122492d.internal.redhat_enterprise_linux_8-def-4524067: PASS
* Based on the following 1 results:
* 1. 1. The specified Text File Content entry must not match the given criteria.
** 
| {noformat} The specified Text File Content entry was not found based on the given criteria: {noformat} |
| {noformat} filepath: /etc/crypto-policies/state/66cb4139.internal {noformat} |
| {noformat} pattern: ^\h*(hash|sign)\h*=\h*([^\n\r#]+)?-sha1\b {noformat} |
| {noformat} instance: 1 {noformat} |

2. 3122492d.internal.redhat_enterprise_linux_8-def-4524071: FAIL
* Based on the following 1 results:
* 1. 1. At least one specified Text File Content entry must match the given criteria.
** 
| {noformat} The specified Text File Content entry was not found based on the given criteria: {noformat} |
| {noformat} filepath: /etc/crypto-policies/state/66cb4139.internal {noformat} |
| {noformat} pattern: ^\h*sha1_in_certs\h*=\h*0\b {noformat} |
| {noformat} instance: 1 {noformat} |
",,,
Vulnerability item,R7C-206760,7732688,9048618.0,usr00857,Risk Covered,,Resolved,29/Apr/2026 10:46 AM,18/Jul/2025 12:00 AM,e93aa933.internal,,,,1.6.2. Ensure system wide crypto policy disables sha1 hash and signature support,,"This is a complex check. Operator = AND
1. 3122492d.internal.redhat_enterprise_linux_8-def-4524067: PASS
* Based on the following 1 results:
* 1. 1. The specified Text File Content entry must not match the given criteria.
** 
| {noformat} The specified Text File Content entry was not found based on the given criteria: {noformat} |
| {noformat} filepath: /etc/crypto-policies/state/66cb4139.internal {noformat} |
| {noformat} pattern: ^\h*(hash|sign)\h*=\h*([^\n\r#]+)?-sha1\b {noformat} |
| {noformat} instance: 1 {noformat} |

2. 3122492d.internal.redhat_enterprise_linux_8-def-4524071: FAIL
* Based on the following 1 results:
* 1. 1. At least one specified Text File Content entry must match the given criteria.
** 
| {noformat} The specified Text File Content entry was not found based on the given criteria: {noformat} |
| {noformat} filepath: /etc/crypto-policies/state/66cb4139.internal {noformat} |
| {noformat} pattern: ^\h*sha1_in_certs\h*=\h*0\b {noformat} |
| {noformat} instance: 1 {noformat} |
",,,
Vulnerability item,R7C-207162,6063631,753962.0,usr00857,Risk Covered,,Resolved,29/Apr/2026 10:46 AM,18/Jul/2025 12:00 AM,1d219c7b.internal,,,,1.6.2. Ensure system wide crypto policy disables sha1 hash and signature support,,"This is a complex check. Operator = AND
1. 3122492d.internal.redhat_enterprise_linux_8-def-4524067: PASS
* Based on the following 1 results:
* 1. 1. The specified Text File Content entry must not match the given criteria.
** 
| {noformat} The specified Text File Content entry was not found based on the given criteria: {noformat} |
| {noformat} filepath: /etc/crypto-policies/state/66cb4139.internal {noformat} |
| {noformat} pattern: ^\h*(hash|sign)\h*=\h*([^\n\r#]+)?-sha1\b {noformat} |
| {noformat} instance: 1 {noformat} |

2. 3122492d.internal.redhat_enterprise_linux_8-def-4524071: FAIL
* Based on the following 1 results:
* 1. 1. At least one specified Text File Content entry must match the given criteria.
** 
| {noformat} The specified Text File Content entry was not found based on the given criteria: {noformat} |
| {noformat} filepath: /etc/crypto-policies/state/66cb4139.internal {noformat} |
| {noformat} pattern: ^\h*sha1_in_certs\h*=\h*0\b {noformat} |
| {noformat} instance: 1 {noformat} |
",,,
Vulnerability item,R7C-188204,1491250,3566897.0,usr00857,Risk Covered,,Resolved,29/Apr/2026 10:40 AM,18/Jul/2025 12:00 AM,6cff6c01.internal,,,,1.6.2. Ensure system wide crypto policy disables sha1 hash and signature support,,"This is a complex check. Operator = AND
1. 3122492d.internal.redhat_enterprise_linux_8-def-4524067: PASS
* Based on the following 1 results:
* 1. 1. The specified Text File Content entry must not match the given criteria.
** 
| {noformat} The specified Text File Content entry was not found based on the given criteria: {noformat} |
| {noformat} filepath: /etc/crypto-policies/state/66cb4139.internal {noformat} |
| {noformat} pattern: ^\h*(hash|sign)\h*=\h*([^\n\r#]+)?-sha1\b {noformat} |
| {noformat} instance: 1 {noformat} |

2. 3122492d.internal.redhat_enterprise_linux_8-def-4524071: FAIL
* Based on the following 1 results:
* 1. 1. At least one specified Text File Content entry must match the given criteria.
** 
| {noformat} The specified Text File Content entry was not found based on the given criteria: {noformat} |
| {noformat} filepath: /etc/crypto-policies/state/66cb4139.internal {noformat} |
| {noformat} pattern: ^\h*sha1_in_certs\h*=\h*0\b {noformat} |
| {noformat} instance: 1 {noformat} |
",,,
Vulnerability item,R7C-184773,4992400,5379206.0,usr00857,Risk Covered,,Resolved,29/Apr/2026 10:39 AM,18/Jul/2025 12:00 AM,6a5e2c61.internal,,,,1.6.2. Ensure system wide crypto policy disables sha1 hash and signature support,,"This is a complex check. Operator = AND
1. 3122492d.internal.redhat_enterprise_linux_8-def-4524067: PASS
* Based on the following 1 results:
* 1. 1. The specified Text File Content entry must not match the given criteria.
** 
| {noformat} The specified Text File Content entry was not found based on the given criteria: {noformat} |
| {noformat} filepath: /etc/crypto-policies/state/66cb4139.internal {noformat} |
| {noformat} pattern: ^\h*(hash|sign)\h*=\h*([^\n\r#]+)?-sha1\b {noformat} |
| {noformat} instance: 1 {noformat} |

2. 3122492d.internal.redhat_enterprise_linux_8-def-4524071: FAIL
* Based on the following 1 results:
* 1. 1. At least one specified Text File Content entry must match the given criteria.
** 
| {noformat} The specified Text File Content entry was not found based on the given criteria: {noformat} |
| {noformat} filepath: /etc/crypto-policies/state/66cb4139.internal {noformat} |
| {noformat} pattern: ^\h*sha1_in_certs\h*=\h*0\b {noformat} |
| {noformat} instance: 1 {noformat} |
",,,
Vulnerability item,R7C-184808,5015405,7610478.0,usr00857,Risk Covered,,Resolved,29/Apr/2026 10:39 AM,18/Jul/2025 12:00 AM,ab117bcf.internal,,,,1.6.2. Ensure system wide crypto policy disables sha1 hash and signature support,,"This is a complex check. Operator = AND
1. 3122492d.internal.redhat_enterprise_linux_8-def-4524067: PASS
* Based on the following 1 results:
* 1. 1. The specified Text File Content entry must not match the given criteria.
** 
| {noformat} The specified Text File Content entry was not found based on the given criteria: {noformat} |
| {noformat} filepath: /etc/crypto-policies/state/66cb4139.internal {noformat} |
| {noformat} pattern: ^\h*(hash|sign)\h*=\h*([^\n\r#]+)?-sha1\b {noformat} |
| {noformat} instance: 1 {noformat} |

2. 3122492d.internal.redhat_enterprise_linux_8-def-4524071: FAIL
* Based on the following 1 results:
* 1. 1. At least one specified Text File Content entry must match the given criteria.
** 
| {noformat} The specified Text File Content entry was not found based on the given criteria: {noformat} |
| {noformat} filepath: /etc/crypto-policies/state/66cb4139.internal {noformat} |
| {noformat} pattern: ^\h*sha1_in_certs\h*=\h*0\b {noformat} |
| {noformat} instance: 1 {noformat} |
",,,
Vulnerability item,R7C-184880,3381340,3572101.0,usr8c027,Risk Covered,,Resolved,29/Apr/2026 10:39 AM,18/Jul/2025 12:00 AM,ff931006.internal,,,,1.6.2. Ensure system wide crypto policy disables sha1 hash and signature support,,"This is a complex check. Operator = AND
1. 3122492d.internal.redhat_enterprise_linux_8-def-4524067: PASS
* Based on the following 1 results:
* 1. 1. The specified Text File Content entry must not match the given criteria.
** 
| {noformat} The specified Text File Content entry was not found based on the given criteria: {noformat} |
| {noformat} filepath: /etc/crypto-policies/state/66cb4139.internal {noformat} |
| {noformat} pattern: ^\h*(hash|sign)\h*=\h*([^\n\r#]+)?-sha1\b {noformat} |
| {noformat} instance: 1 {noformat} |

2. 3122492d.internal.redhat_enterprise_linux_8-def-4524071: FAIL
* Based on the following 1 results:
* 1. 1. At least one specified Text File Content entry must match the given criteria.
** 
| {noformat} The specified Text File Content entry was not found based on the given criteria: {noformat} |
| {noformat} filepath: /etc/crypto-policies/state/66cb4139.internal {noformat} |
| {noformat} pattern: ^\h*sha1_in_certs\h*=\h*0\b {noformat} |
| {noformat} instance: 1 {noformat} |
",,,
Vulnerability item,R7C-184917,8560605,2140436.0,usr8c027,Risk Covered,,Resolved,29/Apr/2026 10:39 AM,18/Jul/2025 12:00 AM,7a2bda80.internal,,,,1.6.2. Ensure system wide crypto policy disables sha1 hash and signature support,,"This is a complex check. Operator = AND
1. 3122492d.internal.redhat_enterprise_linux_8-def-4524067: PASS
* Based on the following 1 results:
* 1. 1. The specified Text File Content entry must not match the given criteria.
** 
| {noformat} The specified Text File Content entry was not found based on the given criteria: {noformat} |
| {noformat} filepath: /etc/crypto-policies/state/66cb4139.internal {noformat} |
| {noformat} pattern: ^\h*(hash|sign)\h*=\h*([^\n\r#]+)?-sha1\b {noformat} |
| {noformat} instance: 1 {noformat} |

2. 3122492d.internal.redhat_enterprise_linux_8-def-4524071: FAIL
* Based on the following 1 results:
* 1. 1. At least one specified Text File Content entry must match the given criteria.
** 
| {noformat} The specified Text File Content entry was not found based on the given criteria: {noformat} |
| {noformat} filepath: /etc/crypto-policies/state/66cb4139.internal {noformat} |
| {noformat} pattern: ^\h*sha1_in_certs\h*=\h*0\b {noformat} |
| {noformat} instance: 1 {noformat} |
",,,
Vulnerability item,R7C-185125,7784605,3791162.0,usr8c027,Risk Covered,,Resolved,29/Apr/2026 10:39 AM,18/Jul/2025 12:00 AM,0b78332d.internal,,,,1.6.2. Ensure system wide crypto policy disables sha1 hash and signature support,,"This is a complex check. Operator = AND
1. 3122492d.internal.redhat_enterprise_linux_8-def-4524067: PASS
* Based on the following 1 results:
* 1. 1. The specified Text File Content entry must not match the given criteria.
** 
| {noformat} The specified Text File Content entry was not found based on the given criteria: {noformat} |
| {noformat} filepath: /etc/crypto-policies/state/66cb4139.internal {noformat} |
| {noformat} pattern: ^\h*(hash|sign)\h*=\h*([^\n\r#]+)?-sha1\b {noformat} |
| {noformat} instance: 1 {noformat} |

2. 3122492d.internal.redhat_enterprise_linux_8-def-4524071: FAIL
* Based on the following 1 results:
* 1. 1. At least one specified Text File Content entry must match the given criteria.
** 
| {noformat} The specified Text File Content entry was not found based on the given criteria: {noformat} |
| {noformat} filepath: /etc/crypto-policies/state/66cb4139.internal {noformat} |
| {noformat} pattern: ^\h*sha1_in_certs\h*=\h*0\b {noformat} |
| {noformat} instance: 1 {noformat} |
",,,
Vulnerability item,R7C-185161,2676903,5929448.0,usr00857,Risk Covered,,Resolved,29/Apr/2026 10:39 AM,18/Jul/2025 12:00 AM,52002108.internal,,,,1.6.2. Ensure system wide crypto policy disables sha1 hash and signature support,,"This is a complex check. Operator = AND
1. 3122492d.internal.redhat_enterprise_linux_8-def-4524067: PASS
* Based on the following 1 results:
* 1. 1. The specified Text File Content entry must not match the given criteria.
** 
| {noformat} The specified Text File Content entry was not found based on the given criteria: {noformat} |
| {noformat} filepath: /etc/crypto-policies/state/66cb4139.internal {noformat} |
| {noformat} pattern: ^\h*(hash|sign)\h*=\h*([^\n\r#]+)?-sha1\b {noformat} |
| {noformat} instance: 1 {noformat} |

2. 3122492d.internal.redhat_enterprise_linux_8-def-4524071: FAIL
* Based on the following 1 results:
* 1. 1. At least one specified Text File Content entry must match the given criteria.
** 
| {noformat} The specified Text File Content entry was not found based on the given criteria: {noformat} |
| {noformat} filepath: /etc/crypto-policies/state/66cb4139.internal {noformat} |
| {noformat} pattern: ^\h*sha1_in_certs\h*=\h*0\b {noformat} |
| {noformat} instance: 1 {noformat} |
",,,
Vulnerability item,R7C-185190,7905933,8380809.0,usr8c027,Risk Covered,,Resolved,29/Apr/2026 10:39 AM,18/Jul/2025 12:00 AM,eaeb466d.internal,,,,1.6.2. Ensure system wide crypto policy disables sha1 hash and signature support,,"This is a complex check. Operator = AND
1. 3122492d.internal.redhat_enterprise_linux_8-def-4524067: PASS
* Based on the following 1 results:
* 1. 1. The specified Text File Content entry must not match the given criteria.
** 
| {noformat} The specified Text File Content entry was not found based on the given criteria: {noformat} |
| {noformat} filepath: /etc/crypto-policies/state/66cb4139.internal {noformat} |
| {noformat} pattern: ^\h*(hash|sign)\h*=\h*([^\n\r#]+)?-sha1\b {noformat} |
| {noformat} instance: 1 {noformat} |

2. 3122492d.internal.redhat_enterprise_linux_8-def-4524071: FAIL
* Based on the following 1 results:
* 1. 1. At least one specified Text File Content entry must match the given criteria.
** 
| {noformat} The specified Text File Content entry was not found based on the given criteria: {noformat} |
| {noformat} filepath: /etc/crypto-policies/state/66cb4139.internal {noformat} |
| {noformat} pattern: ^\h*sha1_in_certs\h*=\h*0\b {noformat} |
| {noformat} instance: 1 {noformat} |
",,,
Vulnerability item,R7C-185267,4514924,4073527.0,usr00857,Risk Covered,,Resolved,29/Apr/2026 10:39 AM,18/Jul/2025 12:00 AM,869b3d4a.internal,,,,1.6.2. Ensure system wide crypto policy disables sha1 hash and signature support,,"This is a complex check. Operator = AND
1. 3122492d.internal.redhat_enterprise_linux_8-def-4524067: PASS
* Based on the following 1 results:
* 1. 1. The specified Text File Content entry must not match the given criteria.
** 
| {noformat} The specified Text File Content entry was not found based on the given criteria: {noformat} |
| {noformat} filepath: /etc/crypto-policies/state/66cb4139.internal {noformat} |
| {noformat} pattern: ^\h*(hash|sign)\h*=\h*([^\n\r#]+)?-sha1\b {noformat} |
| {noformat} instance: 1 {noformat} |

2. 3122492d.internal.redhat_enterprise_linux_8-def-4524071: FAIL
* Based on the following 1 results:
* 1. 1. At least one specified Text File Content entry must match the given criteria.
** 
| {noformat} The specified Text File Content entry was not found based on the given criteria: {noformat} |
| {noformat} filepath: /etc/crypto-policies/state/66cb4139.internal {noformat} |
| {noformat} pattern: ^\h*sha1_in_certs\h*=\h*0\b {noformat} |
| {noformat} instance: 1 {noformat} |
",,,
Vulnerability item,R7C-197016,9097556,1593536.0,usr00857,Risk Covered,,Resolved,29/Apr/2026 10:04 AM,18/Jul/2025 12:00 AM,5ec5727e.internal,,,,1.6.2. Ensure system wide crypto policy disables sha1 hash and signature support,,"This is a complex check. Operator = AND
1. 3122492d.internal.redhat_enterprise_linux_8-def-4524067: PASS
* Based on the following 1 results:
* 1. 1. The specified Text File Content entry must not match the given criteria.
** 
| {noformat} The specified Text File Content entry was not found based on the given criteria: {noformat} |
| {noformat} filepath: /etc/crypto-policies/state/66cb4139.internal {noformat} |
| {noformat} pattern: ^\h*(hash|sign)\h*=\h*([^\n\r#]+)?-sha1\b {noformat} |
| {noformat} instance: 1 {noformat} |

2. 3122492d.internal.redhat_enterprise_linux_8-def-4524071: FAIL
* Based on the following 1 results:
* 1. 1. At least one specified Text File Content entry must match the given criteria.
** 
| {noformat} The specified Text File Content entry was not found based on the given criteria: {noformat} |
| {noformat} filepath: /etc/crypto-policies/state/66cb4139.internal {noformat} |
| {noformat} pattern: ^\h*sha1_in_certs\h*=\h*0\b {noformat} |
| {noformat} instance: 1 {noformat} |
",,,
Vulnerability item,R7C-197250,1632570,7110337.0,usr8c027,Risk Covered,,Resolved,29/Apr/2026 10:04 AM,18/Jul/2025 12:00 AM,45e6eddd.internal,,,,1.6.2. Ensure system wide crypto policy disables sha1 hash and signature support,,"This is a complex check. Operator = AND
1. 3122492d.internal.redhat_enterprise_linux_8-def-4524067: PASS
* Based on the following 1 results:
* 1. 1. The specified Text File Content entry must not match the given criteria.
** 
| {noformat} The specified Text File Content entry was not found based on the given criteria: {noformat} |
| {noformat} filepath: /etc/crypto-policies/state/66cb4139.internal {noformat} |
| {noformat} pattern: ^\h*(hash|sign)\h*=\h*([^\n\r#]+)?-sha1\b {noformat} |
| {noformat} instance: 1 {noformat} |

2. 3122492d.internal.redhat_enterprise_linux_8-def-4524071: FAIL
* Based on the following 1 results:
* 1. 1. At least one specified Text File Content entry must match the given criteria.
** 
| {noformat} The specified Text File Content entry was not found based on the given criteria: {noformat} |
| {noformat} filepath: /etc/crypto-policies/state/66cb4139.internal {noformat} |
| {noformat} pattern: ^\h*sha1_in_certs\h*=\h*0\b {noformat} |
| {noformat} instance: 1 {noformat} |
",,,
Vulnerability item,R7C-262686,5159724,4138260.0,usr00857,Risk Covered,,Resolved,29/Apr/2026 9:54 AM,03/May/2026 12:00 AM,8d1f6773.internal,,,,9.3.4. (L1) Ensure 'Windows Firewall: Public: Settings: Apply local firewall rules' is set to 'No',,"This is a complex check. Operator = AND
1. 3122492d.internal.microsoft_windows_server_2016-def-125201: FAIL
* Based on the following 1 results:
* 1. 1. At least one specified Windows registry information entry must match the given criteria. At least one evaluation must pass.
** 
| {noformat} Entry 1 findings: {noformat}|{noformat} FAIL {noformat} |
| {noformat} hive: HKEY_LOCAL_MACHINE {noformat} |
| {noformat} key: Software\Policies\Microsoft\WindowsFirewall\PublicProfile {noformat} |
| {noformat} name: AllowLocalPolicyMerge {noformat} |
| {noformat} type: reg_dword {noformat} |
| {noformat} value: 1 {noformat} |
",,,
Vulnerability item,R7C-262687,2159938,5273224.0,usr00857,Risk Covered,,Resolved,29/Apr/2026 9:54 AM,03/May/2026 12:00 AM,c3e58845.internal,,,,9.3.4. (L1) Ensure 'Windows Firewall: Public: Settings: Apply local firewall rules' is set to 'No',,"This is a complex check. Operator = AND
1. 3122492d.internal.microsoft_windows_server_2016-def-125201: FAIL
* Based on the following 1 results:
* 1. 1. At least one specified Windows registry information entry must match the given criteria. At least one evaluation must pass.
** 
| {noformat} Entry 1 findings: {noformat}|{noformat} FAIL {noformat} |
| {noformat} hive: HKEY_LOCAL_MACHINE {noformat} |
| {noformat} key: Software\Policies\Microsoft\WindowsFirewall\PublicProfile {noformat} |
| {noformat} name: AllowLocalPolicyMerge {noformat} |
| {noformat} type: reg_dword {noformat} |
| {noformat} value: 1 {noformat} |
",,,
Vulnerability item,R7C-194813,5482942,8050977.0,usr8c027,Risk Covered,,Resolved,29/Apr/2026 10:03 AM,18/Jul/2025 12:00 AM,de387916.internal,,,,1.6.2. Ensure system wide crypto policy disables sha1 hash and signature support,,"This is a complex check. Operator = AND
1. 3122492d.internal.redhat_enterprise_linux_8-def-4524067: PASS
* Based on the following 1 results:
* 1. 1. The specified Text File Content entry must not match the given criteria.
** 
| {noformat} The specified Text File Content entry was not found based on the given criteria: {noformat} |
| {noformat} filepath: /etc/crypto-policies/state/66cb4139.internal {noformat} |
| {noformat} pattern: ^\h*(hash|sign)\h*=\h*([^\n\r#]+)?-sha1\b {noformat} |
| {noformat} instance: 1 {noformat} |

2. 3122492d.internal.redhat_enterprise_linux_8-def-4524071: FAIL
* Based on the following 1 results:
* 1. 1. At least one specified Text File Content entry must match the given criteria.
** 
| {noformat} The specified Text File Content entry was not found based on the given criteria: {noformat} |
| {noformat} filepath: /etc/crypto-policies/state/66cb4139.internal {noformat} |
| {noformat} pattern: ^\h*sha1_in_certs\h*=\h*0\b {noformat} |
| {noformat} instance: 1 {noformat} |
",,,
Vulnerability item,R7C-194006,6738871,3525993.0,usr8c027,Risk Covered,,Resolved,29/Apr/2026 10:03 AM,18/Jul/2025 12:00 AM,48d0827e.internal,,,,1.6.2. Ensure system wide crypto policy disables sha1 hash and signature support,,"This is a complex check. Operator = AND
1. 3122492d.internal.redhat_enterprise_linux_8-def-4524067: PASS
* Based on the following 1 results:
* 1. 1. The specified Text File Content entry must not match the given criteria.
** 
| {noformat} The specified Text File Content entry was not found based on the given criteria: {noformat} |
| {noformat} filepath: /etc/crypto-policies/state/66cb4139.internal {noformat} |
| {noformat} pattern: ^\h*(hash|sign)\h*=\h*([^\n\r#]+)?-sha1\b {noformat} |
| {noformat} instance: 1 {noformat} |

2. 3122492d.internal.redhat_enterprise_linux_8-def-4524071: FAIL
* Based on the following 1 results:
* 1. 1. At least one specified Text File Content entry must match the given criteria.
** 
| {noformat} The specified Text File Content entry was not found based on the given criteria: {noformat} |
| {noformat} filepath: /etc/crypto-policies/state/66cb4139.internal {noformat} |
| {noformat} pattern: ^\h*sha1_in_certs\h*=\h*0\b {noformat} |
| {noformat} instance: 1 {noformat} |
",,,
Vulnerability item,R7C-195100,4113852,6751604.0,usr00857,Risk Covered,,Resolved,29/Apr/2026 10:03 AM,18/Jul/2025 12:00 AM,c5742e01.internal,,,,1.6.2. Ensure system wide crypto policy disables sha1 hash and signature support,,"This is a complex check. Operator = AND
1. 3122492d.internal.redhat_enterprise_linux_8-def-4524067: PASS
* Based on the following 1 results:
* 1. 1. The specified Text File Content entry must not match the given criteria.
** 
| {noformat} The specified Text File Content entry was not found based on the given criteria: {noformat} |
| {noformat} filepath: /etc/crypto-policies/state/66cb4139.internal {noformat} |
| {noformat} pattern: ^\h*(hash|sign)\h*=\h*([^\n\r#]+)?-sha1\b {noformat} |
| {noformat} instance: 1 {noformat} |

2. 3122492d.internal.redhat_enterprise_linux_8-def-4524071: FAIL
* Based on the following 1 results:
* 1. 1. At least one specified Text File Content entry must match the given criteria.
** 
| {noformat} The specified Text File Content entry was not found based on the given criteria: {noformat} |
| {noformat} filepath: /etc/crypto-policies/state/66cb4139.internal {noformat} |
| {noformat} pattern: ^\h*sha1_in_certs\h*=\h*0\b {noformat} |
| {noformat} instance: 1 {noformat} |
",,,
Vulnerability item,R7C-262485,5127144,7584757.0,usr8c027,Risk Covered,,Resolved,29/Apr/2026 10:26 AM,05/Apr/2026 12:00 AM,c4233f9b.internal,,,,1.6.2. Ensure system wide crypto policy disables sha1 hash and signature support,,"This is a complex check. Operator = AND
1. 3122492d.internal.redhat_enterprise_linux_8-def-4524067: PASS
* Based on the following 1 results:
* 1. 1. The specified Text File Content entry must not match the given criteria.
** 
| {noformat} The specified Text File Content entry was not found based on the given criteria: {noformat} |
| {noformat} filepath: /etc/crypto-policies/state/66cb4139.internal {noformat} |
| {noformat} pattern: ^\h*(hash|sign)\h*=\h*([^\n\r#]+)?-sha1\b {noformat} |
| {noformat} instance: 1 {noformat} |

2. 3122492d.internal.redhat_enterprise_linux_8-def-4524071: FAIL
* Based on the following 1 results:
* 1. 1. At least one specified Text File Content entry must match the given criteria.
** 
| {noformat} The specified Text File Content entry was not found based on the given criteria: {noformat} |
| {noformat} filepath: /etc/crypto-policies/state/66cb4139.internal {noformat} |
| {noformat} pattern: ^\h*sha1_in_certs\h*=\h*0\b {noformat} |
| {noformat} instance: 1 {noformat} |
",,,
Vulnerability item,R7C-262489,8765315,884911.0,usr8c027,Risk Covered,,Resolved,29/Apr/2026 10:26 AM,05/Apr/2026 12:00 AM,661eebef.internal,,,,1.6.2. Ensure system wide crypto policy disables sha1 hash and signature support,,"This is a complex check. Operator = AND
1. 3122492d.internal.redhat_enterprise_linux_8-def-4524067: PASS
* Based on the following 1 results:
* 1. 1. The specified Text File Content entry must not match the given criteria.
** 
| {noformat} The specified Text File Content entry was not found based on the given criteria: {noformat} |
| {noformat} filepath: /etc/crypto-policies/state/66cb4139.internal {noformat} |
| {noformat} pattern: ^\h*(hash|sign)\h*=\h*([^\n\r#]+)?-sha1\b {noformat} |
| {noformat} instance: 1 {noformat} |

2. 3122492d.internal.redhat_enterprise_linux_8-def-4524071: FAIL
* Based on the following 1 results:
* 1. 1. At least one specified Text File Content entry must match the given criteria.
** 
| {noformat} The specified Text File Content entry was not found based on the given criteria: {noformat} |
| {noformat} filepath: /etc/crypto-policies/state/66cb4139.internal {noformat} |
| {noformat} pattern: ^\h*sha1_in_certs\h*=\h*0\b {noformat} |
| {noformat} instance: 1 {noformat} |
",,,
Vulnerability item,R7C-262481,5557446,7455799.0,usr8c027,Risk Covered,,Resolved,29/Apr/2026 10:26 AM,05/Apr/2026 12:00 AM,c1995f7f.internal,,,,1.6.2. Ensure system wide crypto policy disables sha1 hash and signature support,,"This is a complex check. Operator = AND
1. 3122492d.internal.redhat_enterprise_linux_8-def-4524067: PASS
* Based on the following 1 results:
* 1. 1. The specified Text File Content entry must not match the given criteria.
** 
| {noformat} The specified Text File Content entry was not found based on the given criteria: {noformat} |
| {noformat} filepath: /etc/crypto-policies/state/66cb4139.internal {noformat} |
| {noformat} pattern: ^\h*(hash|sign)\h*=\h*([^\n\r#]+)?-sha1\b {noformat} |
| {noformat} instance: 1 {noformat} |

2. 3122492d.internal.redhat_enterprise_linux_8-def-4524071: FAIL
* Based on the following 1 results:
* 1. 1. At least one specified Text File Content entry must match the given criteria.
** 
| {noformat} The specified Text File Content entry was not found based on the given criteria: {noformat} |
| {noformat} filepath: /etc/crypto-policies/state/66cb4139.internal {noformat} |
| {noformat} pattern: ^\h*sha1_in_certs\h*=\h*0\b {noformat} |
| {noformat} instance: 1 {noformat} |
",,,
Vulnerability item,NXP-5753776,1857225,1878046.0,usr8c027,Open,,,28/Apr/2026 11:07 AM,16/Jun/2026 12:00 AM,b69609ff.internal,Azul Zulu: CVE-2009-59816: WebKit Active Code Execution Vulnerability,cf1755e3.internal,0,azul-zulu-CVE-2009-70199,"Vulnerable OS: Red Hat Enterprise Linux 8.10


Vulnerable software installed: Azul Systems JRE 1.8.0.422 (/stxbase/stxapp/java/zulu8.80.0.18-sa-jdk8.0.422-linux_x64/jre/lib/rt.jar)

Vulnerable OS: Red Hat Enterprise Linux 8.10


Vulnerable software installed: Azul Systems JRE 17.52.18 (/stxbase/stxapp/java/zulu17.52.18-sa-jdk17.0.12-linux_x64/lib/54c8aa44.internal)

Vulnerable OS: Red Hat Enterprise Linux 8.10


Vulnerable software installed: Azul Systems JRE 11.74.16 (/stxbase/stxapp/java/zulu11.74.16-sa-jdk11.0.24-linux_x64/lib/54c8aa44.internal)",,,,
Vulnerability item,NXP-1923215,4330576,335983.0,,Open,,,28/Apr/2026 11:05 AM,23/Jun/2026 12:00 AM,cdd2fb74.internal,Microsoft Edge (Chromium-based): CVE-2010-86189: Use after free in Dawn,59daded0.internal,0,microsoft-edge-CVE-2010-71656,"Vulnerable OS: Microsoft Windows Server 2022 21H2


Vulnerable software installed: Microsoft Edge 146.0.3856.78 (C:\Program Files (x86)\Microsoft\Edge\Application\504f34da.internal)",,,,
Vulnerability item,NXP-2481623,4244380,3375445.0,,Open,,,28/Apr/2026 11:06 AM,23/Jun/2026 12:00 AM,2457f6a5.internal,Microsoft Edge (Chromium-based): CVE-2010-86189: Use after free in Dawn,2457f6a5.internal,0,microsoft-edge-CVE-2010-71656,"Vulnerable OS: Microsoft Windows Server 2019 Standard Edition 1809


Vulnerable software installed: Microsoft Edge 146.0.3856.72 (C:\Program Files (x86)\Microsoft\Edge\Application\504f34da.internal)",,,,
Vulnerability item,NXP-3243977,4728503,7658961.0,,Open,,,28/Apr/2026 11:05 AM,23/Jun/2026 12:00 AM,f8c52f8b.internal,Microsoft Edge (Chromium-based): CVE-2010-86189: Use after free in Dawn,1763b37e.internal,0,microsoft-edge-CVE-2010-71656,"Vulnerable OS: Microsoft Windows Server 2025 24H2


Vulnerable software installed: Microsoft Edge 146.0.3856.72 (C:\Program Files (x86)\Microsoft\Edge\Application\504f34da.internal)",,,,
Vulnerability item,NXP-8012944,6166095,8585934.0,,Open,,,28/Apr/2026 11:05 AM,23/Jun/2026 12:00 AM,622a0100.internal,Microsoft Edge (Chromium-based): CVE-2010-86189: Use after free in Dawn,e47d7622.internal,0,microsoft-edge-CVE-2010-71656,"Vulnerable OS: Microsoft Windows Server 2022 21H2


Vulnerable software installed: Microsoft Edge 146.0.3856.72 (C:\Program Files (x86)\Microsoft\Edge\Application\504f34da.internal)",,,,
Vulnerability item,NXP-6008016,1718929,7043967.0,,Open,,,28/Apr/2026 11:06 AM,23/Jun/2026 12:00 AM,800edcb5.internal,Microsoft Edge (Chromium-based): CVE-2010-86189: Use after free in Dawn,03b2777f.internal,0,microsoft-edge-CVE-2010-71656,"Vulnerable OS: Microsoft Windows Server 2022 21H2


Vulnerable software installed: Microsoft Edge 146.0.3856.72 (C:\Program Files (x86)\Microsoft\Edge\Application\504f34da.internal)",,,,
Vulnerability item,NXP-2918631,4706782,3240197.0,,Open,,,28/Apr/2026 11:06 AM,23/Jun/2026 12:00 AM,53545f8c.internal,Microsoft Edge (Chromium-based): CVE-2010-86189: Use after free in Dawn,53545f8c.internal,0,microsoft-edge-CVE-2010-71656,"Vulnerable OS: Microsoft Windows Server 2019 Standard Edition 1809


Vulnerable software installed: Microsoft Edge 146.0.3856.72 (C:\Program Files (x86)\Microsoft\Edge\Application\504f34da.internal)",,,,
Vulnerability item,NXP-3159226,449952,2180855.0,usr71f22,Risk Covered,,Resolved,08/May/2026 12:20 AM,14/Feb/2026 12:00 AM,db046bfe.internal,Apache Log4j Obsolete Version,1a6450b3.internal,0,apache-log4j-obsolete-version,Vulnerable software installed: Apache Log4j 1.2.13 (/u01/app/oracle/product/oms/middleware135/sqldeveloper/sqldeveloper/lib/log4j-1.2.13.jar),,,,
Vulnerability item,NXP-8665956,881710,1887946.0,usr8c027,Open,,,07/May/2026 11:02 PM,16/Jun/2026 12:00 AM,a58285d8.internal,Azul Zulu: CVE-2009-59816: WebKit Active Code Execution Vulnerability,8cba5da6.internal,0,azul-zulu-CVE-2009-70199,"Vulnerable OS: Red Hat Enterprise Linux 8.10


Vulnerable software installed: Azul Systems JRE 1.8.0.422 (/stxbase/stxapp/java/zulu8.80.0.18-sa-jdk8.0.422-linux_x64/jre/lib/rt.jar)

Vulnerable OS: Red Hat Enterprise Linux 8.10


Vulnerable software installed: Azul Systems JRE 17.52.18 (/stxbase/stxapp/java/zulu17.52.18-sa-jdk17.0.12-linux_x64/lib/54c8aa44.internal)

Vulnerable OS: Red Hat Enterprise Linux 8.10


Vulnerable software installed: Azul Systems JRE 11.74.16 (/stxbase/stxapp/java/zulu11.74.16-sa-jdk11.0.24-linux_x64/lib/54c8aa44.internal)",,,,
Vulnerability item,NXP-9095039,975637,3593835.0,usr8c027,Open,,,07/May/2026 11:02 PM,16/Jun/2026 12:00 AM,7809804e.internal,Azul Zulu: CVE-2009-59816: WebKit Active Code Execution Vulnerability,93181840.internal,0,azul-zulu-CVE-2009-70199,"Vulnerable OS: Red Hat Enterprise Linux 8.10


Vulnerable software installed: Azul Systems JRE 1.8.0.422 (/stxbase/stxapp/java/zulu8.80.0.18-sa-jdk8.0.422-linux_x64/jre/lib/rt.jar)

Vulnerable OS: Red Hat Enterprise Linux 8.10


Vulnerable software installed: Azul Systems JRE 17.52.18 (/stxbase/stxapp/java/zulu17.52.18-sa-jdk17.0.12-linux_x64/lib/54c8aa44.internal)

Vulnerable OS: Red Hat Enterprise Linux 8.10


Vulnerable software installed: Azul Systems JRE 11.74.16 (/stxbase/stxapp/java/zulu11.74.16-sa-jdk11.0.24-linux_x64/lib/54c8aa44.internal)",,,,
Vulnerability item,NXP-3622386,8980979,5074493.0,usr8c027,Risk Covered,,Resolved,07/May/2026 11:02 PM,14/Feb/2026 12:00 AM,55fc11d5.internal,Apache Log4j Obsolete Version,a1fd9d31.internal,0,apache-log4j-obsolete-version,"Vulnerable software installed: Apache Log4j 1.2.17 (/stxbase/stxapp/cloudera/var/lib/zeppelin_stable/local-repo/spark/log4j-1.2.17.jar)

Vulnerable software installed: Apache Log4j 1.2.17 (/stxbase/stxapp/cloudera/var/lib/zeppelin_stable/local-repo/log4j/log4j/1.2.17/log4j-1.2.17.jar)

Vulnerable software installed: Apache Log4j 1.2.17 (/stxbase/stxapp/cloudera/var/lib/zeppelin_sandbox/local-repo/log4j/log4j/1.2.17/log4j-1.2.17.jar)

Vulnerable software installed: Apache Log4j 1.2.17 (/stxbase/stxapp/cloudera/parcels/CDH-7.1.9-1.cdh7.1.9.p9.52289703/lib/zeppelin/interpreter/python/log4j-1.2.17.jar)",,,,
Vulnerability item,NXP-6292148,6739961,5074493.0,usr8c027,Open,,,07/May/2026 11:02 PM,16/Jun/2026 12:00 AM,55fc11d5.internal,Azul Zulu: CVE-2009-59816: WebKit Active Code Execution Vulnerability,a1fd9d31.internal,0,azul-zulu-CVE-2009-70199,"Vulnerable OS: Red Hat Enterprise Linux 7.9


Vulnerable software installed: Azul Systems JRE 17.52.18 (/stxbase/stxapp/java/zulu17.52.18-sa-jdk17.0.12-linux_x64/lib/54c8aa44.internal)

Vulnerable OS: Red Hat Enterprise Linux 7.9


Vulnerable software installed: Azul Systems JRE 11.74.16 (/stxbase/stxapp/java/zulu11.74.16-sa-jdk11.0.24-linux_x64/lib/54c8aa44.internal)

Vulnerable OS: Red Hat Enterprise Linux 7.9


Vulnerable software installed: Azul Systems JRE 1.8.0.422 (/stxbase/stxapp/java/zulu8.80.0.18-sa-jdk8.0.422-linux_x64/jre/lib/rt.jar)",,,,
Vulnerability item,NXP-130240,6554618,701617.0,usr8c027,Open,,,07/May/2026 11:02 PM,16/Jun/2026 12:00 AM,661eebef.internal,Azul Zulu: CVE-2009-59816: WebKit Active Code Execution Vulnerability,9d5c3f76.internal,0,azul-zulu-CVE-2009-70199,"Vulnerable OS: Red Hat Enterprise Linux 8.10


Vulnerable software installed: Azul Systems JRE 1.8.0.422 (/stxbase/stxapp/java/zulu8.80.0.18-sa-jdk8.0.422-linux_x64/jre/lib/rt.jar)

Vulnerable OS: Red Hat Enterprise Linux 8.10


Vulnerable software installed: Azul Systems JRE 17.52.18 (/stxbase/stxapp/java/zulu17.52.18-sa-jdk17.0.12-linux_x64/lib/54c8aa44.internal)

Vulnerable OS: Red Hat Enterprise Linux 8.10


Vulnerable software installed: Azul Systems JRE 11.74.16 (/stxbase/stxapp/java/zulu11.74.16-sa-jdk11.0.24-linux_x64/lib/54c8aa44.internal)",,,,
Vulnerability item,NXP-8991157,7110241,8115241.0,usr8c027,Open,,,07/May/2026 11:02 PM,16/Jun/2026 12:00 AM,ffe34ed1.internal,Azul Zulu: CVE-2009-59816: WebKit Active Code Execution Vulnerability,666da563.internal,0,azul-zulu-CVE-2009-70199,"Vulnerable OS: Red Hat Enterprise Linux 8.10


Vulnerable software installed: Azul Systems JRE 1.8.0.422 (/stxbase/stxapp/java/zulu8.80.0.18-sa-jdk8.0.422-linux_x64/jre/lib/rt.jar)

Vulnerable OS: Red Hat Enterprise Linux 8.10


Vulnerable software installed: Azul Systems JRE 17.52.18 (/stxbase/stxapp/java/zulu17.52.18-sa-jdk17.0.12-linux_x64/lib/54c8aa44.internal)

Vulnerable OS: Red Hat Enterprise Linux 8.10


Vulnerable software installed: Azul Systems JRE 11.74.16 (/stxbase/stxapp/java/zulu11.74.16-sa-jdk11.0.24-linux_x64/lib/54c8aa44.internal)

Vulnerable OS: Red Hat Enterprise Linux 8.10


Vulnerable software installed: Azul Systems JRE 11.58.16 (/stxbase/stxapp/java/zulu11.58.16-sa-jdk11.0.16-linux_x64_del/lib/54c8aa44.internal)",,,,
Vulnerability item,NXP-2486493,5673859,1028972.0,usr8c027,Open,,,07/May/2026 11:02 PM,16/Jun/2026 12:00 AM,cd12eaba.internal,Azul Zulu: CVE-2009-59816: WebKit Active Code Execution Vulnerability,33d0af87.internal,0,azul-zulu-CVE-2009-70199,"Vulnerable OS: Red Hat Enterprise Linux 8.10


Vulnerable software installed: Azul Systems JRE 1.8.0.422 (/stxbase/stxapp/java/zulu8.80.0.18-sa-jdk8.0.422-linux_x64/jre/lib/rt.jar)

Vulnerable OS: Red Hat Enterprise Linux 8.10


Vulnerable software installed: Azul Systems JRE 17.52.18 (/stxbase/stxapp/java/zulu17.52.18-sa-jdk17.0.12-linux_x64/lib/54c8aa44.internal)

Vulnerable OS: Red Hat Enterprise Linux 8.10


Vulnerable software installed: Azul Systems JRE 11.74.16 (/stxbase/stxapp/java/zulu11.74.16-sa-jdk11.0.24-linux_x64/lib/54c8aa44.internal)",,,,
Vulnerability item,NXP-4718645,870975,8042802.0,usr8c027,Open,,,07/May/2026 11:02 PM,23/Jun/2026 12:00 AM,0011b788.internal,Azul Zulu: CVE-2009-59816: WebKit Active Code Execution Vulnerability,48609fc4.internal,0,azul-zulu-CVE-2009-70199,"Vulnerable OS: Red Hat Enterprise Linux 8.10


Vulnerable software installed: Azul Systems JRE 1.8.0.422 (/stxbase/stxapp/java/zulu8.80.0.18-sa-jdk8.0.422-linux_x64/jre/lib/rt.jar)

Vulnerable OS: Red Hat Enterprise Linux 8.10


Vulnerable software installed: Azul Systems JRE 17.52.18 (/stxbase/stxapp/java/zulu17.52.18-sa-jdk17.0.12-linux_x64/lib/54c8aa44.internal)

Vulnerable OS: Red Hat Enterprise Linux 8.10


Vulnerable software installed: Azul Systems JRE 11.74.16 (/stxbase/stxapp/java/zulu11.74.16-sa-jdk11.0.24-linux_x64/lib/54c8aa44.internal)",,,,
Vulnerability item,NXP-3403628,6028586,5273601.0,usr8c027,Open,,,07/May/2026 11:02 PM,16/Jun/2026 12:00 AM,019ce12c.internal,Azul Zulu: CVE-2009-59816: WebKit Active Code Execution Vulnerability,763ea19b.internal,0,azul-zulu-CVE-2009-70199,"Vulnerable OS: Red Hat Enterprise Linux 8.10


Vulnerable software installed: Azul Systems JRE 1.8.0.422 (/stxbase/stxapp/java/zulu8.80.0.18-sa-jdk8.0.422-linux_x64/jre/lib/rt.jar)

Vulnerable OS: Red Hat Enterprise Linux 8.10


Vulnerable software installed: Azul Systems JRE 17.52.18 (/stxbase/stxapp/java/zulu17.52.18-sa-jdk17.0.12-linux_x64/lib/54c8aa44.internal)

Vulnerable OS: Red Hat Enterprise Linux 8.10


Vulnerable software installed: Azul Systems JRE 11.74.16 (/stxbase/stxapp/java/zulu11.74.16-sa-jdk11.0.24-linux_x64/lib/54c8aa44.internal)",,,,
Vulnerability item,NXP-8470290,7764290,1712995.0,usr8c027,Open,,,07/May/2026 11:02 PM,16/Jun/2026 12:00 AM,769488db.internal,Azul Zulu: CVE-2009-59816: WebKit Active Code Execution Vulnerability,f774cc1d.internal,0,azul-zulu-CVE-2009-70199,"Vulnerable OS: Red Hat Enterprise Linux 8.10


Vulnerable software installed: Azul Systems JRE 1.8.0.422 (/stxbase/stxapp/java/zulu8.80.0.18-sa-jdk8.0.422-linux_x64/jre/lib/rt.jar)

Vulnerable OS: Red Hat Enterprise Linux 8.10


Vulnerable software installed: Azul Systems JRE 17.52.18 (/stxbase/stxapp/java/zulu17.52.18-sa-jdk17.0.12-linux_x64/lib/54c8aa44.internal)

Vulnerable OS: Red Hat Enterprise Linux 8.10


Vulnerable software installed: Azul Systems JRE 11.74.16 (/stxbase/stxapp/java/zulu11.74.16-sa-jdk11.0.24-linux_x64/lib/54c8aa44.internal)",,,,
Vulnerability item,NXP-1272517,4111596,2192634.0,usr8c027,Open,,,07/May/2026 11:02 PM,16/Jun/2026 12:00 AM,f0976ff9.internal,Azul Zulu: CVE-2009-59816: WebKit Active Code Execution Vulnerability,d9ae603e.internal,0,azul-zulu-CVE-2009-70199,"Vulnerable OS: Red Hat Enterprise Linux 8.10


Vulnerable software installed: Azul Systems JRE 1.8.0.422 (/stxbase/stxapp/java/zulu8.80.0.18-sa-jdk8.0.422-linux_x64/jre/lib/rt.jar)

Vulnerable OS: Red Hat Enterprise Linux 8.10


Vulnerable software installed: Azul Systems JRE 17.52.18 (/stxbase/stxapp/java/zulu17.52.18-sa-jdk17.0.12-linux_x64/lib/54c8aa44.internal)

Vulnerable OS: Red Hat Enterprise Linux 8.10


Vulnerable software installed: Azul Systems JRE 11.74.16 (/stxbase/stxapp/java/zulu11.74.16-sa-jdk11.0.24-linux_x64/lib/54c8aa44.internal)",,,,
Vulnerability item,NXP-5371619,9044015,8040525.0,usr8c027,Open,,,07/May/2026 11:03 PM,16/Jun/2026 12:00 AM,fe6aa9be.internal,Azul Zulu: CVE-2009-59816: WebKit Active Code Execution Vulnerability,74bf57a2.internal,0,azul-zulu-CVE-2009-70199,"Vulnerable OS: Red Hat Enterprise Linux 8.10


Vulnerable software installed: Azul Systems JRE 1.8.0.422 (/stxbase/stxapp/java/zulu8.80.0.18-sa-jdk8.0.422-linux_x64/jre/lib/rt.jar)

Vulnerable OS: Red Hat Enterprise Linux 8.10


Vulnerable software installed: Azul Systems JRE 17.52.18 (/stxbase/stxapp/java/zulu17.52.18-sa-jdk17.0.12-linux_x64/lib/54c8aa44.internal)

Vulnerable OS: Red Hat Enterprise Linux 8.10


Vulnerable software installed: Azul Systems JRE 11.74.16 (/stxbase/stxapp/java/zulu11.74.16-sa-jdk11.0.24-linux_x64/lib/54c8aa44.internal)",,,,
Vulnerability item,NXP-2561400,3124696,3779731.0,usr8c027,Open,,,07/May/2026 11:02 PM,16/Jun/2026 12:00 AM,1d219c7b.internal,Azul Zulu: CVE-2009-59816: WebKit Active Code Execution Vulnerability,788624fc.internal,0,azul-zulu-CVE-2009-70199,"Vulnerable OS: Red Hat Enterprise Linux 8.10


Vulnerable software installed: Azul Systems JRE 1.8.0.422 (/stxbase/stxapp/java/zulu8.80.0.18-sa-jdk8.0.422-linux_x64/jre/lib/rt.jar)

Vulnerable OS: Red Hat Enterprise Linux 8.10


Vulnerable software installed: Azul Systems JRE 17.52.18 (/stxbase/stxapp/java/zulu17.52.18-sa-jdk17.0.12-linux_x64/lib/54c8aa44.internal)

Vulnerable OS: Red Hat Enterprise Linux 8.10


Vulnerable software installed: Azul Systems JRE 11.74.16 (/stxbase/stxapp/java/zulu11.74.16-sa-jdk11.0.24-linux_x64/lib/54c8aa44.internal)",,,,
Vulnerability item,NXP-4071822,6156992,5800551.0,usr8c027,Open,,,07/May/2026 11:02 PM,16/Jun/2026 12:00 AM,c5742e01.internal,Azul Zulu: CVE-2009-59816: WebKit Active Code Execution Vulnerability,4fe2eb41.internal,0,azul-zulu-CVE-2009-70199,"Vulnerable OS: Red Hat Enterprise Linux 8.10


Vulnerable software installed: Azul Systems JRE 1.8.0.422 (/stxbase/stxapp/java/zulu8.80.0.18-sa-jdk8.0.422-linux_x64/jre/lib/rt.jar)

Vulnerable OS: Red Hat Enterprise Linux 8.10


Vulnerable software installed: Azul Systems JRE 17.52.18 (/stxbase/stxapp/java/zulu17.52.18-sa-jdk17.0.12-linux_x64/lib/54c8aa44.internal)

Vulnerable OS: Red Hat Enterprise Linux 8.10


Vulnerable software installed: Azul Systems JRE 11.74.16 (/stxbase/stxapp/java/zulu11.74.16-sa-jdk11.0.24-linux_x64/lib/54c8aa44.internal)

Vulnerable OS: Red Hat Enterprise Linux 8.10


Vulnerable software installed: Azul Systems JRE 11.58.16 (/stxbase/stxapp/java/zulu11.58.16-sa-jdk11.0.16-linux_x64_del/lib/54c8aa44.internal)

Vulnerable OS: Red Hat Enterprise Linux 8.10


Vulnerable software installed: Azul Systems JRE 17.52.18 (/stxbase/stxapp/java/zulu17.52.18-sa-jdk17.0.12-linux_x64_del/lib/54c8aa44.internal)

Vulnerable OS: Red Hat Enterprise Linux 8.10


Vulnerable software installed: Azul Systems JRE 11.74.16 (/stxbase/stxapp/java/zulu11.74.16-sa-jdk11.0.24-linux_x64_del/lib/54c8aa44.internal)

Vulnerable OS: Red Hat Enterprise Linux 8.10


Vulnerable software installed: Azul Systems JRE 1.8.0.422 (/stxbase/stxapp/java/zulu8.80.0.18-sa-jdk8.0.422-linux_x64_del/jre/lib/rt.jar)",,,,
Vulnerability item,NXP-606377,3938837,3737184.0,usr8c027,Open,,,07/May/2026 11:02 PM,16/Jun/2026 12:00 AM,300f0cc6.internal,Azul Zulu: CVE-2009-59816: WebKit Active Code Execution Vulnerability,2dbaf499.internal,0,azul-zulu-CVE-2009-70199,"Vulnerable OS: Red Hat Enterprise Linux 8.10


Vulnerable software installed: Azul Systems JRE 1.8.0.422 (/stxbase/stxapp/java/zulu8.80.0.18-sa-jdk8.0.422-linux_x64/jre/lib/rt.jar)

Vulnerable OS: Red Hat Enterprise Linux 8.10


Vulnerable software installed: Azul Systems JRE 17.52.18 (/stxbase/stxapp/java/zulu17.52.18-sa-jdk17.0.12-linux_x64/lib/54c8aa44.internal)

Vulnerable OS: Red Hat Enterprise Linux 8.10


Vulnerable software installed: Azul Systems JRE 11.74.16 (/stxbase/stxapp/java/zulu11.74.16-sa-jdk11.0.24-linux_x64/lib/54c8aa44.internal)",,,,
Vulnerability item,NXP-714499,289017,1279687.0,usr8c027,Open,,,07/May/2026 11:02 PM,16/Jun/2026 12:00 AM,ed40309e.internal,Azul Zulu: CVE-2009-59816: WebKit Active Code Execution Vulnerability,e9cbd6a1.internal,0,azul-zulu-CVE-2009-70199,"Vulnerable OS: Red Hat Enterprise Linux 8.10


Vulnerable software installed: Azul Systems JRE 1.8.0.422 (/stxbase/stxapp/java/zulu8.80.0.18-sa-jdk8.0.422-linux_x64/jre/lib/rt.jar)

Vulnerable OS: Red Hat Enterprise Linux 8.10


Vulnerable software installed: Azul Systems JRE 17.52.18 (/stxbase/stxapp/java/zulu17.52.18-sa-jdk17.0.12-linux_x64/lib/54c8aa44.internal)

Vulnerable OS: Red Hat Enterprise Linux 8.10


Vulnerable software installed: Azul Systems JRE 11.74.16 (/stxbase/stxapp/java/zulu11.74.16-sa-jdk11.0.24-linux_x64/lib/54c8aa44.internal)

Vulnerable OS: Red Hat Enterprise Linux 8.10


Vulnerable software installed: Azul Systems JRE 11.58.16 (/stxbase/stxapp/java/zulu11.58.16-sa-jdk11.0.16-linux_x64_del/lib/54c8aa44.internal)",,,,
Vulnerability item,NXP-5088316,5591004,5116336.0,usr8c027,Open,,,07/May/2026 11:02 PM,16/Jun/2026 12:00 AM,de387916.internal,Azul Zulu: CVE-2009-59816: WebKit Active Code Execution Vulnerability,11925eb8.internal,0,azul-zulu-CVE-2009-70199,"Vulnerable OS: Red Hat Enterprise Linux 8.10


Vulnerable software installed: Azul Systems JRE 1.8.0.422 (/stxbase/stxapp/java/zulu8.80.0.18-sa-jdk8.0.422-linux_x64/jre/lib/rt.jar)

Vulnerable OS: Red Hat Enterprise Linux 8.10


Vulnerable software installed: Azul Systems JRE 17.52.18 (/stxbase/stxapp/java/zulu17.52.18-sa-jdk17.0.12-linux_x64/lib/54c8aa44.internal)

Vulnerable OS: Red Hat Enterprise Linux 8.10


Vulnerable software installed: Azul Systems JRE 11.74.16 (/stxbase/stxapp/java/zulu11.74.16-sa-jdk11.0.24-linux_x64/lib/54c8aa44.internal)

Vulnerable OS: Red Hat Enterprise Linux 8.10


Vulnerable software installed: Azul Systems JRE 11.58.16 (/stxbase/stxapp/java/zulu11.58.16-sa-jdk11.0.16-linux_x64_del/lib/54c8aa44.internal)",,,,
Vulnerability item,NXP-8635291,6715824,9010740.0,usr8c027,Open,,,07/May/2026 11:02 PM,16/Jun/2026 12:00 AM,2bd74afa.internal,Azul Zulu: CVE-2009-59816: WebKit Active Code Execution Vulnerability,f74afe8f.internal,0,azul-zulu-CVE-2009-70199,"Vulnerable OS: Red Hat Enterprise Linux 8.10


Vulnerable software installed: Azul Systems JRE 1.8.0.422 (/stxbase/stxapp/java/zulu8.80.0.18-sa-jdk8.0.422-linux_x64/jre/lib/rt.jar)

Vulnerable OS: Red Hat Enterprise Linux 8.10


Vulnerable software installed: Azul Systems JRE 17.52.18 (/stxbase/stxapp/java/zulu17.52.18-sa-jdk17.0.12-linux_x64/lib/54c8aa44.internal)

Vulnerable OS: Red Hat Enterprise Linux 8.10


Vulnerable software installed: Azul Systems JRE 11.74.16 (/stxbase/stxapp/java/zulu11.74.16-sa-jdk11.0.24-linux_x64/lib/54c8aa44.internal)

Vulnerable OS: Red Hat Enterprise Linux 8.10


Vulnerable software installed: Azul Systems JRE 1.8.0.422 (/stxbase/stxapp/java/zulu8.80.0.18-sa-jdk8.0.422-linux_x64_del/jre/lib/rt.jar)",,,,
Vulnerability item,NXP-2380535,5647132,1999238.0,usr8c027,Open,,,07/May/2026 11:02 PM,16/Jun/2026 12:00 AM,c966688e.internal,Azul Zulu: CVE-2009-59816: WebKit Active Code Execution Vulnerability,3ce1855b.internal,0,azul-zulu-CVE-2009-70199,"Vulnerable OS: Red Hat Enterprise Linux 8.10


Vulnerable software installed: Azul Systems JRE 1.8.0.422 (/stxbase/stxapp/java/zulu8.80.0.18-sa-jdk8.0.422-linux_x64/jre/lib/rt.jar)

Vulnerable OS: Red Hat Enterprise Linux 8.10


Vulnerable software installed: Azul Systems JRE 17.52.18 (/stxbase/stxapp/java/zulu17.52.18-sa-jdk17.0.12-linux_x64/lib/54c8aa44.internal)

Vulnerable OS: Red Hat Enterprise Linux 8.10


Vulnerable software installed: Azul Systems JRE 11.74.16 (/stxbase/stxapp/java/zulu11.74.16-sa-jdk11.0.24-linux_x64/lib/54c8aa44.internal)",,,,
Vulnerability item,NXP-6633323,2160147,2010620.0,usr8c027,Open,,,07/May/2026 11:02 PM,16/Jun/2026 12:00 AM,e66eceea.internal,Azul Zulu: CVE-2009-59816: WebKit Active Code Execution Vulnerability,eee489c8.internal,0,azul-zulu-CVE-2009-70199,"Vulnerable OS: Red Hat Enterprise Linux 8.10


Vulnerable software installed: Azul Systems JRE 1.8.0.422 (/stxbase/stxapp/java/zulu8.80.0.18-sa-jdk8.0.422-linux_x64/jre/lib/rt.jar)

Vulnerable OS: Red Hat Enterprise Linux 8.10


Vulnerable software installed: Azul Systems JRE 17.52.18 (/stxbase/stxapp/java/zulu17.52.18-sa-jdk17.0.12-linux_x64/lib/54c8aa44.internal)

Vulnerable OS: Red Hat Enterprise Linux 8.10


Vulnerable software installed: Azul Systems JRE 11.74.16 (/stxbase/stxapp/java/zulu11.74.16-sa-jdk11.0.24-linux_x64/lib/54c8aa44.internal)",,,,
Vulnerability item,NXP-7153999,1059315,2993977.0,usr8c027,Open,,,07/May/2026 10:59 PM,16/Jun/2026 12:00 AM,98e44f06.internal,Azul Zulu: CVE-2009-59816: WebKit Active Code Execution Vulnerability,7d5f05f7.internal,0,azul-zulu-CVE-2009-70199,"Vulnerable OS: Red Hat Enterprise Linux 8.10


Vulnerable software installed: Azul Systems JRE 1.8.0.422 (/stxbase/stxapp/java/zulu8.80.0.18-sa-jdk8.0.422-linux_x64/jre/lib/rt.jar)

Vulnerable OS: Red Hat Enterprise Linux 8.10


Vulnerable software installed: Azul Systems JRE 17.52.18 (/stxbase/stxapp/java/zulu17.52.18-sa-jdk17.0.12-linux_x64/lib/54c8aa44.internal)

Vulnerable OS: Red Hat Enterprise Linux 8.10


Vulnerable software installed: Azul Systems JRE 11.74.16 (/stxbase/stxapp/java/zulu11.74.16-sa-jdk11.0.24-linux_x64/lib/54c8aa44.internal)",,,,
Vulnerability item,NXP-8492233,4630774,3064792.0,usr8c027,Open,,,07/May/2026 10:59 PM,16/Jun/2026 12:00 AM,a6f47a19.internal,Azul Zulu: CVE-2009-59816: WebKit Active Code Execution Vulnerability,1d1bdd2c.internal,0,azul-zulu-CVE-2009-70199,"Vulnerable OS: Red Hat Enterprise Linux 8.10


Vulnerable software installed: Azul Systems JRE 1.8.0.422 (/stxbase/stxapp/java/zulu8.80.0.18-sa-jdk8.0.422-linux_x64/jre/lib/rt.jar)

Vulnerable OS: Red Hat Enterprise Linux 8.10


Vulnerable software installed: Azul Systems JRE 17.52.18 (/stxbase/stxapp/java/zulu17.52.18-sa-jdk17.0.12-linux_x64/lib/54c8aa44.internal)

Vulnerable OS: Red Hat Enterprise Linux 8.10


Vulnerable software installed: Azul Systems JRE 11.74.16 (/stxbase/stxapp/java/zulu11.74.16-sa-jdk11.0.24-linux_x64/lib/54c8aa44.internal)",,,,
Vulnerability item,NXP-1135556,6262619,997986.0,usr8c027,Open,,,07/May/2026 10:59 PM,16/Jun/2026 12:00 AM,9c55ab2a.internal,Azul Zulu: CVE-2009-59816: WebKit Active Code Execution Vulnerability,2ce035c2.internal,0,azul-zulu-CVE-2009-70199,"Vulnerable OS: Red Hat Enterprise Linux 8.10


Vulnerable software installed: Azul Systems JRE 1.8.0.422 (/stxbase/stxapp/java/zulu8.80.0.18-sa-jdk8.0.422-linux_x64/jre/lib/rt.jar)

Vulnerable OS: Red Hat Enterprise Linux 8.10


Vulnerable software installed: Azul Systems JRE 17.52.18 (/stxbase/stxapp/java/zulu17.52.18-sa-jdk17.0.12-linux_x64/lib/54c8aa44.internal)

Vulnerable OS: Red Hat Enterprise Linux 8.10


Vulnerable software installed: Azul Systems JRE 11.74.16 (/stxbase/stxapp/java/zulu11.74.16-sa-jdk11.0.24-linux_x64/lib/54c8aa44.internal)",,,,
Vulnerability item,NXP-8994405,8302495,7593026.0,usr8c027,Open,,,07/May/2026 10:59 PM,16/Jun/2026 12:00 AM,42e1af01.internal,Azul Zulu: CVE-2009-59816: WebKit Active Code Execution Vulnerability,4e5472e7.internal,0,azul-zulu-CVE-2009-70199,"Vulnerable OS: Red Hat Enterprise Linux 8.10


Vulnerable software installed: Azul Systems JRE 1.8.0.422 (/stxbase/stxapp/java/zulu8.80.0.18-sa-jdk8.0.422-linux_x64/jre/lib/rt.jar)

Vulnerable OS: Red Hat Enterprise Linux 8.10


Vulnerable software installed: Azul Systems JRE 17.52.18 (/stxbase/stxapp/java/zulu17.52.18-sa-jdk17.0.12-linux_x64/lib/54c8aa44.internal)

Vulnerable OS: Red Hat Enterprise Linux 8.10


Vulnerable software installed: Azul Systems JRE 11.74.16 (/stxbase/stxapp/java/zulu11.74.16-sa-jdk11.0.24-linux_x64/lib/54c8aa44.internal)",,,,
Vulnerability item,NXP-8998895,3503598,9041602.0,usr8c027,Open,,,07/May/2026 10:59 PM,16/Jun/2026 12:00 AM,3143e558.internal,Azul Zulu: CVE-2009-59816: WebKit Active Code Execution Vulnerability,a45f1490.internal,0,azul-zulu-CVE-2009-70199,"Vulnerable OS: Red Hat Enterprise Linux 8.10


Vulnerable software installed: Azul Systems JRE 1.8.0.422 (/stxbase/stxapp/java/zulu8.80.0.18-sa-jdk8.0.422-linux_x64/jre/lib/rt.jar)

Vulnerable OS: Red Hat Enterprise Linux 8.10


Vulnerable software installed: Azul Systems JRE 17.52.18 (/stxbase/stxapp/java/zulu17.52.18-sa-jdk17.0.12-linux_x64/lib/54c8aa44.internal)

Vulnerable OS: Red Hat Enterprise Linux 8.10


Vulnerable software installed: Azul Systems JRE 11.74.16 (/stxbase/stxapp/java/zulu11.74.16-sa-jdk11.0.24-linux_x64/lib/54c8aa44.internal)",,,,
Vulnerability item,NXP-7553674,5287711,265498.0,usr8c027,Open,,,07/May/2026 10:59 PM,16/Jun/2026 12:00 AM,c2e9ef6e.internal,Azul Zulu: CVE-2009-59816: WebKit Active Code Execution Vulnerability,c679d51d.internal,0,azul-zulu-CVE-2009-70199,"Vulnerable OS: Red Hat Enterprise Linux 8.10


Vulnerable software installed: Azul Systems JRE 1.8.0.422 (/stxbase/stxapp/java/zulu8.80.0.18-sa-jdk8.0.422-linux_x64/jre/lib/rt.jar)

Vulnerable OS: Red Hat Enterprise Linux 8.10


Vulnerable software installed: Azul Systems JRE 17.52.18 (/stxbase/stxapp/java/zulu17.52.18-sa-jdk17.0.12-linux_x64/lib/54c8aa44.internal)

Vulnerable OS: Red Hat Enterprise Linux 8.10


Vulnerable software installed: Azul Systems JRE 11.74.16 (/stxbase/stxapp/java/zulu11.74.16-sa-jdk11.0.24-linux_x64/lib/54c8aa44.internal)",,,,
Vulnerability item,NXP-3547686,809427,699216.0,usr8c027,Open,,,07/May/2026 10:59 PM,16/Jun/2026 12:00 AM,39f6a6ce.internal,Azul Zulu: CVE-2009-59816: WebKit Active Code Execution Vulnerability,687a95aa.internal,0,azul-zulu-CVE-2009-70199,"Vulnerable OS: Red Hat Enterprise Linux 8.10


Vulnerable software installed: Azul Systems JRE 1.8.0.422 (/stxbase/stxapp/java/zulu8.80.0.18-sa-jdk8.0.422-linux_x64/jre/lib/rt.jar)

Vulnerable OS: Red Hat Enterprise Linux 8.10


Vulnerable software installed: Azul Systems JRE 17.52.18 (/stxbase/stxapp/java/zulu17.52.18-sa-jdk17.0.12-linux_x64/lib/54c8aa44.internal)

Vulnerable OS: Red Hat Enterprise Linux 8.10


Vulnerable software installed: Azul Systems JRE 11.74.16 (/stxbase/stxapp/java/zulu11.74.16-sa-jdk11.0.24-linux_x64/lib/54c8aa44.internal)",,,,
Vulnerability item,NXP-4085299,6146221,2034580.0,usr8c027,Open,,,07/May/2026 10:59 PM,16/Jun/2026 12:00 AM,27d7e042.internal,Azul Zulu: CVE-2009-59816: WebKit Active Code Execution Vulnerability,a609a79f.internal,0,azul-zulu-CVE-2009-70199,"Vulnerable OS: Red Hat Enterprise Linux 8.10


Vulnerable software installed: Azul Systems JRE 1.8.0.422 (/stxbase/stxapp/java/zulu8.80.0.18-sa-jdk8.0.422-linux_x64/jre/lib/rt.jar)

Vulnerable OS: Red Hat Enterprise Linux 8.10


Vulnerable software installed: Azul Systems JRE 17.52.18 (/stxbase/stxapp/java/zulu17.52.18-sa-jdk17.0.12-linux_x64/lib/54c8aa44.internal)

Vulnerable OS: Red Hat Enterprise Linux 8.10


Vulnerable software installed: Azul Systems JRE 11.74.16 (/stxbase/stxapp/java/zulu11.74.16-sa-jdk11.0.24-linux_x64/lib/54c8aa44.internal)",,,,
Vulnerability item,NXP-7515500,1767640,1794772.0,usr8c027,Open,,,07/May/2026 10:59 PM,23/Jun/2026 12:00 AM,cc56c333.internal,Azul Zulu: CVE-2009-59816: WebKit Active Code Execution Vulnerability,d5c69239.internal,0,azul-zulu-CVE-2009-70199,"Vulnerable OS: Red Hat Enterprise Linux 8.10


Vulnerable software installed: Azul Systems JRE 1.8.0.422 (/stxbase/stxapp/java/zulu8.80.0.18-sa-jdk8.0.422-linux_x64/jre/lib/rt.jar)

Vulnerable OS: Red Hat Enterprise Linux 8.10


Vulnerable software installed: Azul Systems JRE 17.52.18 (/stxbase/stxapp/java/zulu17.52.18-sa-jdk17.0.12-linux_x64/lib/54c8aa44.internal)

Vulnerable OS: Red Hat Enterprise Linux 8.10


Vulnerable software installed: Azul Systems JRE 11.74.16 (/stxbase/stxapp/java/zulu11.74.16-sa-jdk11.0.24-linux_x64/lib/54c8aa44.internal)",,,,
Vulnerability item,NXP-5463322,6619674,3409930.0,usr8c027,Open,,,07/May/2026 10:59 PM,16/Jun/2026 12:00 AM,1a93f07a.internal,Azul Zulu: CVE-2009-59816: WebKit Active Code Execution Vulnerability,72eec3c3.internal,0,azul-zulu-CVE-2009-70199,"Vulnerable OS: Red Hat Enterprise Linux 8.10


Vulnerable software installed: Azul Systems JRE 1.8.0.422 (/stxbase/stxapp/java/zulu8.80.0.18-sa-jdk8.0.422-linux_x64/jre/lib/rt.jar)

Vulnerable OS: Red Hat Enterprise Linux 8.10


Vulnerable software installed: Azul Systems JRE 17.52.18 (/stxbase/stxapp/java/zulu17.52.18-sa-jdk17.0.12-linux_x64/lib/54c8aa44.internal)

Vulnerable OS: Red Hat Enterprise Linux 8.10


Vulnerable software installed: Azul Systems JRE 11.74.16 (/stxbase/stxapp/java/zulu11.74.16-sa-jdk11.0.24-linux_x64/lib/54c8aa44.internal)",,,,
Vulnerability item,NXP-8646948,3387692,1408456.0,usr8c027,Open,,,07/May/2026 10:59 PM,16/Jun/2026 12:00 AM,723c8c14.internal,Azul Zulu: CVE-2009-59816: WebKit Active Code Execution Vulnerability,07e4c089.internal,0,azul-zulu-CVE-2009-70199,"Vulnerable OS: Red Hat Enterprise Linux 8.10


Vulnerable software installed: Azul Systems JRE 1.8.0.422 (/stxbase/stxapp/java/zulu8.80.0.18-sa-jdk8.0.422-linux_x64/jre/lib/rt.jar)

Vulnerable OS: Red Hat Enterprise Linux 8.10


Vulnerable software installed: Azul Systems JRE 17.52.18 (/stxbase/stxapp/java/zulu17.52.18-sa-jdk17.0.12-linux_x64/lib/54c8aa44.internal)

Vulnerable OS: Red Hat Enterprise Linux 8.10


Vulnerable software installed: Azul Systems JRE 11.74.16 (/stxbase/stxapp/java/zulu11.74.16-sa-jdk11.0.24-linux_x64/lib/54c8aa44.internal)

Vulnerable OS: Red Hat Enterprise Linux 8.10


Vulnerable software installed: Azul Systems JRE 17.52.18 (/stxdata/9/backup/stxbase/stxapp/java/zulu17.52.18-sa-jdk17.0.12-linux_x64/lib/54c8aa44.internal)

Vulnerable OS: Red Hat Enterprise Linux 8.10


Vulnerable software installed: Azul Systems JRE 11.74.16 (/stxdata/9/backup/stxbase/stxapp/java/zulu11.74.16-sa-jdk11.0.24-linux_x64/lib/54c8aa44.internal)

Vulnerable OS: Red Hat Enterprise Linux 8.10


Vulnerable software installed: Azul Systems JRE 1.8.0.422 (/stxdata/9/backup/stxbase/stxapp/java/zulu8.80.0.18-sa-jdk8.0.422-linux_x64/jre/lib/rt.jar)",,,,
Vulnerability item,NXP-3933105,2390057,1093291.0,usr8c027,Open,,,07/May/2026 10:59 PM,16/Jun/2026 12:00 AM,b8aa55ea.internal,Azul Zulu: CVE-2009-59816: WebKit Active Code Execution Vulnerability,7e798538.internal,0,azul-zulu-CVE-2009-70199,"Vulnerable OS: Red Hat Enterprise Linux 8.10


Vulnerable software installed: Azul Systems JRE 1.8.0.422 (/stxbase/stxapp/java/zulu8.80.0.18-sa-jdk8.0.422-linux_x64/jre/lib/rt.jar)

Vulnerable OS: Red Hat Enterprise Linux 8.10


Vulnerable software installed: Azul Systems JRE 17.52.18 (/stxbase/stxapp/java/zulu17.52.18-sa-jdk17.0.12-linux_x64/lib/54c8aa44.internal)

Vulnerable OS: Red Hat Enterprise Linux 8.10


Vulnerable software installed: Azul Systems JRE 11.74.16 (/stxbase/stxapp/java/zulu11.74.16-sa-jdk11.0.24-linux_x64/lib/54c8aa44.internal)",,,,
Vulnerability item,NXP-1345665,5034069,1385365.0,usr8c027,Open,,,07/May/2026 10:59 PM,16/Jun/2026 12:00 AM,c4233f9b.internal,Azul Zulu: CVE-2009-59816: WebKit Active Code Execution Vulnerability,b94f0e16.internal,0,azul-zulu-CVE-2009-70199,"Vulnerable OS: Red Hat Enterprise Linux 8.10


Vulnerable software installed: Azul Systems JRE 1.8.0.422 (/stxbase/stxapp/java/zulu8.80.0.18-sa-jdk8.0.422-linux_x64/jre/lib/rt.jar)

Vulnerable OS: Red Hat Enterprise Linux 8.10


Vulnerable software installed: Azul Systems JRE 17.52.18 (/stxbase/stxapp/java/zulu17.52.18-sa-jdk17.0.12-linux_x64/lib/54c8aa44.internal)

Vulnerable OS: Red Hat Enterprise Linux 8.10


Vulnerable software installed: Azul Systems JRE 11.74.16 (/stxbase/stxapp/java/zulu11.74.16-sa-jdk11.0.24-linux_x64/lib/54c8aa44.internal)",,,,
Vulnerability item,NXP-8287389,377821,792935.0,usr8c027,Open,,,07/May/2026 10:59 PM,16/Jun/2026 12:00 AM,8fe593b9.internal,Azul Zulu: CVE-2009-59816: WebKit Active Code Execution Vulnerability,542ff881.internal,0,azul-zulu-CVE-2009-70199,"Vulnerable OS: Red Hat Enterprise Linux 8.10


Vulnerable software installed: Azul Systems JRE 1.8.0.422 (/stxbase/stxapp/java/zulu8.80.0.18-sa-jdk8.0.422-linux_x64/jre/lib/rt.jar)

Vulnerable OS: Red Hat Enterprise Linux 8.10


Vulnerable software installed: Azul Systems JRE 17.52.18 (/stxbase/stxapp/java/zulu17.52.18-sa-jdk17.0.12-linux_x64/lib/54c8aa44.internal)

Vulnerable OS: Red Hat Enterprise Linux 8.10


Vulnerable software installed: Azul Systems JRE 11.74.16 (/stxbase/stxapp/java/zulu11.74.16-sa-jdk11.0.24-linux_x64/lib/54c8aa44.internal)",,,,
Vulnerability item,NXP-8298852,8914427,9054144.0,usr8c027,Open,,,07/May/2026 10:59 PM,16/Jun/2026 12:00 AM,8327c832.internal,Azul Zulu: CVE-2009-59816: WebKit Active Code Execution Vulnerability,83eb978a.internal,0,azul-zulu-CVE-2009-70199,"Vulnerable OS: Red Hat Enterprise Linux 8.10


Vulnerable software installed: Azul Systems JRE 1.8.0.422 (/stxbase/stxapp/java/zulu8.80.0.18-sa-jdk8.0.422-linux_x64/jre/lib/rt.jar)

Vulnerable OS: Red Hat Enterprise Linux 8.10


Vulnerable software installed: Azul Systems JRE 17.52.18 (/stxbase/stxapp/java/zulu17.52.18-sa-jdk17.0.12-linux_x64/lib/54c8aa44.internal)

Vulnerable OS: Red Hat Enterprise Linux 8.10


Vulnerable software installed: Azul Systems JRE 11.74.16 (/stxbase/stxapp/java/zulu11.74.16-sa-jdk11.0.24-linux_x64/lib/54c8aa44.internal)",,,,
Vulnerability item,NXP-5599026,3012021,6670239.0,usr8c027,Open,,,07/May/2026 10:59 PM,16/Jun/2026 12:00 AM,b7ebbde9.internal,Azul Zulu: CVE-2009-59816: WebKit Active Code Execution Vulnerability,46d1f7d5.internal,0,azul-zulu-CVE-2009-70199,"Vulnerable OS: Red Hat Enterprise Linux 8.10


Vulnerable software installed: Azul Systems JRE 1.8.0.422 (/stxbase/stxapp/java/zulu8.80.0.18-sa-jdk8.0.422-linux_x64/jre/lib/rt.jar)

Vulnerable OS: Red Hat Enterprise Linux 8.10


Vulnerable software installed: Azul Systems JRE 17.52.18 (/stxbase/stxapp/java/zulu17.52.18-sa-jdk17.0.12-linux_x64/lib/54c8aa44.internal)

Vulnerable OS: Red Hat Enterprise Linux 8.10


Vulnerable software installed: Azul Systems JRE 11.74.16 (/stxbase/stxapp/java/zulu11.74.16-sa-jdk11.0.24-linux_x64/lib/54c8aa44.internal)",,,,
Vulnerability item,NXP-5554524,5538226,4645863.0,usr8c027,Open,,,07/May/2026 10:59 PM,16/Jun/2026 12:00 AM,03d99739.internal,Azul Zulu: CVE-2009-59816: WebKit Active Code Execution Vulnerability,15a41d3d.internal,0,azul-zulu-CVE-2009-70199,"Vulnerable OS: Red Hat Enterprise Linux 8.10


Vulnerable software installed: Azul Systems JRE 1.8.0.422 (/stxbase/stxapp/java/zulu8.80.0.18-sa-jdk8.0.422-linux_x64/jre/lib/rt.jar)

Vulnerable OS: Red Hat Enterprise Linux 8.10


Vulnerable software installed: Azul Systems JRE 17.52.18 (/stxbase/stxapp/java/zulu17.52.18-sa-jdk17.0.12-linux_x64/lib/54c8aa44.internal)

Vulnerable OS: Red Hat Enterprise Linux 8.10


Vulnerable software installed: Azul Systems JRE 11.74.16 (/stxbase/stxapp/java/zulu11.74.16-sa-jdk11.0.24-linux_x64/lib/54c8aa44.internal)",,,,
Vulnerability item,NXP-3058560,6196664,4472904.0,usr8c027,Open,,,07/May/2026 10:59 PM,16/Jun/2026 12:00 AM,4932f083.internal,Azul Zulu: CVE-2009-59816: WebKit Active Code Execution Vulnerability,e51b4fc2.internal,0,azul-zulu-CVE-2009-70199,"Vulnerable OS: Red Hat Enterprise Linux 8.10


Vulnerable software installed: Azul Systems JRE 1.8.0.422 (/stxbase/stxapp/java/zulu8.80.0.18-sa-jdk8.0.422-linux_x64/jre/lib/rt.jar)

Vulnerable OS: Red Hat Enterprise Linux 8.10


Vulnerable software installed: Azul Systems JRE 17.52.18 (/stxbase/stxapp/java/zulu17.52.18-sa-jdk17.0.12-linux_x64/lib/54c8aa44.internal)

Vulnerable OS: Red Hat Enterprise Linux 8.10


Vulnerable software installed: Azul Systems JRE 11.74.16 (/stxbase/stxapp/java/zulu11.74.16-sa-jdk11.0.24-linux_x64/lib/54c8aa44.internal)",,,,
Vulnerability item,NXP-6230149,1813258,752592.0,usr8c027,Open,,,07/May/2026 10:59 PM,16/Jun/2026 12:00 AM,10822b9b.internal,Azul Zulu: CVE-2009-59816: WebKit Active Code Execution Vulnerability,8b1a0637.internal,0,azul-zulu-CVE-2009-70199,"Vulnerable OS: Red Hat Enterprise Linux 8.10


Vulnerable software installed: Azul Systems JRE 1.8.0.422 (/stxbase/stxapp/java/zulu8.80.0.18-sa-jdk8.0.422-linux_x64/jre/lib/rt.jar)

Vulnerable OS: Red Hat Enterprise Linux 8.10


Vulnerable software installed: Azul Systems JRE 17.52.18 (/stxbase/stxapp/java/zulu17.52.18-sa-jdk17.0.12-linux_x64/lib/54c8aa44.internal)

Vulnerable OS: Red Hat Enterprise Linux 8.10


Vulnerable software installed: Azul Systems JRE 11.74.16 (/stxbase/stxapp/java/zulu11.74.16-sa-jdk11.0.24-linux_x64/lib/54c8aa44.internal)",,,,
Vulnerability item,NXP-2852162,1227612,4551593.0,usr8c027,Open,,,07/May/2026 10:59 PM,16/Jun/2026 12:00 AM,0ae9eb2f.internal,Azul Zulu: CVE-2009-59816: WebKit Active Code Execution Vulnerability,68825af5.internal,0,azul-zulu-CVE-2009-70199,"Vulnerable OS: Red Hat Enterprise Linux 8.10


Vulnerable software installed: Azul Systems JRE 1.8.0.422 (/stxbase/stxapp/java/zulu8.80.0.18-sa-jdk8.0.422-linux_x64/jre/lib/rt.jar)

Vulnerable OS: Red Hat Enterprise Linux 8.10


Vulnerable software installed: Azul Systems JRE 17.52.18 (/stxbase/stxapp/java/zulu17.52.18-sa-jdk17.0.12-linux_x64/lib/54c8aa44.internal)

Vulnerable OS: Red Hat Enterprise Linux 8.10


Vulnerable software installed: Azul Systems JRE 11.74.16 (/stxbase/stxapp/java/zulu11.74.16-sa-jdk11.0.24-linux_x64/lib/54c8aa44.internal)",,,,
Vulnerability item,NXP-3579573,8300016,2802890.0,usr8c027,Open,,,07/May/2026 10:59 PM,16/Jun/2026 12:00 AM,8971121c.internal,Azul Zulu: CVE-2009-59816: WebKit Active Code Execution Vulnerability,e240feed.internal,0,azul-zulu-CVE-2009-70199,"Vulnerable OS: Red Hat Enterprise Linux 8.10


Vulnerable software installed: Azul Systems JRE 1.8.0.422 (/stxbase/stxapp/java/zulu8.80.0.18-sa-jdk8.0.422-linux_x64/jre/lib/rt.jar)

Vulnerable OS: Red Hat Enterprise Linux 8.10


Vulnerable software installed: Azul Systems JRE 17.52.18 (/stxbase/stxapp/java/zulu17.52.18-sa-jdk17.0.12-linux_x64/lib/54c8aa44.internal)

Vulnerable OS: Red Hat Enterprise Linux 8.10


Vulnerable software installed: Azul Systems JRE 11.74.16 (/stxbase/stxapp/java/zulu11.74.16-sa-jdk11.0.24-linux_x64/lib/54c8aa44.internal)",,,,
Vulnerability item,NXP-8253806,6300897,8324189.0,usr8c027,Open,,,07/May/2026 10:59 PM,16/Jun/2026 12:00 AM,7e3aaad1.internal,Azul Zulu: CVE-2009-59816: WebKit Active Code Execution Vulnerability,f5bf7d7d.internal,0,azul-zulu-CVE-2009-70199,"Vulnerable OS: Red Hat Enterprise Linux 8.10


Vulnerable software installed: Azul Systems JRE 1.8.0.422 (/stxbase/stxapp/java/zulu8.80.0.18-sa-jdk8.0.422-linux_x64/jre/lib/rt.jar)

Vulnerable OS: Red Hat Enterprise Linux 8.10


Vulnerable software installed: Azul Systems JRE 17.52.18 (/stxbase/stxapp/java/zulu17.52.18-sa-jdk17.0.12-linux_x64/lib/54c8aa44.internal)

Vulnerable OS: Red Hat Enterprise Linux 8.10


Vulnerable software installed: Azul Systems JRE 11.74.16 (/stxbase/stxapp/java/zulu11.74.16-sa-jdk11.0.24-linux_x64/lib/54c8aa44.internal)",,,,
Vulnerability item,NXP-6913225,5139865,3977256.0,usr8c027,Open,,,07/May/2026 10:59 PM,16/Jun/2026 12:00 AM,8d1a179e.internal,Azul Zulu: CVE-2009-59816: WebKit Active Code Execution Vulnerability,2e2d20fb.internal,0,azul-zulu-CVE-2009-70199,"Vulnerable OS: Red Hat Enterprise Linux 8.10


Vulnerable software installed: Azul Systems JRE 1.8.0.422 (/stxbase/stxapp/java/zulu8.80.0.18-sa-jdk8.0.422-linux_x64/jre/lib/rt.jar)

Vulnerable OS: Red Hat Enterprise Linux 8.10


Vulnerable software installed: Azul Systems JRE 17.52.18 (/stxbase/stxapp/java/zulu17.52.18-sa-jdk17.0.12-linux_x64/lib/54c8aa44.internal)

Vulnerable OS: Red Hat Enterprise Linux 8.10


Vulnerable software installed: Azul Systems JRE 11.74.16 (/stxbase/stxapp/java/zulu11.74.16-sa-jdk11.0.24-linux_x64/lib/54c8aa44.internal)",,,,
Vulnerability item,NXP-664305,8288142,4848006.0,usr8c027,Open,,,07/May/2026 11:00 PM,16/Jun/2026 12:00 AM,1c210650.internal,Azul Zulu: CVE-2009-59816: WebKit Active Code Execution Vulnerability,27b9aaa8.internal,0,azul-zulu-CVE-2009-70199,"Vulnerable OS: Red Hat Enterprise Linux 8.10


Vulnerable software installed: Azul Systems JRE 1.8.0.422 (/stxbase/stxapp/java/zulu8.80.0.18-sa-jdk8.0.422-linux_x64/jre/lib/rt.jar)

Vulnerable OS: Red Hat Enterprise Linux 8.10


Vulnerable software installed: Azul Systems JRE 17.52.18 (/stxbase/stxapp/java/zulu17.52.18-sa-jdk17.0.12-linux_x64/lib/54c8aa44.internal)

Vulnerable OS: Red Hat Enterprise Linux 8.10


Vulnerable software installed: Azul Systems JRE 11.74.16 (/stxbase/stxapp/java/zulu11.74.16-sa-jdk11.0.24-linux_x64/lib/54c8aa44.internal)",,,,
Vulnerability item,NXP-2595770,2182035,7210315.0,usr8c027,Open,,,07/May/2026 11:00 PM,16/Jun/2026 12:00 AM,1cf15d07.internal,Azul Zulu: CVE-2009-59816: WebKit Active Code Execution Vulnerability,38a3a951.internal,0,azul-zulu-CVE-2009-70199,"Vulnerable OS: Red Hat Enterprise Linux 8.10


Vulnerable software installed: Azul Systems JRE 1.8.0.422 (/stxbase/stxapp/java/zulu8.80.0.18-sa-jdk8.0.422-linux_x64/jre/lib/rt.jar)

Vulnerable OS: Red Hat Enterprise Linux 8.10


Vulnerable software installed: Azul Systems JRE 17.52.18 (/stxbase/stxapp/java/zulu17.52.18-sa-jdk17.0.12-linux_x64/lib/54c8aa44.internal)

Vulnerable OS: Red Hat Enterprise Linux 8.10


Vulnerable software installed: Azul Systems JRE 11.74.16 (/stxbase/stxapp/java/zulu11.74.16-sa-jdk11.0.24-linux_x64/lib/54c8aa44.internal)",,,,
Vulnerability item,NXP-2613141,8149951,2887743.0,usr8c027,Open,,,07/May/2026 11:00 PM,16/Jun/2026 12:00 AM,2a81944f.internal,Azul Zulu: CVE-2009-59816: WebKit Active Code Execution Vulnerability,ddf3dc58.internal,0,azul-zulu-CVE-2009-70199,"Vulnerable OS: Red Hat Enterprise Linux 8.10


Vulnerable software installed: Azul Systems JRE 1.8.0.422 (/stxbase/stxapp/java/zulu8.80.0.18-sa-jdk8.0.422-linux_x64/jre/lib/rt.jar)

Vulnerable OS: Red Hat Enterprise Linux 8.10


Vulnerable software installed: Azul Systems JRE 17.52.18 (/stxbase/stxapp/java/zulu17.52.18-sa-jdk17.0.12-linux_x64/lib/54c8aa44.internal)

Vulnerable OS: Red Hat Enterprise Linux 8.10


Vulnerable software installed: Azul Systems JRE 11.74.16 (/stxbase/stxapp/java/zulu11.74.16-sa-jdk11.0.24-linux_x64/lib/54c8aa44.internal)",,,,
Vulnerability item,NXP-7556332,823989,5815618.0,usr8c027,Open,,,07/May/2026 11:00 PM,16/Jun/2026 12:00 AM,45bbe294.internal,Azul Zulu: CVE-2009-59816: WebKit Active Code Execution Vulnerability,56ab3972.internal,0,azul-zulu-CVE-2009-70199,"Vulnerable OS: Red Hat Enterprise Linux 8.10


Vulnerable software installed: Azul Systems JRE 1.8.0.422 (/stxbase/stxapp/java/zulu8.80.0.18-sa-jdk8.0.422-linux_x64/jre/lib/rt.jar)

Vulnerable OS: Red Hat Enterprise Linux 8.10


Vulnerable software installed: Azul Systems JRE 17.52.18 (/stxbase/stxapp/java/zulu17.52.18-sa-jdk17.0.12-linux_x64/lib/54c8aa44.internal)

Vulnerable OS: Red Hat Enterprise Linux 8.10


Vulnerable software installed: Azul Systems JRE 11.74.16 (/stxbase/stxapp/java/zulu11.74.16-sa-jdk11.0.24-linux_x64/lib/54c8aa44.internal)",,,,
Vulnerability item,NXP-3501349,7896201,3189119.0,usr8c027,Open,,,07/May/2026 11:00 PM,16/Jun/2026 12:00 AM,3de462f3.internal,Azul Zulu: CVE-2009-59816: WebKit Active Code Execution Vulnerability,c5436286.internal,0,azul-zulu-CVE-2009-70199,"Vulnerable OS: Red Hat Enterprise Linux 8.10


Vulnerable software installed: Azul Systems JRE 1.8.0.422 (/stxbase/stxapp/java/zulu8.80.0.18-sa-jdk8.0.422-linux_x64/jre/lib/rt.jar)

Vulnerable OS: Red Hat Enterprise Linux 8.10


Vulnerable software installed: Azul Systems JRE 17.52.18 (/stxbase/stxapp/java/zulu17.52.18-sa-jdk17.0.12-linux_x64/lib/54c8aa44.internal)

Vulnerable OS: Red Hat Enterprise Linux 8.10


Vulnerable software installed: Azul Systems JRE 11.74.16 (/stxbase/stxapp/java/zulu11.74.16-sa-jdk11.0.24-linux_x64/lib/54c8aa44.internal)

Vulnerable OS: Red Hat Enterprise Linux 8.10


Vulnerable software installed: Azul Systems JRE 11.58.16 (/stxbase/stxapp/java/zulu11.58.16-sa-jdk11.0.16-linux_x64_del/lib/54c8aa44.internal)",,,,
Vulnerability item,NXP-2980054,3298283,2411944.0,usr8c027,Open,,,07/May/2026 11:00 PM,16/Jun/2026 12:00 AM,0163b8ce.internal,Azul Zulu: CVE-2009-59816: WebKit Active Code Execution Vulnerability,cb3441c5.internal,0,azul-zulu-CVE-2009-70199,"Vulnerable OS: Red Hat Enterprise Linux 8.10


Vulnerable software installed: Azul Systems JRE 1.8.0.422 (/stxbase/stxapp/java/zulu8.80.0.18-sa-jdk8.0.422-linux_x64/jre/lib/rt.jar)

Vulnerable OS: Red Hat Enterprise Linux 8.10


Vulnerable software installed: Azul Systems JRE 17.52.18 (/stxbase/stxapp/java/zulu17.52.18-sa-jdk17.0.12-linux_x64/lib/54c8aa44.internal)

Vulnerable OS: Red Hat Enterprise Linux 8.10


Vulnerable software installed: Azul Systems JRE 11.74.16 (/stxbase/stxapp/java/zulu11.74.16-sa-jdk11.0.24-linux_x64/lib/54c8aa44.internal)

Vulnerable OS: Red Hat Enterprise Linux 8.10


Vulnerable software installed: Azul Systems JRE 11.58.16 (/stxbase/stxapp/java/zulu11.58.16-sa-jdk11.0.16-linux_x64_del/lib/54c8aa44.internal)",,,,
Vulnerability item,NXP-8063112,8215742,7385166.0,usr8c027,Risk Covered,,Resolved,07/May/2026 11:01 PM,14/Feb/2026 12:00 AM,e150d825.internal,Apache Log4j Obsolete Version,787e225b.internal,0,apache-log4j-obsolete-version,"Vulnerable software installed: Apache Log4j 1.2.17 (/stxbase/temp/zeppelin-0.8.2-bin-all/interpreter/scio/log4j-1.2.17.jar)

Vulnerable software installed: Apache Log4j 1.2.17 (/stxbase/temp/zeppelin-0.8.2-bin-all/interpreter/md/log4j-1.2.17.jar)

Vulnerable software installed: Apache Log4j 1.2.17 (/stxbase/temp/zeppelin-0.8.2-bin-all/interpreter/livy/log4j-1.2.17.jar)

Vulnerable software installed: Apache Log4j 1.2.17 (/stxbase/temp/zeppelin-0.8.2-bin-all/interpreter/lens/log4j-1.2.17.jar)

Vulnerable software installed: Apache Log4j 1.2.17 (/stxbase/temp/zeppelin-0.8.2-bin-all/interpreter/hbase/log4j-1.2.17.jar)

Vulnerable software installed: Apache Log4j 1.2.17 (/stxbase/temp/zeppelin-0.8.2-bin-all/interpreter/groovy/log4j-1.2.17.jar)

Vulnerable software installed: Apache Log4j 1.2.17 (/stxbase/temp/zeppelin-0.8.2-bin-all/interpreter/sh/log4j-1.2.17.jar)

Vulnerable software installed: Apache Log4j 1.2.17 (/stxbase/temp/zeppelin-0.8.2-bin-all/interpreter/jdbc/log4j-1.2.17.jar)

Vulnerable software installed: Apache Log4j 1.2.17 (/stxbase/temp/zeppelin-0.8.2-bin-all/interpreter/ignite/log4j-1.2.17.jar)

Vulnerable software installed: Apache Log4j 1.2.17 (/stxbase/temp/zeppelin-0.8.2-bin-all/interpreter/flink/log4j-1.2.17.jar)

Vulnerable software installed: Apache Log4j 1.2.17 (/stxbase/temp/zeppelin-0.8.2-bin-all/interpreter/bigquery/log4j-1.2.17.jar)

Vulnerable software installed: Apache Log4j 1.2.17 (/stxbase/temp/zeppelin-0.8.2-bin-all/interpreter/angular/log4j-1.2.17.jar)

Vulnerable software installed: Apache Log4j 1.2.17 (/stxbase/temp/zeppelin-0.8.2-bin-all/interpreter/sap/log4j-1.2.17.jar)

Vulnerable software installed: Apache Log4j 1.2.17 (/stxbase/temp/zeppelin-0.8.2-bin-all/interpreter/python/log4j-1.2.17.jar)

Vulnerable software installed: Apache Log4j 1.2.17 (/stxbase/temp/zeppelin-0.8.2-bin-all/interpreter/file/log4j-1.2.17.jar)

Vulnerable software installed: Apache Log4j 1.2.17 (/stxbase/temp/zeppelin-0.8.2-bin-all/interpreter/alluxio/log4j-1.2.17.jar)

Vulnerable software installed: Apache Log4j 1.2.17 (/stxbase/temp/zeppelin-0.8.2-bin-all/interpreter/pig/log4j-1.2.17.jar)

Vulnerable software installed: Apache Log4j 1.2.17 (/stxbase/temp/zeppelin-0.8.2-bin-all/interpreter/neo4j/log4j-1.2.17.jar)",,,,
Vulnerability item,NXP-6642129,6419267,7385166.0,usr8c027,Open,,,07/May/2026 11:01 PM,16/Jun/2026 12:00 AM,e150d825.internal,Azul Zulu: CVE-2009-59816: WebKit Active Code Execution Vulnerability,787e225b.internal,0,azul-zulu-CVE-2009-70199,"Vulnerable OS: Red Hat Enterprise Linux 7.9


Vulnerable software installed: Azul Systems JRE 17.52.18 (/stxbase/stxapp/java/zulu17.52.18-sa-jdk17.0.12-linux_x64/lib/54c8aa44.internal)

Vulnerable OS: Red Hat Enterprise Linux 7.9


Vulnerable software installed: Azul Systems JRE 11.74.16 (/stxbase/stxapp/java/zulu11.74.16-sa-jdk11.0.24-linux_x64/lib/54c8aa44.internal)

Vulnerable OS: Red Hat Enterprise Linux 7.9


Vulnerable software installed: Azul Systems JRE 1.8.0.422 (/stxbase/stxapp/java/zulu8.80.0.18-sa-jdk8.0.422-linux_x64/jre/lib/rt.jar)",,,,
Vulnerability item,NXP-5279415,2201228,3622211.0,usr8c027,Open,,,07/May/2026 11:01 PM,16/Jun/2026 12:00 AM,65ff4d7c.internal,Azul Zulu: CVE-2009-59816: WebKit Active Code Execution Vulnerability,c6cc3291.internal,0,azul-zulu-CVE-2009-70199,"Vulnerable OS: Red Hat Enterprise Linux 8.10


Vulnerable software installed: Azul Systems JRE 1.8.0.422 (/stxbase/stxapp/java/zulu8.80.0.18-sa-jdk8.0.422-linux_x64/jre/lib/rt.jar)

Vulnerable OS: Red Hat Enterprise Linux 8.10


Vulnerable software installed: Azul Systems JRE 17.52.18 (/stxbase/stxapp/java/zulu17.52.18-sa-jdk17.0.12-linux_x64/lib/54c8aa44.internal)

Vulnerable OS: Red Hat Enterprise Linux 8.10


Vulnerable software installed: Azul Systems JRE 11.74.16 (/stxbase/stxapp/java/zulu11.74.16-sa-jdk11.0.24-linux_x64/lib/54c8aa44.internal)

Vulnerable OS: Red Hat Enterprise Linux 8.10


Vulnerable software installed: Azul Systems JRE 1.8.0.312 (/usr/local/java/zulu8.58.0.14-sa-jdk8.0.312-linux_x64/jre/lib/rt.jar)

Vulnerable OS: Red Hat Enterprise Linux 8.10


Vulnerable software installed: Azul Systems JRE 11.58.16 (/stxbase/stxapp/java/zulu11.58.16-sa-jdk11.0.16-linux_x64_del/lib/54c8aa44.internal)

Vulnerable OS: Red Hat Enterprise Linux 8.10


Vulnerable software installed: Azul Systems JRE 17.52.18 (/stxbase/stxapp/java/zulu17.52.18-sa-jdk17.0.12-linux_x64_del/lib/54c8aa44.internal)

Vulnerable OS: Red Hat Enterprise Linux 8.10


Vulnerable software installed: Azul Systems JRE 11.74.16 (/stxbase/stxapp/java/zulu11.74.16-sa-jdk11.0.24-linux_x64_del/lib/54c8aa44.internal)

Vulnerable OS: Red Hat Enterprise Linux 8.10


Vulnerable software installed: Azul Systems JRE 1.8.0.422 (/stxbase/stxapp/java/zulu8.80.0.18-sa-jdk8.0.422-linux_x64_del/jre/lib/rt.jar)",,,,
Vulnerability item,NXP-173828,1412523,2609841.0,usr8c027,Open,,,07/May/2026 11:01 PM,16/Jun/2026 12:00 AM,eab972bf.internal,Azul Zulu: CVE-2009-59816: WebKit Active Code Execution Vulnerability,af109d0f.internal,0,azul-zulu-CVE-2009-70199,"Vulnerable OS: Red Hat Enterprise Linux 8.10


Vulnerable software installed: Azul Systems JRE 1.8.0.422 (/stxbase/stxapp/java/zulu8.80.0.18-sa-jdk8.0.422-linux_x64/jre/lib/rt.jar)

Vulnerable OS: Red Hat Enterprise Linux 8.10


Vulnerable software installed: Azul Systems JRE 17.52.18 (/stxbase/stxapp/java/zulu17.52.18-sa-jdk17.0.12-linux_x64/lib/54c8aa44.internal)

Vulnerable OS: Red Hat Enterprise Linux 8.10


Vulnerable software installed: Azul Systems JRE 11.74.16 (/stxbase/stxapp/java/zulu11.74.16-sa-jdk11.0.24-linux_x64/lib/54c8aa44.internal)

Vulnerable OS: Red Hat Enterprise Linux 8.10


Vulnerable software installed: Azul Systems JRE 1.8.0.312 (/usr/local/java/zulu8.58.0.14-sa-jdk8.0.312-linux_x64/jre/lib/rt.jar)",,,,
Vulnerability item,NXP-8492491,6102484,8895770.0,usr8c027,Open,,,07/May/2026 11:01 PM,16/Jun/2026 12:00 AM,c24af9e1.internal,Azul Zulu: CVE-2009-59816: WebKit Active Code Execution Vulnerability,da1a85fa.internal,0,azul-zulu-CVE-2009-70199,"Vulnerable OS: Red Hat Enterprise Linux 8.10


Vulnerable software installed: Azul Systems JRE 1.8.0.422 (/stxbase/stxapp/java/zulu8.80.0.18-sa-jdk8.0.422-linux_x64/jre/lib/rt.jar)

Vulnerable OS: Red Hat Enterprise Linux 8.10


Vulnerable software installed: Azul Systems JRE 17.52.18 (/stxbase/stxapp/java/zulu17.52.18-sa-jdk17.0.12-linux_x64/lib/54c8aa44.internal)

Vulnerable OS: Red Hat Enterprise Linux 8.10


Vulnerable software installed: Azul Systems JRE 11.74.16 (/stxbase/stxapp/java/zulu11.74.16-sa-jdk11.0.24-linux_x64/lib/54c8aa44.internal)",,,,
Vulnerability item,NXP-2347459,8304729,5543540.0,usr8c027,Risk Covered,,Resolved,07/May/2026 11:01 PM,14/Feb/2026 12:00 AM,5ede507a.internal,Apache Log4j Obsolete Version,8500f002.internal,0,apache-log4j-obsolete-version,"Vulnerable software installed: Apache Log4j 1.2.17 (/stxbase/stxapp/tomcat/apache-tomcat-9.0.65/webapps/mondrian-t7-eurex-volume/WEB-INF/lib/log4j-1.2.17.jar)

Vulnerable software installed: Apache Log4j 1.2.17 (/stxbase/stxapp/tomcat/apache-tomcat-9.0.65/webapps/mondrian-example/WEB-INF/lib/log4j-1.2.17.jar)

Vulnerable software installed: Apache Log4j 1.2.17 (/stxbase/stxapp/tomcat/apache-tomcat-9.0.65/webapps/mondrian-eurex-mmpm/WEB-INF/lib/log4j-1.2.17.jar)

Vulnerable software installed: Apache Log4j 1.2.17 (/stxbase/stxapp/tomcat/apache-tomcat-9.0.65/webapps/mondrian-eurex-mmpm-orcl/WEB-INF/lib/log4j-1.2.17.jar)

Vulnerable software installed: Apache Log4j 1.2.17 (/stxbase/stxapp/tomcat/apache-tomcat-9.0.65/webapps/mondrian-eurex-fx-mmpm-orcl/WEB-INF/lib/log4j-1.2.17.jar)

Vulnerable software installed: Apache Log4j 1.2.17 (/stxbase/stxapp/tomcat/apache-tomcat-9.0.65/webapps/mondrian-eex-mmpm/WEB-INF/lib/log4j-1.2.17.jar)

Vulnerable software installed: Apache Log4j 1.2.17 (/stxbase/stxapp/tomcat/apache-tomcat-9.0.106/webapps/mondrian-t7-eurex-volume/WEB-INF/lib/log4j-1.2.17.jar)

Vulnerable software installed: Apache Log4j 1.2.17 (/stxbase/stxapp/tomcat/apache-tomcat-9.0.106/webapps/mondrian-example/WEB-INF/lib/log4j-1.2.17.jar)

Vulnerable software installed: Apache Log4j 1.2.17 (/stxbase/stxapp/tomcat/apache-tomcat-9.0.106/webapps/mondrian-eurex-mmpm/WEB-INF/lib/log4j-1.2.17.jar)

Vulnerable software installed: Apache Log4j 1.2.17 (/stxbase/stxapp/tomcat/apache-tomcat-9.0.106/webapps/mondrian-eurex-mmpm-orcl/WEB-INF/lib/log4j-1.2.17.jar)

Vulnerable software installed: Apache Log4j 1.2.17 (/stxbase/stxapp/tomcat/apache-tomcat-9.0.106/webapps/mondrian-eurex-fx-mmpm-orcl/WEB-INF/lib/log4j-1.2.17.jar)

Vulnerable software installed: Apache Log4j 1.2.17 (/stxbase/stxapp/tomcat/apache-tomcat-9.0.106/webapps/mondrian-eex-mmpm/WEB-INF/lib/log4j-1.2.17.jar)",,,,
Vulnerability item,NXP-6779522,1219401,5543540.0,usr8c027,Open,,,07/May/2026 11:01 PM,16/Jun/2026 12:00 AM,5ede507a.internal,Azul Zulu: CVE-2009-59816: WebKit Active Code Execution Vulnerability,8500f002.internal,0,azul-zulu-CVE-2009-70199,"Vulnerable OS: Red Hat Enterprise Linux 8.10


Vulnerable software installed: Azul Systems JRE 1.8.0.422 (/stxbase/stxapp/java/zulu8.80.0.18-sa-jdk8.0.422-linux_x64/jre/lib/rt.jar)

Vulnerable OS: Red Hat Enterprise Linux 8.10


Vulnerable software installed: Azul Systems JRE 17.52.18 (/stxbase/stxapp/java/zulu17.52.18-sa-jdk17.0.12-linux_x64/lib/54c8aa44.internal)

Vulnerable OS: Red Hat Enterprise Linux 8.10


Vulnerable software installed: Azul Systems JRE 11.74.16 (/stxbase/stxapp/java/zulu11.74.16-sa-jdk11.0.24-linux_x64/lib/54c8aa44.internal)",,,,
Vulnerability item,NXP-2206432,763338,4108851.0,usr8c027,Open,,,07/May/2026 11:01 PM,16/Jun/2026 12:00 AM,fb634813.internal,Azul Zulu: CVE-2009-59816: WebKit Active Code Execution Vulnerability,94d2247b.internal,0,azul-zulu-CVE-2009-70199,"Vulnerable OS: Red Hat Enterprise Linux 7.9


Vulnerable software installed: Azul Systems JRE 17.52.18 (/stxbase/stxapp/java/zulu17.52.18-sa-jdk17.0.12-linux_x64/lib/54c8aa44.internal)

Vulnerable OS: Red Hat Enterprise Linux 7.9


Vulnerable software installed: Azul Systems JRE 11.74.16 (/stxbase/stxapp/java/zulu11.74.16-sa-jdk11.0.24-linux_x64/lib/54c8aa44.internal)

Vulnerable OS: Red Hat Enterprise Linux 7.9


Vulnerable software installed: Azul Systems JRE 1.8.0.422 (/stxbase/stxapp/java/zulu8.80.0.18-sa-jdk8.0.422-linux_x64/jre/lib/rt.jar)",,,,
Vulnerability item,NXP-3725915,3138369,5859594.0,usr8c027,Open,,,07/May/2026 11:01 PM,16/Jun/2026 12:00 AM,45e6eddd.internal,Azul Zulu: CVE-2009-59816: WebKit Active Code Execution Vulnerability,dfec0f87.internal,0,azul-zulu-CVE-2009-70199,"Vulnerable OS: Red Hat Enterprise Linux 8.10


Vulnerable software installed: Azul Systems JRE 1.8.0.422 (/stxbase/stxapp/java/zulu8.80.0.18-sa-jdk8.0.422-linux_x64/jre/lib/rt.jar)

Vulnerable OS: Red Hat Enterprise Linux 8.10


Vulnerable software installed: Azul Systems JRE 17.52.18 (/stxbase/stxapp/java/zulu17.52.18-sa-jdk17.0.12-linux_x64/lib/54c8aa44.internal)

Vulnerable OS: Red Hat Enterprise Linux 8.10


Vulnerable software installed: Azul Systems JRE 11.74.16 (/stxbase/stxapp/java/zulu11.74.16-sa-jdk11.0.24-linux_x64/lib/54c8aa44.internal)",,,,
Vulnerability item,NXP-7586367,3084297,2654617.0,usr8c027,Open,,,07/May/2026 11:01 PM,16/Jun/2026 12:00 AM,f7736c89.internal,Azul Zulu: CVE-2009-59816: WebKit Active Code Execution Vulnerability,4789482b.internal,0,azul-zulu-CVE-2009-70199,"Vulnerable OS: Red Hat Enterprise Linux 8.10


Vulnerable software installed: Azul Systems JRE 1.8.0.422 (/stxbase/stxapp/java/zulu8.80.0.18-sa-jdk8.0.422-linux_x64/jre/lib/rt.jar)

Vulnerable OS: Red Hat Enterprise Linux 8.10


Vulnerable software installed: Azul Systems JRE 17.52.18 (/stxbase/stxapp/java/zulu17.52.18-sa-jdk17.0.12-linux_x64/lib/54c8aa44.internal)

Vulnerable OS: Red Hat Enterprise Linux 8.10


Vulnerable software installed: Azul Systems JRE 11.74.16 (/stxbase/stxapp/java/zulu11.74.16-sa-jdk11.0.24-linux_x64/lib/54c8aa44.internal)",,,,
Vulnerability item,NXP-5235846,6709681,7994284.0,usr8c027,Open,,,07/May/2026 11:01 PM,16/Jun/2026 12:00 AM,b359ea09.internal,Azul Zulu: CVE-2009-59816: WebKit Active Code Execution Vulnerability,2b1ef093.internal,0,azul-zulu-CVE-2009-70199,"Vulnerable OS: Red Hat Enterprise Linux 8.10


Vulnerable software installed: Azul Systems JRE 1.8.0.422 (/stxbase/stxapp/java/zulu8.80.0.18-sa-jdk8.0.422-linux_x64/jre/lib/rt.jar)

Vulnerable OS: Red Hat Enterprise Linux 8.10


Vulnerable software installed: Azul Systems JRE 17.52.18 (/stxbase/stxapp/java/zulu17.52.18-sa-jdk17.0.12-linux_x64/lib/54c8aa44.internal)

Vulnerable OS: Red Hat Enterprise Linux 8.10


Vulnerable software installed: Azul Systems JRE 11.74.16 (/stxbase/stxapp/java/zulu11.74.16-sa-jdk11.0.24-linux_x64/lib/54c8aa44.internal)",,,,
Vulnerability item,NXP-5114383,6534785,4261782.0,usr8c027,Open,,,07/May/2026 11:01 PM,16/Jun/2026 12:00 AM,86f7750f.internal,Azul Zulu: CVE-2009-59816: WebKit Active Code Execution Vulnerability,e24234de.internal,0,azul-zulu-CVE-2009-70199,"Vulnerable OS: Red Hat Enterprise Linux 8.10


Vulnerable software installed: Azul Systems JRE 1.8.0.422 (/stxbase/stxapp/java/zulu8.80.0.18-sa-jdk8.0.422-linux_x64/jre/lib/rt.jar)

Vulnerable OS: Red Hat Enterprise Linux 8.10


Vulnerable software installed: Azul Systems JRE 17.52.18 (/stxbase/stxapp/java/zulu17.52.18-sa-jdk17.0.12-linux_x64/lib/54c8aa44.internal)

Vulnerable OS: Red Hat Enterprise Linux 8.10


Vulnerable software installed: Azul Systems JRE 11.74.16 (/stxbase/stxapp/java/zulu11.74.16-sa-jdk11.0.24-linux_x64/lib/54c8aa44.internal)",,,,
Vulnerability item,NXP-4867730,6700708,8227960.0,usr8c027,Open,,,07/May/2026 11:01 PM,16/Jun/2026 12:00 AM,264fa94d.internal,Azul Zulu: CVE-2009-59816: WebKit Active Code Execution Vulnerability,b3e72f7c.internal,0,azul-zulu-CVE-2009-70199,"Vulnerable OS: Red Hat Enterprise Linux 8.10


Vulnerable software installed: Azul Systems JRE 1.8.0.422 (/stxbase/stxapp/java/zulu8.80.0.18-sa-jdk8.0.422-linux_x64/jre/lib/rt.jar)

Vulnerable OS: Red Hat Enterprise Linux 8.10


Vulnerable software installed: Azul Systems JRE 17.52.18 (/stxbase/stxapp/java/zulu17.52.18-sa-jdk17.0.12-linux_x64/lib/54c8aa44.internal)

Vulnerable OS: Red Hat Enterprise Linux 8.10


Vulnerable software installed: Azul Systems JRE 11.74.16 (/stxbase/stxapp/java/zulu11.74.16-sa-jdk11.0.24-linux_x64/lib/54c8aa44.internal)",,,,
Vulnerability item,NXP-6865539,5597972,2015558.0,usr8c027,Open,,,07/May/2026 11:01 PM,16/Jun/2026 12:00 AM,59c501f2.internal,Azul Zulu: CVE-2009-59816: WebKit Active Code Execution Vulnerability,9c9cf162.internal,0,azul-zulu-CVE-2009-70199,"Vulnerable OS: Red Hat Enterprise Linux 8.10


Vulnerable software installed: Azul Systems JRE 1.8.0.422 (/stxbase/stxapp/java/zulu8.80.0.18-sa-jdk8.0.422-linux_x64/jre/lib/rt.jar)

Vulnerable OS: Red Hat Enterprise Linux 8.10


Vulnerable software installed: Azul Systems JRE 17.52.18 (/stxbase/stxapp/java/zulu17.52.18-sa-jdk17.0.12-linux_x64/lib/54c8aa44.internal)

Vulnerable OS: Red Hat Enterprise Linux 8.10


Vulnerable software installed: Azul Systems JRE 11.74.16 (/stxbase/stxapp/java/zulu11.74.16-sa-jdk11.0.24-linux_x64/lib/54c8aa44.internal)",,,,
Vulnerability item,NXP-5258598,6318407,1879801.0,usr8c027,Open,,,07/May/2026 11:01 PM,16/Jun/2026 12:00 AM,c1995f7f.internal,Azul Zulu: CVE-2009-59816: WebKit Active Code Execution Vulnerability,f54411dc.internal,0,azul-zulu-CVE-2009-70199,"Vulnerable OS: Red Hat Enterprise Linux 8.10


Vulnerable software installed: Azul Systems JRE 1.8.0.422 (/stxbase/stxapp/java/zulu8.80.0.18-sa-jdk8.0.422-linux_x64/jre/lib/rt.jar)

Vulnerable OS: Red Hat Enterprise Linux 8.10


Vulnerable software installed: Azul Systems JRE 17.52.18 (/stxbase/stxapp/java/zulu17.52.18-sa-jdk17.0.12-linux_x64/lib/54c8aa44.internal)

Vulnerable OS: Red Hat Enterprise Linux 8.10


Vulnerable software installed: Azul Systems JRE 11.74.16 (/stxbase/stxapp/java/zulu11.74.16-sa-jdk11.0.24-linux_x64/lib/54c8aa44.internal)",,,,
Vulnerability item,NXP-1909903,1522818,5932284.0,usr8c027,Open,,,07/May/2026 11:01 PM,16/Jun/2026 12:00 AM,554ca5f5.internal,Azul Zulu: CVE-2009-59816: WebKit Active Code Execution Vulnerability,578c4fbc.internal,0,azul-zulu-CVE-2009-70199,"Vulnerable OS: Red Hat Enterprise Linux 8.10


Vulnerable software installed: Azul Systems JRE 1.8.0.422 (/stxbase/stxapp/java/zulu8.80.0.18-sa-jdk8.0.422-linux_x64/jre/lib/rt.jar)

Vulnerable OS: Red Hat Enterprise Linux 8.10


Vulnerable software installed: Azul Systems JRE 17.52.18 (/stxbase/stxapp/java/zulu17.52.18-sa-jdk17.0.12-linux_x64/lib/54c8aa44.internal)

Vulnerable OS: Red Hat Enterprise Linux 8.10


Vulnerable software installed: Azul Systems JRE 11.74.16 (/stxbase/stxapp/java/zulu11.74.16-sa-jdk11.0.24-linux_x64/lib/54c8aa44.internal)",,,,
Vulnerability item,NXP-6926952,3356143,8866596.0,usr8c027,Open,,,07/May/2026 11:01 PM,16/Jun/2026 12:00 AM,be2044a0.internal,Azul Zulu: CVE-2009-59816: WebKit Active Code Execution Vulnerability,9f6c7eea.internal,0,azul-zulu-CVE-2009-70199,"Vulnerable OS: Red Hat Enterprise Linux 8.10


Vulnerable software installed: Azul Systems JRE 1.8.0.422 (/stxbase/stxapp/java/zulu8.80.0.18-sa-jdk8.0.422-linux_x64/jre/lib/rt.jar)

Vulnerable OS: Red Hat Enterprise Linux 8.10


Vulnerable software installed: Azul Systems JRE 17.52.18 (/stxbase/stxapp/java/zulu17.52.18-sa-jdk17.0.12-linux_x64/lib/54c8aa44.internal)

Vulnerable OS: Red Hat Enterprise Linux 8.10


Vulnerable software installed: Azul Systems JRE 11.74.16 (/stxbase/stxapp/java/zulu11.74.16-sa-jdk11.0.24-linux_x64/lib/54c8aa44.internal)",,,,
Vulnerability item,NXP-2678941,1226365,8317134.0,usr8c027,Open,,,07/May/2026 11:01 PM,16/Jun/2026 12:00 AM,50903788.internal,Azul Zulu: CVE-2009-59816: WebKit Active Code Execution Vulnerability,aef34021.internal,0,azul-zulu-CVE-2009-70199,"Vulnerable OS: Red Hat Enterprise Linux 8.10


Vulnerable software installed: Azul Systems JRE 1.8.0.422 (/stxbase/stxapp/java/zulu8.80.0.18-sa-jdk8.0.422-linux_x64/jre/lib/rt.jar)

Vulnerable OS: Red Hat Enterprise Linux 8.10


Vulnerable software installed: Azul Systems JRE 17.52.18 (/stxbase/stxapp/java/zulu17.52.18-sa-jdk17.0.12-linux_x64/lib/54c8aa44.internal)

Vulnerable OS: Red Hat Enterprise Linux 8.10


Vulnerable software installed: Azul Systems JRE 11.74.16 (/stxbase/stxapp/java/zulu11.74.16-sa-jdk11.0.24-linux_x64/lib/54c8aa44.internal)",,,,
Vulnerability item,NXP-6654601,235222,2840900.0,usr8c027,Risk Covered,,Resolved,07/May/2026 11:01 PM,14/Feb/2026 12:00 AM,33e44793.internal,Apache Log4j Obsolete Version,554f387d.internal,0,apache-log4j-obsolete-version,"Vulnerable software installed: Apache Log4j 1.2.17 (/stxbase/stxapp/python_libs/pyspark/jars/log4j-1.2.17.jar)

Vulnerable software installed: Apache Log4j 1.2.17 (/stxbase/stxapp/cloudera/var/lib/zeppelin_stable/local-repo/spark/log4j-1.2.17.jar)

Vulnerable software installed: Apache Log4j 1.2.17 (/stxbase/stxapp/cloudera/var/lib/zeppelin_stable/local-repo/log4j/log4j/1.2.17/log4j-1.2.17.jar)

Vulnerable software installed: Apache Log4j 1.2.17 (/stxbase/stxapp/cloudera/var/lib/zeppelin_sandbox/local-repo/log4j/log4j/1.2.17/log4j-1.2.17.jar)

Vulnerable software installed: Apache Log4j 1.2.17 (/stxbase/stxapp/cloudera/parcels/CDH-7.1.9-1.cdh7.1.9.p9.52289703/lib/zeppelin/interpreter/python/log4j-1.2.17.jar)

Vulnerable software installed: Apache Log4j 1.2.17 (/var/lib/zeppelin/local-repo/spark/log4j-1.2.17.jar)

Vulnerable software installed: Apache Log4j 1.2.17 (/var/lib/zeppelin/local-repo/log4j/log4j/1.2.17/log4j-1.2.17.jar)

Vulnerable software installed: Apache Log4j 1.2.14 (/stxbase/stxapp/ctm/ctmag90sim/ctm/cm/INF/exe/jars/log4j-1.2.14.jar)

Vulnerable software installed: Apache Log4j 1.2.14 (/stxbase/stxapp/ctm/ctmag90sim/ctm/cm/DB/exe/jars/log4j-1.2.14.jar)

Vulnerable software installed: Apache Log4j 1.2.9 (/stxbase/stxapp/cloudera/var/lib/zeppelin_sandbox/local-repo/log4j/log4j/1.2.9/log4j-1.2.9.jar)

Vulnerable software installed: Apache Log4j 1.2.9 (/var/lib/zeppelin/local-repo/log4j/log4j/1.2.9/log4j-1.2.9.jar)",,,,
Vulnerability item,NXP-6991740,2652007,2840900.0,usr8c027,Open,,,07/May/2026 11:01 PM,16/Jun/2026 12:00 AM,33e44793.internal,Azul Zulu: CVE-2009-59816: WebKit Active Code Execution Vulnerability,554f387d.internal,0,azul-zulu-CVE-2009-70199,"Vulnerable OS: Red Hat Enterprise Linux 7.9


Vulnerable software installed: Azul Systems JRE 17.52.18 (/stxbase/stxapp/java/zulu17.52.18-sa-jdk17.0.12-linux_x64/lib/54c8aa44.internal)

Vulnerable OS: Red Hat Enterprise Linux 7.9


Vulnerable software installed: Azul Systems JRE 11.74.16 (/stxbase/stxapp/java/zulu11.74.16-sa-jdk11.0.24-linux_x64/lib/54c8aa44.internal)

Vulnerable OS: Red Hat Enterprise Linux 7.9


Vulnerable software installed: Azul Systems JRE 1.8.0.422 (/stxbase/stxapp/java/zulu8.80.0.18-sa-jdk8.0.422-linux_x64/jre/lib/rt.jar)

Vulnerable OS: Red Hat Enterprise Linux 7.9


Vulnerable software installed: Azul Systems JRE 11.58.16 (/stxbase/stxapp/java/zulu11.58.16-sa-jdk11.0.16-linux_x64_del/lib/54c8aa44.internal)",,,,
Vulnerability item,NXP-3590546,8448995,2489659.0,usr8c027,Open,,,07/May/2026 11:02 PM,16/Jun/2026 12:00 AM,e93aa933.internal,Azul Zulu: CVE-2009-59816: WebKit Active Code Execution Vulnerability,2b791234.internal,0,azul-zulu-CVE-2009-70199,"Vulnerable OS: Red Hat Enterprise Linux 8.10


Vulnerable software installed: Azul Systems JRE 1.8.0.422 (/stxbase/stxapp/java/zulu8.80.0.18-sa-jdk8.0.422-linux_x64/jre/lib/rt.jar)

Vulnerable OS: Red Hat Enterprise Linux 8.10


Vulnerable software installed: Azul Systems JRE 17.52.18 (/stxbase/stxapp/java/zulu17.52.18-sa-jdk17.0.12-linux_x64/lib/54c8aa44.internal)

Vulnerable OS: Red Hat Enterprise Linux 8.10


Vulnerable software installed: Azul Systems JRE 11.74.16 (/stxbase/stxapp/java/zulu11.74.16-sa-jdk11.0.24-linux_x64/lib/54c8aa44.internal)",,,,
Vulnerability item,NXP-7999255,3928478,4831727.0,usr8c027,Open,,,07/May/2026 11:00 PM,16/Jun/2026 12:00 AM,0c427575.internal,Azul Zulu: CVE-2009-59816: WebKit Active Code Execution Vulnerability,15e3fe45.internal,0,azul-zulu-CVE-2009-70199,"Vulnerable OS: Red Hat Enterprise Linux 8.10


Vulnerable software installed: Azul Systems JRE 1.8.0.422 (/stxbase/stxapp/java/zulu8.80.0.18-sa-jdk8.0.422-linux_x64/jre/lib/rt.jar)

Vulnerable OS: Red Hat Enterprise Linux 8.10


Vulnerable software installed: Azul Systems JRE 17.52.18 (/stxbase/stxapp/java/zulu17.52.18-sa-jdk17.0.12-linux_x64/lib/54c8aa44.internal)

Vulnerable OS: Red Hat Enterprise Linux 8.10


Vulnerable software installed: Azul Systems JRE 11.74.16 (/stxbase/stxapp/java/zulu11.74.16-sa-jdk11.0.24-linux_x64/lib/54c8aa44.internal)

Vulnerable OS: Red Hat Enterprise Linux 8.10


Vulnerable software installed: Azul Systems JRE 11.58.16 (/stxbase/stxapp/java/zulu11.58.16-sa-jdk11.0.16-linux_x64_del/lib/54c8aa44.internal)",,,,
Vulnerability item,NXP-6957229,592301,1226323.0,usr8c027,Open,,,07/May/2026 11:00 PM,16/Jun/2026 12:00 AM,52002108.internal,Azul Zulu: CVE-2009-59816: WebKit Active Code Execution Vulnerability,25ffd794.internal,0,azul-zulu-CVE-2009-70199,"Vulnerable OS: Red Hat Enterprise Linux 8.10


Vulnerable software installed: Azul Systems JRE 1.8.0.422 (/stxbase/stxapp/java/zulu8.80.0.18-sa-jdk8.0.422-linux_x64/jre/lib/rt.jar)

Vulnerable OS: Red Hat Enterprise Linux 8.10


Vulnerable software installed: Azul Systems JRE 17.52.18 (/stxbase/stxapp/java/zulu17.52.18-sa-jdk17.0.12-linux_x64/lib/54c8aa44.internal)

Vulnerable OS: Red Hat Enterprise Linux 8.10


Vulnerable software installed: Azul Systems JRE 11.74.16 (/stxbase/stxapp/java/zulu11.74.16-sa-jdk11.0.24-linux_x64/lib/54c8aa44.internal)

Vulnerable OS: Red Hat Enterprise Linux 8.10


Vulnerable software installed: Azul Systems JRE 11.58.16 (/stxbase/stxapp/java/zulu11.58.16-sa-jdk11.0.16-linux_x64_del/lib/54c8aa44.internal)",,,,
Vulnerability item,NXP-2962182,7963582,3723610.0,usr8c027,Open,,,07/May/2026 11:00 PM,16/Jun/2026 12:00 AM,6a5e2c61.internal,Azul Zulu: CVE-2009-59816: WebKit Active Code Execution Vulnerability,60ce3cc9.internal,0,azul-zulu-CVE-2009-70199,"Vulnerable OS: Red Hat Enterprise Linux 8.10


Vulnerable software installed: Azul Systems JRE 1.8.0.422 (/stxbase/stxapp/java/zulu8.80.0.18-sa-jdk8.0.422-linux_x64/jre/lib/rt.jar)

Vulnerable OS: Red Hat Enterprise Linux 8.10


Vulnerable software installed: Azul Systems JRE 17.52.18 (/stxbase/stxapp/java/zulu17.52.18-sa-jdk17.0.12-linux_x64/lib/54c8aa44.internal)

Vulnerable OS: Red Hat Enterprise Linux 8.10


Vulnerable software installed: Azul Systems JRE 11.74.16 (/stxbase/stxapp/java/zulu11.74.16-sa-jdk11.0.24-linux_x64/lib/54c8aa44.internal)

Vulnerable OS: Red Hat Enterprise Linux 8.10


Vulnerable software installed: Azul Systems JRE 11.58.16 (/stxbase/stxapp/java/zulu11.58.16-sa-jdk11.0.16-linux_x64_del/lib/54c8aa44.internal)",,,,
Vulnerability item,NXP-183958,6291353,7445314.0,usr8c027,Open,,,07/May/2026 11:00 PM,16/Jun/2026 12:00 AM,869b3d4a.internal,Azul Zulu: CVE-2009-59816: WebKit Active Code Execution Vulnerability,307dea01.internal,0,azul-zulu-CVE-2009-70199,"Vulnerable OS: Red Hat Enterprise Linux 8.10


Vulnerable software installed: Azul Systems JRE 1.8.0.422 (/stxbase/stxapp/java/zulu8.80.0.18-sa-jdk8.0.422-linux_x64/jre/lib/rt.jar)

Vulnerable OS: Red Hat Enterprise Linux 8.10


Vulnerable software installed: Azul Systems JRE 17.52.18 (/stxbase/stxapp/java/zulu17.52.18-sa-jdk17.0.12-linux_x64/lib/54c8aa44.internal)

Vulnerable OS: Red Hat Enterprise Linux 8.10


Vulnerable software installed: Azul Systems JRE 11.74.16 (/stxbase/stxapp/java/zulu11.74.16-sa-jdk11.0.24-linux_x64/lib/54c8aa44.internal)

Vulnerable OS: Red Hat Enterprise Linux 8.10


Vulnerable software installed: Azul Systems JRE 11.58.16 (/stxbase/stxapp/java/zulu11.58.16-sa-jdk11.0.16-linux_x64_del/lib/54c8aa44.internal)",,,,
Vulnerability item,NXP-5139894,3025075,4339580.0,usr8c027,Open,,,07/May/2026 11:00 PM,16/Jun/2026 12:00 AM,ab117bcf.internal,Azul Zulu: CVE-2009-59816: WebKit Active Code Execution Vulnerability,91120f65.internal,0,azul-zulu-CVE-2009-70199,"Vulnerable OS: Red Hat Enterprise Linux 8.10


Vulnerable software installed: Azul Systems JRE 1.8.0.422 (/stxbase/stxapp/java/zulu8.80.0.18-sa-jdk8.0.422-linux_x64/jre/lib/rt.jar)

Vulnerable OS: Red Hat Enterprise Linux 8.10


Vulnerable software installed: Azul Systems JRE 17.52.18 (/stxbase/stxapp/java/zulu17.52.18-sa-jdk17.0.12-linux_x64/lib/54c8aa44.internal)

Vulnerable OS: Red Hat Enterprise Linux 8.10


Vulnerable software installed: Azul Systems JRE 11.74.16 (/stxbase/stxapp/java/zulu11.74.16-sa-jdk11.0.24-linux_x64/lib/54c8aa44.internal)

Vulnerable OS: Red Hat Enterprise Linux 8.10


Vulnerable software installed: Azul Systems JRE 11.58.16 (/stxbase/stxapp/java/zulu11.58.16-sa-jdk11.0.16-linux_x64_del/lib/54c8aa44.internal)",,,,
Vulnerability item,NXP-4792943,7542320,5172851.0,usr8c027,Open,,,07/May/2026 11:00 PM,16/Jun/2026 12:00 AM,eaeb466d.internal,Azul Zulu: CVE-2009-59816: WebKit Active Code Execution Vulnerability,fbaf5465.internal,0,azul-zulu-CVE-2009-70199,"Vulnerable OS: Red Hat Enterprise Linux 8.10


Vulnerable software installed: Azul Systems JRE 1.8.0.422 (/stxbase/stxapp/java/zulu8.80.0.18-sa-jdk8.0.422-linux_x64/jre/lib/rt.jar)

Vulnerable OS: Red Hat Enterprise Linux 8.10


Vulnerable software installed: Azul Systems JRE 17.52.18 (/stxbase/stxapp/java/zulu17.52.18-sa-jdk17.0.12-linux_x64/lib/54c8aa44.internal)

Vulnerable OS: Red Hat Enterprise Linux 8.10


Vulnerable software installed: Azul Systems JRE 11.74.16 (/stxbase/stxapp/java/zulu11.74.16-sa-jdk11.0.24-linux_x64/lib/54c8aa44.internal)",,,,
Vulnerability item,NXP-2083817,1794073,339618.0,usr8c027,Open,,,07/May/2026 11:00 PM,16/Jun/2026 12:00 AM,ff931006.internal,Azul Zulu: CVE-2009-59816: WebKit Active Code Execution Vulnerability,1a51f6a3.internal,0,azul-zulu-CVE-2009-70199,"Vulnerable OS: Red Hat Enterprise Linux 8.10


Vulnerable software installed: Azul Systems JRE 1.8.0.422 (/stxbase/stxapp/java/zulu8.80.0.18-sa-jdk8.0.422-linux_x64/jre/lib/rt.jar)

Vulnerable OS: Red Hat Enterprise Linux 8.10


Vulnerable software installed: Azul Systems JRE 17.52.18 (/stxbase/stxapp/java/zulu17.52.18-sa-jdk17.0.12-linux_x64/lib/54c8aa44.internal)

Vulnerable OS: Red Hat Enterprise Linux 8.10


Vulnerable software installed: Azul Systems JRE 11.74.16 (/stxbase/stxapp/java/zulu11.74.16-sa-jdk11.0.24-linux_x64/lib/54c8aa44.internal)",,,,
Vulnerability item,NXP-8308797,7765939,720357.0,usr8c027,Open,,,07/May/2026 11:00 PM,16/Jun/2026 12:00 AM,0b78332d.internal,Azul Zulu: CVE-2009-59816: WebKit Active Code Execution Vulnerability,735264b4.internal,0,azul-zulu-CVE-2009-70199,"Vulnerable OS: Red Hat Enterprise Linux 8.10


Vulnerable software installed: Azul Systems JRE 1.8.0.422 (/stxbase/stxapp/java/zulu8.80.0.18-sa-jdk8.0.422-linux_x64/jre/lib/rt.jar)

Vulnerable OS: Red Hat Enterprise Linux 8.10


Vulnerable software installed: Azul Systems JRE 17.52.18 (/stxbase/stxapp/java/zulu17.52.18-sa-jdk17.0.12-linux_x64/lib/54c8aa44.internal)

Vulnerable OS: Red Hat Enterprise Linux 8.10


Vulnerable software installed: Azul Systems JRE 11.74.16 (/stxbase/stxapp/java/zulu11.74.16-sa-jdk11.0.24-linux_x64/lib/54c8aa44.internal)",,,,
Vulnerability item,NXP-3517632,6878758,4724725.0,usr8c027,Open,,,07/May/2026 11:00 PM,16/Jun/2026 12:00 AM,7a2bda80.internal,Azul Zulu: CVE-2009-59816: WebKit Active Code Execution Vulnerability,f0d05049.internal,0,azul-zulu-CVE-2009-70199,"Vulnerable OS: Red Hat Enterprise Linux 8.10


Vulnerable software installed: Azul Systems JRE 1.8.0.422 (/stxbase/stxapp/java/zulu8.80.0.18-sa-jdk8.0.422-linux_x64/jre/lib/rt.jar)

Vulnerable OS: Red Hat Enterprise Linux 8.10


Vulnerable software installed: Azul Systems JRE 17.52.18 (/stxbase/stxapp/java/zulu17.52.18-sa-jdk17.0.12-linux_x64/lib/54c8aa44.internal)

Vulnerable OS: Red Hat Enterprise Linux 8.10


Vulnerable software installed: Azul Systems JRE 11.74.16 (/stxbase/stxapp/java/zulu11.74.16-sa-jdk11.0.24-linux_x64/lib/54c8aa44.internal)",,,,
Vulnerability item,NXP-129250,1668162,8128677.0,usr8c027,Open,,,07/May/2026 11:01 PM,16/Jun/2026 12:00 AM,eaa7bb5d.internal,Azul Zulu: CVE-2009-59816: WebKit Active Code Execution Vulnerability,d3f205ed.internal,0,azul-zulu-CVE-2009-70199,"Vulnerable OS: Red Hat Enterprise Linux 8.10


Vulnerable software installed: Azul Systems JRE 1.8.0.422 (/stxbase/stxapp/java/zulu8.80.0.18-sa-jdk8.0.422-linux_x64/jre/lib/rt.jar)

Vulnerable OS: Red Hat Enterprise Linux 8.10


Vulnerable software installed: Azul Systems JRE 17.52.18 (/stxbase/stxapp/java/zulu17.52.18-sa-jdk17.0.12-linux_x64/lib/54c8aa44.internal)

Vulnerable OS: Red Hat Enterprise Linux 8.10


Vulnerable software installed: Azul Systems JRE 11.74.16 (/stxbase/stxapp/java/zulu11.74.16-sa-jdk11.0.24-linux_x64/lib/54c8aa44.internal)",,,,
Vulnerability item,NXP-109482,3872632,3293621.0,,Risk Covered,,Resolved,07/May/2026 10:21 PM,16/Jun/2026 12:00 AM,959d8f16.internal,Cisco NX-OS: CVE-2017-86282: HTTP/2 Rapid Reset Attack Affecting Cisco Products: October 2023,9d609a87.internal,0,cisco-nx-os-CVE-2017-54606,Vulnerable OS: Cisco NX-OS 10.2(4),,,,
Vulnerability item,NXP-5348827,8691929,8599400.0,,Open,,,07/May/2026 10:40 PM,23/Jul/2026 12:00 AM,acdb7f5e.internal,Red Hat: CVE-2010-82267: kernel: crypto: algif_aead - Revert to operating out-of-place (Multiple Advisories),e1257fef.internal,0,redhat_linux-CVE-2010-51108,"Vulnerable OS: Red Hat Enterprise Linux 9.7


Vulnerable software installed: Linux kernel 5.14.0-611.30.1.el9_7 (repo: rhel-9-for-x86_64-baseos-rpms)

 * Required patch [CVE-2010-82267] is not installed, no patches discovered.",,,,
Vulnerability item,NXP-7441686,4389185,537485.0,,Open,,,07/May/2026 10:40 PM,23/Jul/2026 12:00 AM,d322e3b5.internal,Red Hat: CVE-2010-82267: kernel: crypto: algif_aead - Revert to operating out-of-place (Multiple Advisories),4202ad7d.internal,0,redhat_linux-CVE-2010-51108,"Vulnerable OS: Red Hat Enterprise Linux 8.10


Vulnerable software installed: Linux kernel 4.18.0-553.104.1.el8_10 (repo: rhel-8-for-x86_64-baseos-rpms)

 * Required patch [CVE-2010-82267] is not installed, no patches discovered.",,,,
Vulnerability item,NXP-209514,3429036,1522154.0,,Open,,,07/May/2026 10:40 PM,23/Jul/2026 12:00 AM,4d9b11e1.internal,Red Hat: CVE-2010-82267: kernel: crypto: algif_aead - Revert to operating out-of-place (Multiple Advisories),ae5bbcad.internal,0,redhat_linux-CVE-2010-51108,"Vulnerable OS: Red Hat Enterprise Linux 8.10


Vulnerable software installed: Linux kernel 4.18.0-553.104.1.el8_10 (repo: rhel-8-for-x86_64-baseos-rpms)

 * Required patch [CVE-2010-82267] is not installed, no patches discovered.",,,,
Vulnerability item,NXP-1621070,6287415,3640668.0,,Open,,,07/May/2026 10:40 PM,23/Jul/2026 12:00 AM,de8a8d3c.internal,Red Hat: CVE-2010-82267: kernel: crypto: algif_aead - Revert to operating out-of-place (Multiple Advisories),5ecd98af.internal,0,redhat_linux-CVE-2010-51108,"Vulnerable OS: Red Hat Enterprise Linux 8.10


Vulnerable software installed: Linux kernel 4.18.0-553.104.1.el8_10 (repo: rhel-8-for-x86_64-baseos-rpms)

 * Required patch [CVE-2010-82267] is not installed, no patches discovered.",,,,
Vulnerability item,NXP-7042557,624998,2661480.0,,Open,,,07/May/2026 10:40 PM,23/Jul/2026 12:00 AM,65ca4b48.internal,Red Hat: CVE-2010-82267: kernel: crypto: algif_aead - Revert to operating out-of-place (Multiple Advisories),3482f64a.internal,0,redhat_linux-CVE-2010-51108,"Vulnerable OS: Red Hat Enterprise Linux 8.10


Vulnerable software installed: Linux kernel 4.18.0-553.104.1.el8_10 (repo: rhel-8-for-x86_64-baseos-rpms)

 * Required patch [CVE-2010-82267] is not installed, no patches discovered.",,,,
Vulnerability item,NXP-5173287,2098105,4438073.0,,Open,,,07/May/2026 10:40 PM,23/Jul/2026 12:00 AM,81aeae20.internal,Red Hat: CVE-2010-82267: kernel: crypto: algif_aead - Revert to operating out-of-place (Multiple Advisories),227ca7db.internal,0,redhat_linux-CVE-2010-51108,"Vulnerable OS: Red Hat Enterprise Linux 8.10


Vulnerable software installed: Linux kernel 4.18.0-553.104.1.el8_10 (repo: rhel-8-for-x86_64-baseos-rpms)

 * Required patch [CVE-2010-82267] is not installed, no patches discovered.",,,,
Vulnerability item,NXP-5609241,6638193,5746813.0,,Open,,,07/May/2026 10:40 PM,23/Jul/2026 12:00 AM,8b4f74fe.internal,Red Hat: CVE-2010-82267: kernel: crypto: algif_aead - Revert to operating out-of-place (Multiple Advisories),833eed6a.internal,0,redhat_linux-CVE-2010-51108,"Vulnerable OS: Red Hat Enterprise Linux 8.10


Vulnerable software installed: Linux kernel 4.18.0-553.104.1.el8_10 (repo: rhel-8-for-x86_64-baseos-rpms)

 * Required patch [CVE-2010-82267] is not installed, no patches discovered.",,,,
Vulnerability item,NXP-1345737,985893,2114485.0,,Open,,,07/May/2026 10:40 PM,23/Jul/2026 12:00 AM,9b245bb0.internal,Red Hat: CVE-2010-82267: kernel: crypto: algif_aead - Revert to operating out-of-place (Multiple Advisories),54779f67.internal,0,redhat_linux-CVE-2010-51108,"Vulnerable OS: Red Hat Enterprise Linux 8.10


Vulnerable software installed: Linux kernel 4.18.0-553.104.1.el8_10 (repo: rhel-8-for-x86_64-baseos-rpms)

 * Required patch [CVE-2010-82267] is not installed, no patches discovered.",,,,
Vulnerability item,NXP-4190111,656689,8713369.0,,Open,,,07/May/2026 10:40 PM,23/Jul/2026 12:00 AM,adff779a.internal,Red Hat: CVE-2010-82267: kernel: crypto: algif_aead - Revert to operating out-of-place (Multiple Advisories),6248a72c.internal,0,redhat_linux-CVE-2010-51108,"Vulnerable OS: Red Hat Enterprise Linux 8.10


Vulnerable software installed: Linux kernel 4.18.0-553.104.1.el8_10 (repo: rhel-8-for-x86_64-baseos-rpms)

 * Required patch [CVE-2010-82267] is not installed, no patches discovered.",,,,
Vulnerability item,NXP-1951969,216988,3308908.0,,Open,,,07/May/2026 10:57 PM,08/Jun/2026 12:00 AM,e05d8d95.internal,Red Hat: CVE-2010-82267: kernel: crypto: algif_aead - Revert to operating out-of-place (Multiple Advisories),5934cb7d.internal,0,redhat_linux-CVE-2010-51108,"Vulnerable OS: Red Hat Enterprise Linux 8.10


Vulnerable software installed: Linux kernel 4.18.0-553.107.1.el8_10 (repo: rhel-8-for-x86_64-baseos-rpms)

 * Required patch [CVE-2010-82267] is not installed, no patches discovered.",,,,
Vulnerability item,NXP-203208,3398853,4351807.0,,Open,,,07/May/2026 10:57 PM,08/Jun/2026 12:00 AM,5a359ec3.internal,Red Hat: CVE-2010-82267: kernel: crypto: algif_aead - Revert to operating out-of-place (Multiple Advisories),7cd385d1.internal,0,redhat_linux-CVE-2010-51108,"Vulnerable OS: Red Hat Enterprise Linux 8.10


Vulnerable software installed: Linux kernel 4.18.0-553.107.1.el8_10 (repo: rhel-8-for-x86_64-baseos-rpms)

 * Required patch [CVE-2010-82267] is not installed, no patches discovered.",,,,
Vulnerability item,NXP-6885208,2472995,4819343.0,,Open,,,07/May/2026 10:56 PM,23/Jul/2026 12:00 AM,ea334562.internal,Red Hat: CVE-2010-82267: kernel: crypto: algif_aead - Revert to operating out-of-place (Multiple Advisories),2909352a.internal,0,redhat_linux-CVE-2010-51108,"Vulnerable OS: Red Hat Enterprise Linux 8.10


Vulnerable software installed: Linux kernel 4.18.0-553.104.1.el8_10 (repo: rhel-8-for-x86_64-baseos-rpms)

 * Required patch [CVE-2010-82267] is not installed, no patches discovered.",,,,
Vulnerability item,NXP-8169008,5354551,2803204.0,,Open,,,07/May/2026 10:56 PM,23/Jul/2026 12:00 AM,4e7bc12d.internal,Red Hat: CVE-2010-82267: kernel: crypto: algif_aead - Revert to operating out-of-place (Multiple Advisories),eba294ce.internal,0,redhat_linux-CVE-2010-51108,"Vulnerable OS: Red Hat Enterprise Linux 8.10


Vulnerable software installed: Linux kernel 4.18.0-553.104.1.el8_10 (repo: rhel-8-for-x86_64-baseos-rpms)

 * Required patch [CVE-2010-82267] is not installed, no patches discovered.",,,,
Vulnerability item,NXP-1157967,3441307,7457169.0,,Open,,,07/May/2026 10:56 PM,23/Jul/2026 12:00 AM,c3a02a70.internal,Red Hat: CVE-2010-82267: kernel: crypto: algif_aead - Revert to operating out-of-place (Multiple Advisories),2bafc519.internal,0,redhat_linux-CVE-2010-51108,"Vulnerable OS: Red Hat Enterprise Linux 8.10


Vulnerable software installed: Linux kernel 4.18.0-553.104.1.el8_10 (repo: rhel-8-for-x86_64-baseos-rpms)

 * Required patch [CVE-2010-82267] is not installed, no patches discovered.",,,,
Vulnerability item,NXP-6837466,5336643,7961577.0,,Open,,,07/May/2026 10:56 PM,23/Jul/2026 12:00 AM,068115c2.internal,Red Hat: CVE-2010-82267: kernel: crypto: algif_aead - Revert to operating out-of-place (Multiple Advisories),17106d0f.internal,0,redhat_linux-CVE-2010-51108,"Vulnerable OS: Red Hat Enterprise Linux 8.10


Vulnerable software installed: Linux kernel 4.18.0-553.104.1.el8_10 (repo: rhel-8-for-x86_64-baseos-rpms)

 * Required patch [CVE-2010-82267] is not installed, no patches discovered.",,,,
Vulnerability item,NXP-3215935,4476326,2369981.0,,Open,,,07/May/2026 10:56 PM,23/Jul/2026 12:00 AM,c501af8b.internal,Red Hat: CVE-2010-82267: kernel: crypto: algif_aead - Revert to operating out-of-place (Multiple Advisories),ed88eddb.internal,0,redhat_linux-CVE-2010-51108,"Vulnerable OS: Red Hat Enterprise Linux 9.7


Vulnerable software installed: Linux kernel 5.14.0-611.30.1.el9_7 (repo: rhel-9-for-x86_64-baseos-rpms)

 * Required patch [CVE-2010-82267] is not installed, no patches discovered.",,,,
Vulnerability item,NXP-5567677,3422190,4205466.0,,Open,,,07/May/2026 10:56 PM,08/Jun/2026 12:00 AM,a2885191.internal,Red Hat: CVE-2010-82267: kernel: crypto: algif_aead - Revert to operating out-of-place (Multiple Advisories),e2c3d67c.internal,0,redhat_linux-CVE-2010-51108,"Vulnerable OS: Red Hat Enterprise Linux 8.10


Vulnerable software installed: Linux kernel 4.18.0-553.107.1.el8_10 (repo: rhel-8-for-x86_64-baseos-rpms)

 * Required patch [CVE-2010-82267] is not installed, no patches discovered.",,,,
Vulnerability item,NXP-7361786,8737893,6076050.0,,Open,,,07/May/2026 10:56 PM,08/Jun/2026 12:00 AM,81f8b5b5.internal,Red Hat: CVE-2010-82267: kernel: crypto: algif_aead - Revert to operating out-of-place (Multiple Advisories),82f6d338.internal,0,redhat_linux-CVE-2010-51108,"Vulnerable OS: Red Hat Enterprise Linux 8.10


Vulnerable software installed: Linux kernel 4.18.0-553.107.1.el8_10 (repo: rhel-8-for-x86_64-baseos-rpms)

 * Required patch [CVE-2010-82267] is not installed, no patches discovered.",,,,
Vulnerability item,NXP-1089100,5139472,8319865.0,,Open,,,07/May/2026 10:56 PM,08/Jun/2026 12:00 AM,b742f2dc.internal,Red Hat: CVE-2010-82267: kernel: crypto: algif_aead - Revert to operating out-of-place (Multiple Advisories),66e30d6c.internal,0,redhat_linux-CVE-2010-51108,"Vulnerable OS: Red Hat Enterprise Linux 8.10


Vulnerable software installed: Linux kernel 4.18.0-553.107.1.el8_10 (repo: rhel-8-for-x86_64-baseos-rpms)

 * Required patch [CVE-2010-82267] is not installed, no patches discovered.",,,,
Vulnerability item,NXP-1688525,4071388,935320.0,,Open,,,07/May/2026 10:56 PM,08/Jun/2026 12:00 AM,b5ae312c.internal,Red Hat: CVE-2010-82267: kernel: crypto: algif_aead - Revert to operating out-of-place (Multiple Advisories),ff512ce7.internal,0,redhat_linux-CVE-2010-51108,"Vulnerable OS: Red Hat Enterprise Linux 8.10


Vulnerable software installed: Linux kernel 4.18.0-553.107.1.el8_10 (repo: rhel-8-for-x86_64-baseos-rpms)

 * Required patch [CVE-2010-82267] is not installed, no patches discovered.",,,,
Vulnerability item,NXP-6990620,5710210,1173206.0,,Open,,,07/May/2026 10:56 PM,08/Jun/2026 12:00 AM,1149058f.internal,Red Hat: CVE-2010-82267: kernel: crypto: algif_aead - Revert to operating out-of-place (Multiple Advisories),3d9f3826.internal,0,redhat_linux-CVE-2010-51108,"Vulnerable OS: Red Hat Enterprise Linux 9.7


Vulnerable software installed: Linux kernel 5.14.0-611.35.1.el9_7 (repo: rhel-9-for-x86_64-baseos-rpms)

 * Required patch [CVE-2010-82267] is not installed, no patches discovered.",,,,
Vulnerability item,NXP-5895131,5043195,8158882.0,,Open,,,07/May/2026 10:57 PM,08/Jun/2026 12:00 AM,8f4ea7d2.internal,Red Hat: CVE-2010-82267: kernel: crypto: algif_aead - Revert to operating out-of-place (Multiple Advisories),a59dd525.internal,0,redhat_linux-CVE-2010-51108,"Vulnerable OS: Red Hat Enterprise Linux 8.10


Vulnerable software installed: Linux kernel 4.18.0-553.107.1.el8_10 (repo: rhel-8-for-x86_64-baseos-rpms)

 * Required patch [CVE-2010-82267] is not installed, no patches discovered.",,,,
Vulnerability item,NXP-5460636,8112692,4582227.0,,Open,,,07/May/2026 10:57 PM,08/Jun/2026 12:00 AM,b0161f04.internal,Red Hat: CVE-2010-82267: kernel: crypto: algif_aead - Revert to operating out-of-place (Multiple Advisories),42981e2d.internal,0,redhat_linux-CVE-2010-51108,"Vulnerable OS: Red Hat Enterprise Linux 8.10


Vulnerable software installed: Linux kernel 4.18.0-553.107.1.el8_10 (repo: rhel-8-for-x86_64-baseos-rpms)

 * Required patch [CVE-2010-82267] is not installed, no patches discovered.",,,,
Vulnerability item,NXP-5480064,6812201,1935635.0,,Open,,,07/May/2026 10:57 PM,08/Jun/2026 12:00 AM,e52a3b6b.internal,Red Hat: CVE-2010-82267: kernel: crypto: algif_aead - Revert to operating out-of-place (Multiple Advisories),bcdb1e0a.internal,0,redhat_linux-CVE-2010-51108,"Vulnerable OS: Red Hat Enterprise Linux 9.7


Vulnerable software installed: Linux kernel 5.14.0-611.35.1.el9_7 (repo: rhel-9-for-x86_64-baseos-rpms)

 * Required patch [CVE-2010-82267] is not installed, no patches discovered.",,,,
Vulnerability item,NXP-3775915,2851902,6512208.0,,Open,,,07/May/2026 11:03 PM,08/Jun/2026 12:00 AM,b06c9b9f.internal,Red Hat: CVE-2010-82267: kernel: crypto: algif_aead - Revert to operating out-of-place (Multiple Advisories),66467a09.internal,0,redhat_linux-CVE-2010-51108,"Vulnerable OS: Red Hat Enterprise Linux 8.10


Vulnerable software installed: Linux kernel 4.18.0-553.107.1.el8_10 (repo: rhel-8-for-x86_64-baseos-rpms)

 * Required patch [CVE-2010-82267] is not installed, no patches discovered.",,,,
Vulnerability item,NXP-2568448,8605973,3163634.0,,Open,,,07/May/2026 11:03 PM,08/Jun/2026 12:00 AM,082ae43c.internal,Red Hat: CVE-2010-82267: kernel: crypto: algif_aead - Revert to operating out-of-place (Multiple Advisories),6d4811fd.internal,0,redhat_linux-CVE-2010-51108,"Vulnerable OS: Red Hat Enterprise Linux 8.10


Vulnerable software installed: Linux kernel 4.18.0-553.107.1.el8_10 (repo: rhel-8-for-x86_64-baseos-rpms)

 * Required patch [CVE-2010-82267] is not installed, no patches discovered.",,,,
Vulnerability item,NXP-6601457,1908616,859597.0,,Open,,,07/May/2026 11:03 PM,08/Jun/2026 12:00 AM,e018b5bc.internal,Red Hat: CVE-2010-82267: kernel: crypto: algif_aead - Revert to operating out-of-place (Multiple Advisories),b8a0824d.internal,0,redhat_linux-CVE-2010-51108,"Vulnerable OS: Red Hat Enterprise Linux 8.10


Vulnerable software installed: Linux kernel 4.18.0-553.107.1.el8_10 (repo: rhel-8-for-x86_64-baseos-rpms)

 * Required patch [CVE-2010-82267] is not installed, no patches discovered.",,,,
Vulnerability item,NXP-6516377,7193621,1166001.0,,Open,,,07/May/2026 11:03 PM,08/Jun/2026 12:00 AM,13afc9e4.internal,Red Hat: CVE-2010-82267: kernel: crypto: algif_aead - Revert to operating out-of-place (Multiple Advisories),5c186c59.internal,0,redhat_linux-CVE-2010-51108,"Vulnerable OS: Red Hat Enterprise Linux 8.10


Vulnerable software installed: Linux kernel 4.18.0-553.107.1.el8_10 (repo: rhel-8-for-x86_64-baseos-rpms)

 * Required patch [CVE-2010-82267] is not installed, no patches discovered.",,,,
Vulnerability item,NXP-1901854,1817554,8553144.0,,Open,,,07/May/2026 11:03 PM,08/Jun/2026 12:00 AM,37b52a9a.internal,Red Hat: CVE-2010-82267: kernel: crypto: algif_aead - Revert to operating out-of-place (Multiple Advisories),dda9fa61.internal,0,redhat_linux-CVE-2010-51108,"Vulnerable OS: Red Hat Enterprise Linux 8.10


Vulnerable software installed: Linux kernel 4.18.0-553.107.1.el8_10 (repo: rhel-8-for-x86_64-baseos-rpms)

 * Required patch [CVE-2010-82267] is not installed, no patches discovered.",,,,
Vulnerability item,NXP-8232779,7803101,6099513.0,,Open,,,07/May/2026 11:03 PM,08/Jun/2026 12:00 AM,329067cb.internal,Red Hat: CVE-2010-82267: kernel: crypto: algif_aead - Revert to operating out-of-place (Multiple Advisories),42a895d5.internal,0,redhat_linux-CVE-2010-51108,"Vulnerable OS: Red Hat Enterprise Linux 8.10


Vulnerable software installed: Linux kernel 4.18.0-553.107.1.el8_10 (repo: rhel-8-for-x86_64-baseos-rpms)

 * Required patch [CVE-2010-82267] is not installed, no patches discovered.",,,,
Vulnerability item,NXP-7587110,6578122,8294211.0,,Open,,,07/May/2026 11:03 PM,08/Jun/2026 12:00 AM,8669793c.internal,Red Hat: CVE-2010-82267: kernel: crypto: algif_aead - Revert to operating out-of-place (Multiple Advisories),fb0dd8d4.internal,0,redhat_linux-CVE-2010-51108,"Vulnerable OS: Red Hat Enterprise Linux 8.10


Vulnerable software installed: Linux kernel 4.18.0-553.107.1.el8_10 (repo: rhel-8-for-x86_64-baseos-rpms)

 * Required patch [CVE-2010-82267] is not installed, no patches discovered.",,,,
Vulnerability item,NXP-3149402,5096366,5226037.0,,Open,,,07/May/2026 11:03 PM,08/Jun/2026 12:00 AM,9feae59c.internal,Red Hat: CVE-2010-82267: kernel: crypto: algif_aead - Revert to operating out-of-place (Multiple Advisories),63319510.internal,0,redhat_linux-CVE-2010-51108,"Vulnerable OS: Red Hat Enterprise Linux 8.10


Vulnerable software installed: Linux kernel 4.18.0-553.107.1.el8_10 (repo: rhel-8-for-x86_64-baseos-rpms)

 * Required patch [CVE-2010-82267] is not installed, no patches discovered.",,,,
Vulnerability item,NXP-1487978,5567904,2618573.0,,Open,,,07/May/2026 11:03 PM,08/Jun/2026 12:00 AM,5c9c1b35.internal,Red Hat: CVE-2010-82267: kernel: crypto: algif_aead - Revert to operating out-of-place (Multiple Advisories),4cee6c5b.internal,0,redhat_linux-CVE-2010-51108,"Vulnerable OS: Red Hat Enterprise Linux 8.10


Vulnerable software installed: Linux kernel 4.18.0-553.107.1.el8_10 (repo: rhel-8-for-x86_64-baseos-rpms)

 * Required patch [CVE-2010-82267] is not installed, no patches discovered.",,,,
Vulnerability item,NXP-2307285,5731846,3619920.0,,Open,,,07/May/2026 11:03 PM,08/Jun/2026 12:00 AM,ceca5996.internal,Red Hat: CVE-2010-82267: kernel: crypto: algif_aead - Revert to operating out-of-place (Multiple Advisories),d8f23eed.internal,0,redhat_linux-CVE-2010-51108,"Vulnerable OS: Red Hat Enterprise Linux 8.10


Vulnerable software installed: Linux kernel 4.18.0-553.107.1.el8_10 (repo: rhel-8-for-x86_64-baseos-rpms)

 * Required patch [CVE-2010-82267] is not installed, no patches discovered.",,,,
Vulnerability item,NXP-564651,1312792,4839863.0,,Open,,,07/May/2026 11:03 PM,08/Jun/2026 12:00 AM,a7e0da9f.internal,Red Hat: CVE-2010-82267: kernel: crypto: algif_aead - Revert to operating out-of-place (Multiple Advisories),5a02cd78.internal,0,redhat_linux-CVE-2010-51108,"Vulnerable OS: Red Hat Enterprise Linux 8.10


Vulnerable software installed: Linux kernel 4.18.0-553.107.1.el8_10 (repo: rhel-8-for-x86_64-baseos-rpms)

 * Required patch [CVE-2010-82267] is not installed, no patches discovered.",,,,
Vulnerability item,NXP-6280782,1952542,4263350.0,,Open,,,07/May/2026 11:03 PM,08/Jun/2026 12:00 AM,0e7fcc4a.internal,Red Hat: CVE-2010-82267: kernel: crypto: algif_aead - Revert to operating out-of-place (Multiple Advisories),bf6a4f88.internal,0,redhat_linux-CVE-2010-51108,"Vulnerable OS: Red Hat Enterprise Linux 8.10


Vulnerable software installed: Linux kernel 4.18.0-553.107.1.el8_10 (repo: rhel-8-for-x86_64-baseos-rpms)

 * Required patch [CVE-2010-82267] is not installed, no patches discovered.",,,,
Vulnerability item,NXP-8347459,3498206,8703275.0,,Open,,,07/May/2026 11:03 PM,08/Jun/2026 12:00 AM,37fa2fa5.internal,Red Hat: CVE-2010-82267: kernel: crypto: algif_aead - Revert to operating out-of-place (Multiple Advisories),37fa2fa5.internal,0,redhat_linux-CVE-2010-51108,"Vulnerable OS: Red Hat Enterprise Linux 8.10


Vulnerable software installed: Linux kernel 4.18.0-553.107.1.el8_10 (repo: rhel-8-for-x86_64-baseos-rpms)

 * Required patch [CVE-2010-82267] is not installed, no patches discovered.",,,,
Vulnerability item,NXP-8619163,2908950,8146997.0,,Open,,,07/May/2026 11:03 PM,08/Jun/2026 12:00 AM,a50566b7.internal,Red Hat: CVE-2010-82267: kernel: crypto: algif_aead - Revert to operating out-of-place (Multiple Advisories),a50566b7.internal,0,redhat_linux-CVE-2010-51108,"Vulnerable OS: Red Hat Enterprise Linux 8.10


Vulnerable software installed: Linux kernel 4.18.0-553.107.1.el8_10 (repo: rhel-8-for-x86_64-baseos-rpms)

 * Required patch [CVE-2010-82267] is not installed, no patches discovered.",,,,
Vulnerability item,NXP-7464076,8833138,8074385.0,,Open,,,07/May/2026 11:03 PM,08/Jun/2026 12:00 AM,8fd3bf88.internal,Red Hat: CVE-2010-82267: kernel: crypto: algif_aead - Revert to operating out-of-place (Multiple Advisories),8fd3bf88.internal,0,redhat_linux-CVE-2010-51108,"Vulnerable OS: Red Hat Enterprise Linux 8.10


Vulnerable software installed: Linux kernel 4.18.0-553.107.1.el8_10 (repo: rhel-8-for-x86_64-baseos-rpms)

 * Required patch [CVE-2010-82267] is not installed, no patches discovered.",,,,
Vulnerability item,NXP-6047573,8385575,4130292.0,,Open,,,07/May/2026 11:03 PM,08/Jun/2026 12:00 AM,fc87792d.internal,Red Hat: CVE-2010-82267: kernel: crypto: algif_aead - Revert to operating out-of-place (Multiple Advisories),fc87792d.internal,0,redhat_linux-CVE-2010-51108,"Vulnerable OS: Red Hat Enterprise Linux 8.10


Vulnerable software installed: Linux kernel 4.18.0-553.107.1.el8_10 (repo: rhel-8-for-x86_64-baseos-rpms)

 * Required patch [CVE-2010-82267] is not installed, no patches discovered.",,,,
Vulnerability item,NXP-8333777,5194857,6715705.0,,Open,,,07/May/2026 11:03 PM,08/Jun/2026 12:00 AM,aa2cb2a8.internal,Red Hat: CVE-2010-82267: kernel: crypto: algif_aead - Revert to operating out-of-place (Multiple Advisories),d211ed98.internal,0,redhat_linux-CVE-2010-51108,"Vulnerable OS: Red Hat Enterprise Linux 8.10


Vulnerable software installed: Linux kernel 4.18.0-553.107.1.el8_10 (repo: rhel-8-for-x86_64-baseos-rpms)

 * Required patch [CVE-2010-82267] is not installed, no patches discovered.",,,,
Vulnerability item,NXP-9002997,1880844,2774317.0,,Open,,,07/May/2026 11:03 PM,08/Jun/2026 12:00 AM,bdec4971.internal,Red Hat: CVE-2010-82267: kernel: crypto: algif_aead - Revert to operating out-of-place (Multiple Advisories),5621ced4.internal,0,redhat_linux-CVE-2010-51108,"Vulnerable OS: Red Hat Enterprise Linux 8.10


Vulnerable software installed: Linux kernel 4.18.0-553.107.1.el8_10 (repo: rhel-8-for-x86_64-baseos-rpms)

 * Required patch [CVE-2010-82267] is not installed, no patches discovered.",,,,
Vulnerability item,NXP-4896404,459755,8573372.0,,Open,,,07/May/2026 11:03 PM,08/Jun/2026 12:00 AM,be334396.internal,Red Hat: CVE-2010-82267: kernel: crypto: algif_aead - Revert to operating out-of-place (Multiple Advisories),a938f6e2.internal,0,redhat_linux-CVE-2010-51108,"Vulnerable OS: Red Hat Enterprise Linux 8.10


Vulnerable software installed: Linux kernel 4.18.0-553.107.1.el8_10 (repo: rhel-8-for-x86_64-baseos-rpms)

 * Required patch [CVE-2010-82267] is not installed, no patches discovered.",,,,
Vulnerability item,NXP-3728532,5558082,8040525.0,,Open,,,07/May/2026 11:03 PM,08/Jun/2026 12:00 AM,fe6aa9be.internal,Red Hat: CVE-2010-82267: kernel: crypto: algif_aead - Revert to operating out-of-place (Multiple Advisories),74bf57a2.internal,0,redhat_linux-CVE-2010-51108,"Vulnerable OS: Red Hat Enterprise Linux 8.10


Vulnerable software installed: Linux kernel 4.18.0-553.107.1.el8_10 (repo: rhel-8-for-x86_64-baseos-rpms)

 * Required patch [CVE-2010-82267] is not installed, no patches discovered.",,,,
Vulnerability item,NXP-4267099,3088471,2192634.0,,Open,,,07/May/2026 11:02 PM,08/Jun/2026 12:00 AM,f0976ff9.internal,Red Hat: CVE-2010-82267: kernel: crypto: algif_aead - Revert to operating out-of-place (Multiple Advisories),d9ae603e.internal,0,redhat_linux-CVE-2010-51108,"Vulnerable OS: Red Hat Enterprise Linux 8.10


Vulnerable software installed: Linux kernel 4.18.0-553.107.1.el8_10 (repo: rhel-8-for-x86_64-baseos-rpms)

 * Required patch [CVE-2010-82267] is not installed, no patches discovered.",,,,
Vulnerability item,NXP-2426099,7358741,1712995.0,,Open,,,07/May/2026 11:02 PM,08/Jun/2026 12:00 AM,769488db.internal,Red Hat: CVE-2010-82267: kernel: crypto: algif_aead - Revert to operating out-of-place (Multiple Advisories),f774cc1d.internal,0,redhat_linux-CVE-2010-51108,"Vulnerable OS: Red Hat Enterprise Linux 8.10


Vulnerable software installed: Linux kernel 4.18.0-553.107.1.el8_10 (repo: rhel-8-for-x86_64-baseos-rpms)

 * Required patch [CVE-2010-82267] is not installed, no patches discovered.",,,,
Vulnerability item,NXP-416177,4325347,7815174.0,,Open,,,07/May/2026 11:02 PM,08/Jun/2026 12:00 AM,f08b4f58.internal,Red Hat: CVE-2010-82267: kernel: crypto: algif_aead - Revert to operating out-of-place (Multiple Advisories),070fc187.internal,0,redhat_linux-CVE-2010-51108,"Vulnerable OS: Red Hat Enterprise Linux 8.10


Vulnerable software installed: Linux kernel 4.18.0-553.107.1.el8_10 (repo: rhel-8-for-x86_64-baseos-rpms)

 * Required patch [CVE-2010-82267] is not installed, no patches discovered.",,,,
Vulnerability item,NXP-1647471,3729084,5273601.0,,Open,,,07/May/2026 11:02 PM,08/Jun/2026 12:00 AM,019ce12c.internal,Red Hat: CVE-2010-82267: kernel: crypto: algif_aead - Revert to operating out-of-place (Multiple Advisories),763ea19b.internal,0,redhat_linux-CVE-2010-51108,"Vulnerable OS: Red Hat Enterprise Linux 8.10


Vulnerable software installed: Linux kernel 4.18.0-553.107.1.el8_10 (repo: rhel-8-for-x86_64-baseos-rpms)

 * Required patch [CVE-2010-82267] is not installed, no patches discovered.",,,,
Vulnerability item,NXP-2983807,2564155,8042802.0,,Open,,,07/May/2026 11:02 PM,08/Jun/2026 12:00 AM,0011b788.internal,Red Hat: CVE-2010-82267: kernel: crypto: algif_aead - Revert to operating out-of-place (Multiple Advisories),48609fc4.internal,0,redhat_linux-CVE-2010-51108,"Vulnerable OS: Red Hat Enterprise Linux 8.10


Vulnerable software installed: Linux kernel 4.18.0-553.107.1.el8_10 (repo: rhel-8-for-x86_64-baseos-rpms)

 * Required patch [CVE-2010-82267] is not installed, no patches discovered.",,,,
Vulnerability item,NXP-720377,6291053,1028972.0,,Open,,,07/May/2026 11:02 PM,08/Jun/2026 12:00 AM,cd12eaba.internal,Red Hat: CVE-2010-82267: kernel: crypto: algif_aead - Revert to operating out-of-place (Multiple Advisories),33d0af87.internal,0,redhat_linux-CVE-2010-51108,"Vulnerable OS: Red Hat Enterprise Linux 8.10


Vulnerable software installed: Linux kernel 4.18.0-553.107.1.el8_10 (repo: rhel-8-for-x86_64-baseos-rpms)

 * Required patch [CVE-2010-82267] is not installed, no patches discovered.",,,,
Vulnerability item,NXP-6553080,5726586,8115241.0,,Open,,,07/May/2026 11:02 PM,08/Jun/2026 12:00 AM,ffe34ed1.internal,Red Hat: CVE-2010-82267: kernel: crypto: algif_aead - Revert to operating out-of-place (Multiple Advisories),666da563.internal,0,redhat_linux-CVE-2010-51108,"Vulnerable OS: Red Hat Enterprise Linux 8.10


Vulnerable software installed: Linux kernel 4.18.0-553.107.1.el8_10 (repo: rhel-8-for-x86_64-baseos-rpms)

 * Required patch [CVE-2010-82267] is not installed, no patches discovered.",,,,
Vulnerability item,NXP-103261,1715922,701617.0,,Open,,,07/May/2026 11:02 PM,08/Jun/2026 12:00 AM,661eebef.internal,Red Hat: CVE-2010-82267: kernel: crypto: algif_aead - Revert to operating out-of-place (Multiple Advisories),9d5c3f76.internal,0,redhat_linux-CVE-2010-51108,"Vulnerable OS: Red Hat Enterprise Linux 8.10


Vulnerable software installed: Linux kernel 4.18.0-553.107.1.el8_10 (repo: rhel-8-for-x86_64-baseos-rpms)

 * Required patch [CVE-2010-82267] is not installed, no patches discovered.",,,,
Vulnerability item,NXP-3967933,2112274,3593835.0,,Open,,,07/May/2026 11:02 PM,08/Jun/2026 12:00 AM,7809804e.internal,Red Hat: CVE-2010-82267: kernel: crypto: algif_aead - Revert to operating out-of-place (Multiple Advisories),93181840.internal,0,redhat_linux-CVE-2010-51108,"Vulnerable OS: Red Hat Enterprise Linux 8.10


Vulnerable software installed: Linux kernel 4.18.0-553.107.1.el8_10 (repo: rhel-8-for-x86_64-baseos-rpms)

 * Required patch [CVE-2010-82267] is not installed, no patches discovered.",,,,
Vulnerability item,NXP-7746910,6687711,1887946.0,,Open,,,07/May/2026 11:02 PM,08/Jun/2026 12:00 AM,a58285d8.internal,Red Hat: CVE-2010-82267: kernel: crypto: algif_aead - Revert to operating out-of-place (Multiple Advisories),8cba5da6.internal,0,redhat_linux-CVE-2010-51108,"Vulnerable OS: Red Hat Enterprise Linux 8.10


Vulnerable software installed: Linux kernel 4.18.0-553.107.1.el8_10 (repo: rhel-8-for-x86_64-baseos-rpms)

 * Required patch [CVE-2010-82267] is not installed, no patches discovered.",,,,
Vulnerability item,NXP-2835859,5891773,2010620.0,,Open,,,07/May/2026 11:02 PM,08/Jun/2026 12:00 AM,e66eceea.internal,Red Hat: CVE-2010-82267: kernel: crypto: algif_aead - Revert to operating out-of-place (Multiple Advisories),eee489c8.internal,0,redhat_linux-CVE-2010-51108,"Vulnerable OS: Red Hat Enterprise Linux 8.10


Vulnerable software installed: Linux kernel 4.18.0-553.107.1.el8_10 (repo: rhel-8-for-x86_64-baseos-rpms)

 * Required patch [CVE-2010-82267] is not installed, no patches discovered.",,,,
Vulnerability item,NXP-3191139,398998,1999238.0,,Open,,,07/May/2026 11:02 PM,08/Jun/2026 12:00 AM,c966688e.internal,Red Hat: CVE-2010-82267: kernel: crypto: algif_aead - Revert to operating out-of-place (Multiple Advisories),3ce1855b.internal,0,redhat_linux-CVE-2010-51108,"Vulnerable OS: Red Hat Enterprise Linux 8.10


Vulnerable software installed: Linux kernel 4.18.0-553.107.1.el8_10 (repo: rhel-8-for-x86_64-baseos-rpms)

 * Required patch [CVE-2010-82267] is not installed, no patches discovered.",,,,
Vulnerability item,NXP-3998793,428728,740049.0,,Open,,,07/May/2026 11:02 PM,08/Jun/2026 12:00 AM,c8ef8766.internal,Red Hat: CVE-2010-82267: kernel: crypto: algif_aead - Revert to operating out-of-place (Multiple Advisories),397827cb.internal,0,redhat_linux-CVE-2010-51108,"Vulnerable OS: Red Hat Enterprise Linux 8.10


Vulnerable software installed: Linux kernel 4.18.0-553.107.1.el8_10 (repo: rhel-8-for-x86_64-baseos-rpms)

 * Required patch [CVE-2010-82267] is not installed, no patches discovered.",,,,
Vulnerability item,NXP-2863560,581466,6564794.0,,Open,,,07/May/2026 11:02 PM,08/Jun/2026 12:00 AM,f51561f4.internal,Red Hat: CVE-2010-82267: kernel: crypto: algif_aead - Revert to operating out-of-place (Multiple Advisories),d9a0887c.internal,0,redhat_linux-CVE-2010-51108,"Vulnerable OS: Red Hat Enterprise Linux 8.10


Vulnerable software installed: Linux kernel 4.18.0-553.107.1.el8_10 (repo: rhel-8-for-x86_64-baseos-rpms)

 * Required patch [CVE-2010-82267] is not installed, no patches discovered.",,,,
Vulnerability item,NXP-6734722,3958345,7289961.0,,Open,,,07/May/2026 11:02 PM,08/Jun/2026 12:00 AM,265ddc9f.internal,Red Hat: CVE-2010-82267: kernel: crypto: algif_aead - Revert to operating out-of-place (Multiple Advisories),1a487454.internal,0,redhat_linux-CVE-2010-51108,"Vulnerable OS: Red Hat Enterprise Linux 8.10


Vulnerable software installed: Linux kernel 4.18.0-553.107.1.el8_10 (repo: rhel-8-for-x86_64-baseos-rpms)

 * Required patch [CVE-2010-82267] is not installed, no patches discovered.",,,,
Vulnerability item,NXP-4816478,827724,9010740.0,,Open,,,07/May/2026 11:02 PM,08/Jun/2026 12:00 AM,2bd74afa.internal,Red Hat: CVE-2010-82267: kernel: crypto: algif_aead - Revert to operating out-of-place (Multiple Advisories),f74afe8f.internal,0,redhat_linux-CVE-2010-51108,"Vulnerable OS: Red Hat Enterprise Linux 8.10


Vulnerable software installed: Linux kernel 4.18.0-553.107.1.el8_10 (repo: rhel-8-for-x86_64-baseos-rpms)

 * Required patch [CVE-2010-82267] is not installed, no patches discovered.",,,,
Vulnerability item,NXP-2250718,3009299,2474824.0,,Open,,,07/May/2026 11:02 PM,08/Jun/2026 12:00 AM,ebd860b4.internal,Red Hat: CVE-2010-82267: kernel: crypto: algif_aead - Revert to operating out-of-place (Multiple Advisories),86ba5aa1.internal,0,redhat_linux-CVE-2010-51108,"Vulnerable OS: Red Hat Enterprise Linux 8.10


Vulnerable software installed: Linux kernel 4.18.0-553.107.1.el8_10 (repo: rhel-8-for-x86_64-baseos-rpms)

 * Required patch [CVE-2010-82267] is not installed, no patches discovered.",,,,
Vulnerability item,NXP-7608220,2134021,5116336.0,,Open,,,07/May/2026 11:02 PM,08/Jun/2026 12:00 AM,de387916.internal,Red Hat: CVE-2010-82267: kernel: crypto: algif_aead - Revert to operating out-of-place (Multiple Advisories),11925eb8.internal,0,redhat_linux-CVE-2010-51108,"Vulnerable OS: Red Hat Enterprise Linux 8.10


Vulnerable software installed: Linux kernel 4.18.0-553.107.1.el8_10 (repo: rhel-8-for-x86_64-baseos-rpms)

 * Required patch [CVE-2010-82267] is not installed, no patches discovered.",,,,
Vulnerability item,NXP-3543554,1164929,1279687.0,,Open,,,07/May/2026 11:02 PM,08/Jun/2026 12:00 AM,ed40309e.internal,Red Hat: CVE-2010-82267: kernel: crypto: algif_aead - Revert to operating out-of-place (Multiple Advisories),e9cbd6a1.internal,0,redhat_linux-CVE-2010-51108,"Vulnerable OS: Red Hat Enterprise Linux 8.10


Vulnerable software installed: Linux kernel 4.18.0-553.107.1.el8_10 (repo: rhel-8-for-x86_64-baseos-rpms)

 * Required patch [CVE-2010-82267] is not installed, no patches discovered.",,,,
Vulnerability item,NXP-7388439,6506929,3301788.0,,Open,,,07/May/2026 11:02 PM,08/Jun/2026 12:00 AM,eb6014f6.internal,Red Hat: CVE-2010-82267: kernel: crypto: algif_aead - Revert to operating out-of-place (Multiple Advisories),254674f5.internal,0,redhat_linux-CVE-2010-51108,"Vulnerable OS: Red Hat Enterprise Linux 8.10


Vulnerable software installed: Linux kernel 4.18.0-553.107.1.el8_10 (repo: rhel-8-for-x86_64-baseos-rpms)

 * Required patch [CVE-2010-82267] is not installed, no patches discovered.",,,,
Vulnerability item,NXP-429071,7241723,3737184.0,,Open,,,07/May/2026 11:02 PM,08/Jun/2026 12:00 AM,300f0cc6.internal,Red Hat: CVE-2010-82267: kernel: crypto: algif_aead - Revert to operating out-of-place (Multiple Advisories),2dbaf499.internal,0,redhat_linux-CVE-2010-51108,"Vulnerable OS: Red Hat Enterprise Linux 8.10


Vulnerable software installed: Linux kernel 4.18.0-553.107.1.el8_10 (repo: rhel-8-for-x86_64-baseos-rpms)

 * Required patch [CVE-2010-82267] is not installed, no patches discovered.",,,,
Vulnerability item,NXP-606329,614682,5800551.0,,Open,,,07/May/2026 11:02 PM,08/Jun/2026 12:00 AM,c5742e01.internal,Red Hat: CVE-2010-82267: kernel: crypto: algif_aead - Revert to operating out-of-place (Multiple Advisories),4fe2eb41.internal,0,redhat_linux-CVE-2010-51108,"Vulnerable OS: Red Hat Enterprise Linux 8.10


Vulnerable software installed: Linux kernel 4.18.0-553.107.1.el8_10 (repo: rhel-8-for-x86_64-baseos-rpms)

 * Required patch [CVE-2010-82267] is not installed, no patches discovered.",,,,
Vulnerability item,NXP-1095478,1931077,3779731.0,,Open,,,07/May/2026 11:02 PM,08/Jun/2026 12:00 AM,1d219c7b.internal,Red Hat: CVE-2010-82267: kernel: crypto: algif_aead - Revert to operating out-of-place (Multiple Advisories),788624fc.internal,0,redhat_linux-CVE-2010-51108,"Vulnerable OS: Red Hat Enterprise Linux 8.10


Vulnerable software installed: Linux kernel 4.18.0-553.107.1.el8_10 (repo: rhel-8-for-x86_64-baseos-rpms)

 * Required patch [CVE-2010-82267] is not installed, no patches discovered.",,,,
Vulnerability item,NXP-8505854,7383452,2489659.0,,Open,,,07/May/2026 11:02 PM,08/Jun/2026 12:00 AM,e93aa933.internal,Red Hat: CVE-2010-82267: kernel: crypto: algif_aead - Revert to operating out-of-place (Multiple Advisories),2b791234.internal,0,redhat_linux-CVE-2010-51108,"Vulnerable OS: Red Hat Enterprise Linux 8.10


Vulnerable software installed: Linux kernel 4.18.0-553.107.1.el8_10 (repo: rhel-8-for-x86_64-baseos-rpms)

 * Required patch [CVE-2010-82267] is not installed, no patches discovered.",,,,
Vulnerability item,NXP-970261,4100933,8317134.0,,Open,,,07/May/2026 11:01 PM,08/Jun/2026 12:00 AM,50903788.internal,Red Hat: CVE-2010-82267: kernel: crypto: algif_aead - Revert to operating out-of-place (Multiple Advisories),aef34021.internal,0,redhat_linux-CVE-2010-51108,"Vulnerable OS: Red Hat Enterprise Linux 8.10


Vulnerable software installed: Linux kernel 4.18.0-553.107.1.el8_10 (repo: rhel-8-for-x86_64-baseos-rpms)

 * Required patch [CVE-2010-82267] is not installed, no patches discovered.",,,,
Vulnerability item,NXP-2344963,6549695,8866596.0,,Open,,,07/May/2026 11:01 PM,08/Jun/2026 12:00 AM,be2044a0.internal,Red Hat: CVE-2010-82267: kernel: crypto: algif_aead - Revert to operating out-of-place (Multiple Advisories),9f6c7eea.internal,0,redhat_linux-CVE-2010-51108,"Vulnerable OS: Red Hat Enterprise Linux 8.10


Vulnerable software installed: Linux kernel 4.18.0-553.107.1.el8_10 (repo: rhel-8-for-x86_64-baseos-rpms)

 * Required patch [CVE-2010-82267] is not installed, no patches discovered.",,,,
Vulnerability item,NXP-8247042,588645,5932284.0,,Open,,,07/May/2026 11:01 PM,08/Jun/2026 12:00 AM,554ca5f5.internal,Red Hat: CVE-2010-82267: kernel: crypto: algif_aead - Revert to operating out-of-place (Multiple Advisories),578c4fbc.internal,0,redhat_linux-CVE-2010-51108,"Vulnerable OS: Red Hat Enterprise Linux 8.10


Vulnerable software installed: Linux kernel 4.18.0-553.107.1.el8_10 (repo: rhel-8-for-x86_64-baseos-rpms)

 * Required patch [CVE-2010-82267] is not installed, no patches discovered.",,,,
Vulnerability item,NXP-6871500,369651,1879801.0,,Open,,,07/May/2026 11:01 PM,08/Jun/2026 12:00 AM,c1995f7f.internal,Red Hat: CVE-2010-82267: kernel: crypto: algif_aead - Revert to operating out-of-place (Multiple Advisories),f54411dc.internal,0,redhat_linux-CVE-2010-51108,"Vulnerable OS: Red Hat Enterprise Linux 8.10


Vulnerable software installed: Linux kernel 4.18.0-553.107.1.el8_10 (repo: rhel-8-for-x86_64-baseos-rpms)

 * Required patch [CVE-2010-82267] is not installed, no patches discovered.",,,,
Vulnerability item,NXP-3928154,6821112,2015558.0,,Open,,,07/May/2026 11:01 PM,08/Jun/2026 12:00 AM,59c501f2.internal,Red Hat: CVE-2010-82267: kernel: crypto: algif_aead - Revert to operating out-of-place (Multiple Advisories),9c9cf162.internal,0,redhat_linux-CVE-2010-51108,"Vulnerable OS: Red Hat Enterprise Linux 8.10


Vulnerable software installed: Linux kernel 4.18.0-553.107.1.el8_10 (repo: rhel-8-for-x86_64-baseos-rpms)

 * Required patch [CVE-2010-82267] is not installed, no patches discovered.",,,,
Vulnerability item,NXP-6463557,8971041,8227960.0,,Open,,,07/May/2026 11:01 PM,08/Jun/2026 12:00 AM,264fa94d.internal,Red Hat: CVE-2010-82267: kernel: crypto: algif_aead - Revert to operating out-of-place (Multiple Advisories),b3e72f7c.internal,0,redhat_linux-CVE-2010-51108,"Vulnerable OS: Red Hat Enterprise Linux 8.10


Vulnerable software installed: Linux kernel 4.18.0-553.107.1.el8_10 (repo: rhel-8-for-x86_64-baseos-rpms)

 * Required patch [CVE-2010-82267] is not installed, no patches discovered.",,,,
Vulnerability item,NXP-3799134,6301013,4261782.0,,Open,,,07/May/2026 11:01 PM,08/Jun/2026 12:00 AM,86f7750f.internal,Red Hat: CVE-2010-82267: kernel: crypto: algif_aead - Revert to operating out-of-place (Multiple Advisories),e24234de.internal,0,redhat_linux-CVE-2010-51108,"Vulnerable OS: Red Hat Enterprise Linux 8.10


Vulnerable software installed: Linux kernel 4.18.0-553.107.1.el8_10 (repo: rhel-8-for-x86_64-baseos-rpms)

 * Required patch [CVE-2010-82267] is not installed, no patches discovered.",,,,
Vulnerability item,NXP-2997548,3365984,7994284.0,,Open,,,07/May/2026 11:01 PM,08/Jun/2026 12:00 AM,b359ea09.internal,Red Hat: CVE-2010-82267: kernel: crypto: algif_aead - Revert to operating out-of-place (Multiple Advisories),2b1ef093.internal,0,redhat_linux-CVE-2010-51108,"Vulnerable OS: Red Hat Enterprise Linux 8.10


Vulnerable software installed: Linux kernel 4.18.0-553.107.1.el8_10 (repo: rhel-8-for-x86_64-baseos-rpms)

 * Required patch [CVE-2010-82267] is not installed, no patches discovered.",,,,
Vulnerability item,NXP-6077538,8476562,2654617.0,,Open,,,07/May/2026 11:01 PM,08/Jun/2026 12:00 AM,f7736c89.internal,Red Hat: CVE-2010-82267: kernel: crypto: algif_aead - Revert to operating out-of-place (Multiple Advisories),4789482b.internal,0,redhat_linux-CVE-2010-51108,"Vulnerable OS: Red Hat Enterprise Linux 8.10


Vulnerable software installed: Linux kernel 4.18.0-553.107.1.el8_10 (repo: rhel-8-for-x86_64-baseos-rpms)

 * Required patch [CVE-2010-82267] is not installed, no patches discovered.",,,,
Vulnerability item,NXP-2212649,6962277,5859594.0,,Open,,,07/May/2026 11:01 PM,08/Jun/2026 12:00 AM,45e6eddd.internal,Red Hat: CVE-2010-82267: kernel: crypto: algif_aead - Revert to operating out-of-place (Multiple Advisories),dfec0f87.internal,0,redhat_linux-CVE-2010-51108,"Vulnerable OS: Red Hat Enterprise Linux 8.10


Vulnerable software installed: Linux kernel 4.18.0-553.107.1.el8_10 (repo: rhel-8-for-x86_64-baseos-rpms)

 * Required patch [CVE-2010-82267] is not installed, no patches discovered.",,,,
Vulnerability item,NXP-4582777,4562471,5543540.0,,Open,,,07/May/2026 11:01 PM,08/Jun/2026 12:00 AM,5ede507a.internal,Red Hat: CVE-2010-82267: kernel: crypto: algif_aead - Revert to operating out-of-place (Multiple Advisories),8500f002.internal,0,redhat_linux-CVE-2010-51108,"Vulnerable OS: Red Hat Enterprise Linux 8.10


Vulnerable software installed: Linux kernel 4.18.0-553.107.1.el8_10 (repo: rhel-8-for-x86_64-baseos-rpms)

 * Required patch [CVE-2010-82267] is not installed, no patches discovered.",,,,
Vulnerability item,NXP-4663265,1817008,8895770.0,,Open,,,07/May/2026 11:01 PM,08/Jun/2026 12:00 AM,c24af9e1.internal,Red Hat: CVE-2010-82267: kernel: crypto: algif_aead - Revert to operating out-of-place (Multiple Advisories),da1a85fa.internal,0,redhat_linux-CVE-2010-51108,"Vulnerable OS: Red Hat Enterprise Linux 8.10


Vulnerable software installed: Linux kernel 4.18.0-553.107.1.el8_10 (repo: rhel-8-for-x86_64-baseos-rpms)

 * Required patch [CVE-2010-82267] is not installed, no patches discovered.",,,,
Vulnerability item,NXP-6189966,3260305,2609841.0,,Open,,,07/May/2026 11:01 PM,08/Jun/2026 12:00 AM,eab972bf.internal,Red Hat: CVE-2010-82267: kernel: crypto: algif_aead - Revert to operating out-of-place (Multiple Advisories),af109d0f.internal,0,redhat_linux-CVE-2010-51108,"Vulnerable OS: Red Hat Enterprise Linux 8.10


Vulnerable software installed: Linux kernel 4.18.0-553.107.1.el8_10 (repo: rhel-8-for-x86_64-baseos-rpms)

 * Required patch [CVE-2010-82267] is not installed, no patches discovered.",,,,
Vulnerability item,NXP-3845899,6616340,3622211.0,,Open,,,07/May/2026 11:01 PM,08/Jun/2026 12:00 AM,65ff4d7c.internal,Red Hat: CVE-2010-82267: kernel: crypto: algif_aead - Revert to operating out-of-place (Multiple Advisories),c6cc3291.internal,0,redhat_linux-CVE-2010-51108,"Vulnerable OS: Red Hat Enterprise Linux 8.10


Vulnerable software installed: Linux kernel 4.18.0-553.107.1.el8_10 (repo: rhel-8-for-x86_64-baseos-rpms)

 * Required patch [CVE-2010-82267] is not installed, no patches discovered.",,,,
Vulnerability item,NXP-7250985,205180,1181375.0,,Open,,,07/May/2026 11:01 PM,08/Jun/2026 12:00 AM,48f8095a.internal,Red Hat: CVE-2010-82267: kernel: crypto: algif_aead - Revert to operating out-of-place (Multiple Advisories),d5cde070.internal,0,redhat_linux-CVE-2010-51108,"Vulnerable OS: Red Hat Enterprise Linux 8.10


Vulnerable software installed: Linux kernel 4.18.0-553.107.1.el8_10 (repo: rhel-8-for-x86_64-baseos-rpms)

 * Required patch [CVE-2010-82267] is not installed, no patches discovered.",,,,
Vulnerability item,NXP-2523648,8421339,105091.0,,Open,,,07/May/2026 11:01 PM,08/Jun/2026 12:00 AM,7ac3bc70.internal,Red Hat: CVE-2010-82267: kernel: crypto: algif_aead - Revert to operating out-of-place (Multiple Advisories),a640eea0.internal,0,redhat_linux-CVE-2010-51108,"Vulnerable OS: Red Hat Enterprise Linux 8.10


Vulnerable software installed: Linux kernel 4.18.0-553.107.1.el8_10 (repo: rhel-8-for-x86_64-baseos-rpms)

 * Required patch [CVE-2010-82267] is not installed, no patches discovered.",,,,
Vulnerability item,NXP-2012105,2983307,5272119.0,,Open,,,07/May/2026 11:01 PM,08/Jun/2026 12:00 AM,5ec5727e.internal,Red Hat: CVE-2010-82267: kernel: crypto: algif_aead - Revert to operating out-of-place (Multiple Advisories),c37c79ec.internal,0,redhat_linux-CVE-2010-51108,"Vulnerable OS: Red Hat Enterprise Linux 8.10


Vulnerable software installed: Linux kernel 4.18.0-553.107.1.el8_10 (repo: rhel-8-for-x86_64-baseos-rpms)

 * Required patch [CVE-2010-82267] is not installed, no patches discovered.",,,,
Vulnerability item,NXP-4212316,6372445,9090154.0,,Open,,,07/May/2026 11:01 PM,08/Jun/2026 12:00 AM,48d0827e.internal,Red Hat: CVE-2010-82267: kernel: crypto: algif_aead - Revert to operating out-of-place (Multiple Advisories),f0a3bbf6.internal,0,redhat_linux-CVE-2010-51108,"Vulnerable OS: Red Hat Enterprise Linux 8.10


Vulnerable software installed: Linux kernel 4.18.0-553.107.1.el8_10 (repo: rhel-8-for-x86_64-baseos-rpms)

 * Required patch [CVE-2010-82267] is not installed, no patches discovered.",,,,
Vulnerability item,NXP-5139250,2648735,8128677.0,,Open,,,07/May/2026 11:01 PM,08/Jun/2026 12:00 AM,eaa7bb5d.internal,Red Hat: CVE-2010-82267: kernel: crypto: algif_aead - Revert to operating out-of-place (Multiple Advisories),d3f205ed.internal,0,redhat_linux-CVE-2010-51108,"Vulnerable OS: Red Hat Enterprise Linux 8.10


Vulnerable software installed: Linux kernel 4.18.0-553.107.1.el8_10 (repo: rhel-8-for-x86_64-baseos-rpms)

 * Required patch [CVE-2010-82267] is not installed, no patches discovered.",,,,
Vulnerability item,NXP-8448474,6932535,4724725.0,,Open,,,07/May/2026 11:01 PM,08/Jun/2026 12:00 AM,7a2bda80.internal,Red Hat: CVE-2010-82267: kernel: crypto: algif_aead - Revert to operating out-of-place (Multiple Advisories),f0d05049.internal,0,redhat_linux-CVE-2010-51108,"Vulnerable OS: Red Hat Enterprise Linux 8.10


Vulnerable software installed: Linux kernel 4.18.0-553.107.1.el8_10 (repo: rhel-8-for-x86_64-baseos-rpms)

 * Required patch [CVE-2010-82267] is not installed, no patches discovered.",,,,
Vulnerability item,NXP-8705023,1429908,720357.0,,Open,,,07/May/2026 11:00 PM,08/Jun/2026 12:00 AM,0b78332d.internal,Red Hat: CVE-2010-82267: kernel: crypto: algif_aead - Revert to operating out-of-place (Multiple Advisories),735264b4.internal,0,redhat_linux-CVE-2010-51108,"Vulnerable OS: Red Hat Enterprise Linux 8.10


Vulnerable software installed: Linux kernel 4.18.0-553.107.1.el8_10 (repo: rhel-8-for-x86_64-baseos-rpms)

 * Required patch [CVE-2010-82267] is not installed, no patches discovered.",,,,
Vulnerability item,NXP-4587077,7040575,339618.0,,Open,,,07/May/2026 11:00 PM,08/Jun/2026 12:00 AM,ff931006.internal,Red Hat: CVE-2010-82267: kernel: crypto: algif_aead - Revert to operating out-of-place (Multiple Advisories),1a51f6a3.internal,0,redhat_linux-CVE-2010-51108,"Vulnerable OS: Red Hat Enterprise Linux 8.10


Vulnerable software installed: Linux kernel 4.18.0-553.107.1.el8_10 (repo: rhel-8-for-x86_64-baseos-rpms)

 * Required patch [CVE-2010-82267] is not installed, no patches discovered.",,,,
Vulnerability item,NXP-2979181,2991516,5172851.0,,Open,,,07/May/2026 11:00 PM,08/Jun/2026 12:00 AM,eaeb466d.internal,Red Hat: CVE-2010-82267: kernel: crypto: algif_aead - Revert to operating out-of-place (Multiple Advisories),fbaf5465.internal,0,redhat_linux-CVE-2010-51108,"Vulnerable OS: Red Hat Enterprise Linux 8.10


Vulnerable software installed: Linux kernel 4.18.0-553.107.1.el8_10 (repo: rhel-8-for-x86_64-baseos-rpms)

 * Required patch [CVE-2010-82267] is not installed, no patches discovered.",,,,
Vulnerability item,NXP-8211045,2912200,4339580.0,,Open,,,07/May/2026 11:00 PM,08/Jun/2026 12:00 AM,ab117bcf.internal,Red Hat: CVE-2010-82267: kernel: crypto: algif_aead - Revert to operating out-of-place (Multiple Advisories),91120f65.internal,0,redhat_linux-CVE-2010-51108,"Vulnerable OS: Red Hat Enterprise Linux 8.10


Vulnerable software installed: Linux kernel 4.18.0-553.107.1.el8_10 (repo: rhel-8-for-x86_64-baseos-rpms)

 * Required patch [CVE-2010-82267] is not installed, no patches discovered.",,,,
Vulnerability item,NXP-7725697,3407161,7445314.0,,Open,,,07/May/2026 11:00 PM,08/Jun/2026 12:00 AM,869b3d4a.internal,Red Hat: CVE-2010-82267: kernel: crypto: algif_aead - Revert to operating out-of-place (Multiple Advisories),307dea01.internal,0,redhat_linux-CVE-2010-51108,"Vulnerable OS: Red Hat Enterprise Linux 8.10


Vulnerable software installed: Linux kernel 4.18.0-553.107.1.el8_10 (repo: rhel-8-for-x86_64-baseos-rpms)

 * Required patch [CVE-2010-82267] is not installed, no patches discovered.",,,,
Vulnerability item,NXP-2304481,6117590,3723610.0,,Open,,,07/May/2026 11:00 PM,08/Jun/2026 12:00 AM,6a5e2c61.internal,Red Hat: CVE-2010-82267: kernel: crypto: algif_aead - Revert to operating out-of-place (Multiple Advisories),60ce3cc9.internal,0,redhat_linux-CVE-2010-51108,"Vulnerable OS: Red Hat Enterprise Linux 8.10


Vulnerable software installed: Linux kernel 4.18.0-553.107.1.el8_10 (repo: rhel-8-for-x86_64-baseos-rpms)

 * Required patch [CVE-2010-82267] is not installed, no patches discovered.",,,,
Vulnerability item,NXP-6284087,8187924,1226323.0,,Open,,,07/May/2026 11:00 PM,08/Jun/2026 12:00 AM,52002108.internal,Red Hat: CVE-2010-82267: kernel: crypto: algif_aead - Revert to operating out-of-place (Multiple Advisories),25ffd794.internal,0,redhat_linux-CVE-2010-51108,"Vulnerable OS: Red Hat Enterprise Linux 8.10


Vulnerable software installed: Linux kernel 4.18.0-553.107.1.el8_10 (repo: rhel-8-for-x86_64-baseos-rpms)

 * Required patch [CVE-2010-82267] is not installed, no patches discovered.",,,,
Vulnerability item,NXP-2816861,6529651,4831727.0,,Open,,,07/May/2026 11:00 PM,08/Jun/2026 12:00 AM,0c427575.internal,Red Hat: CVE-2010-82267: kernel: crypto: algif_aead - Revert to operating out-of-place (Multiple Advisories),15e3fe45.internal,0,redhat_linux-CVE-2010-51108,"Vulnerable OS: Red Hat Enterprise Linux 8.10


Vulnerable software installed: Linux kernel 4.18.0-553.107.1.el8_10 (repo: rhel-8-for-x86_64-baseos-rpms)

 * Required patch [CVE-2010-82267] is not installed, no patches discovered.",,,,
Vulnerability item,NXP-2917369,4861370,2411944.0,,Open,,,07/May/2026 11:00 PM,08/Jun/2026 12:00 AM,0163b8ce.internal,Red Hat: CVE-2010-82267: kernel: crypto: algif_aead - Revert to operating out-of-place (Multiple Advisories),cb3441c5.internal,0,redhat_linux-CVE-2010-51108,"Vulnerable OS: Red Hat Enterprise Linux 8.10


Vulnerable software installed: Linux kernel 4.18.0-553.107.1.el8_10 (repo: rhel-8-for-x86_64-baseos-rpms)

 * Required patch [CVE-2010-82267] is not installed, no patches discovered.",,,,
Vulnerability item,NXP-2833660,3719143,3189119.0,,Open,,,07/May/2026 11:00 PM,08/Jun/2026 12:00 AM,3de462f3.internal,Red Hat: CVE-2010-82267: kernel: crypto: algif_aead - Revert to operating out-of-place (Multiple Advisories),c5436286.internal,0,redhat_linux-CVE-2010-51108,"Vulnerable OS: Red Hat Enterprise Linux 8.10


Vulnerable software installed: Linux kernel 4.18.0-553.107.1.el8_10 (repo: rhel-8-for-x86_64-baseos-rpms)

 * Required patch [CVE-2010-82267] is not installed, no patches discovered.",,,,
Vulnerability item,NXP-2169693,3876035,5815618.0,,Open,,,07/May/2026 11:00 PM,08/Jun/2026 12:00 AM,45bbe294.internal,Red Hat: CVE-2010-82267: kernel: crypto: algif_aead - Revert to operating out-of-place (Multiple Advisories),56ab3972.internal,0,redhat_linux-CVE-2010-51108,"Vulnerable OS: Red Hat Enterprise Linux 8.10


Vulnerable software installed: Linux kernel 4.18.0-553.107.1.el8_10 (repo: rhel-8-for-x86_64-baseos-rpms)

 * Required patch [CVE-2010-82267] is not installed, no patches discovered.",,,,
Vulnerability item,NXP-5949575,7798404,2887743.0,,Open,,,07/May/2026 11:00 PM,08/Jun/2026 12:00 AM,2a81944f.internal,Red Hat: CVE-2010-82267: kernel: crypto: algif_aead - Revert to operating out-of-place (Multiple Advisories),ddf3dc58.internal,0,redhat_linux-CVE-2010-51108,"Vulnerable OS: Red Hat Enterprise Linux 8.10


Vulnerable software installed: Linux kernel 4.18.0-553.107.1.el8_10 (repo: rhel-8-for-x86_64-baseos-rpms)

 * Required patch [CVE-2010-82267] is not installed, no patches discovered.",,,,
Vulnerability item,NXP-3568931,2442023,7210315.0,,Open,,,07/May/2026 11:00 PM,08/Jun/2026 12:00 AM,1cf15d07.internal,Red Hat: CVE-2010-82267: kernel: crypto: algif_aead - Revert to operating out-of-place (Multiple Advisories),38a3a951.internal,0,redhat_linux-CVE-2010-51108,"Vulnerable OS: Red Hat Enterprise Linux 8.10


Vulnerable software installed: Linux kernel 4.18.0-553.107.1.el8_10 (repo: rhel-8-for-x86_64-baseos-rpms)

 * Required patch [CVE-2010-82267] is not installed, no patches discovered.",,,,
Vulnerability item,NXP-4735922,2703694,4848006.0,,Open,,,07/May/2026 11:00 PM,08/Jun/2026 12:00 AM,1c210650.internal,Red Hat: CVE-2010-82267: kernel: crypto: algif_aead - Revert to operating out-of-place (Multiple Advisories),27b9aaa8.internal,0,redhat_linux-CVE-2010-51108,"Vulnerable OS: Red Hat Enterprise Linux 8.10


Vulnerable software installed: Linux kernel 4.18.0-553.107.1.el8_10 (repo: rhel-8-for-x86_64-baseos-rpms)

 * Required patch [CVE-2010-82267] is not installed, no patches discovered.",,,,
Vulnerability item,NXP-1620501,7106778,1397669.0,,Open,,,07/May/2026 11:00 PM,08/Jun/2026 12:00 AM,40409530.internal,Red Hat: CVE-2010-82267: kernel: crypto: algif_aead - Revert to operating out-of-place (Multiple Advisories),1d012150.internal,0,redhat_linux-CVE-2010-51108,"Vulnerable OS: Red Hat Enterprise Linux 8.10


Vulnerable software installed: Linux kernel 4.18.0-553.107.1.el8_10 (repo: rhel-8-for-x86_64-baseos-rpms)

 * Required patch [CVE-2010-82267] is not installed, no patches discovered.",,,,
Vulnerability item,NXP-8925750,1708281,1242595.0,,Open,,,07/May/2026 11:00 PM,08/Jun/2026 12:00 AM,e0399400.internal,Red Hat: CVE-2010-82267: kernel: crypto: algif_aead - Revert to operating out-of-place (Multiple Advisories),e60db565.internal,0,redhat_linux-CVE-2010-51108,"Vulnerable OS: Red Hat Enterprise Linux 8.10


Vulnerable software installed: Linux kernel 4.18.0-553.107.1.el8_10 (repo: rhel-8-for-x86_64-baseos-rpms)

 * Required patch [CVE-2010-82267] is not installed, no patches discovered.",,,,
Vulnerability item,NXP-8325124,8150811,962256.0,,Open,,,07/May/2026 11:00 PM,08/Jun/2026 12:00 AM,3d07596f.internal,Red Hat: CVE-2010-82267: kernel: crypto: algif_aead - Revert to operating out-of-place (Multiple Advisories),6da093bb.internal,0,redhat_linux-CVE-2010-51108,"Vulnerable OS: Red Hat Enterprise Linux 8.10


Vulnerable software installed: Linux kernel 4.18.0-553.107.1.el8_10 (repo: rhel-8-for-x86_64-baseos-rpms)

 * Required patch [CVE-2010-82267] is not installed, no patches discovered.",,,,
Vulnerability item,NXP-8614133,7344771,2097427.0,,Open,,,07/May/2026 11:00 PM,08/Jun/2026 12:00 AM,79d56f7b.internal,Red Hat: CVE-2010-82267: kernel: crypto: algif_aead - Revert to operating out-of-place (Multiple Advisories),ea767f86.internal,0,redhat_linux-CVE-2010-51108,"Vulnerable OS: Red Hat Enterprise Linux 8.10


Vulnerable software installed: Linux kernel 4.18.0-553.107.1.el8_10 (repo: rhel-8-for-x86_64-baseos-rpms)

 * Required patch [CVE-2010-82267] is not installed, no patches discovered.",,,,
Vulnerability item,NXP-6157344,6258531,1309380.0,,Open,,,07/May/2026 11:00 PM,08/Jun/2026 12:00 AM,e114f5f1.internal,Red Hat: CVE-2010-82267: kernel: crypto: algif_aead - Revert to operating out-of-place (Multiple Advisories),ecfd88a7.internal,0,redhat_linux-CVE-2010-51108,"Vulnerable OS: Red Hat Enterprise Linux 8.10


Vulnerable software installed: Linux kernel 4.18.0-553.107.1.el8_10 (repo: rhel-8-for-x86_64-baseos-rpms)

 * Required patch [CVE-2010-82267] is not installed, no patches discovered.",,,,
Vulnerability item,NXP-4854472,405895,3977256.0,,Open,,,07/May/2026 11:00 PM,08/Jun/2026 12:00 AM,8d1a179e.internal,Red Hat: CVE-2010-82267: kernel: crypto: algif_aead - Revert to operating out-of-place (Multiple Advisories),2e2d20fb.internal,0,redhat_linux-CVE-2010-51108,"Vulnerable OS: Red Hat Enterprise Linux 8.10


Vulnerable software installed: Linux kernel 4.18.0-553.107.1.el8_10 (repo: rhel-8-for-x86_64-baseos-rpms)

 * Required patch [CVE-2010-82267] is not installed, no patches discovered.",,,,
Vulnerability item,NXP-293317,4870663,8324189.0,,Open,,,07/May/2026 10:59 PM,08/Jun/2026 12:00 AM,7e3aaad1.internal,Red Hat: CVE-2010-82267: kernel: crypto: algif_aead - Revert to operating out-of-place (Multiple Advisories),f5bf7d7d.internal,0,redhat_linux-CVE-2010-51108,"Vulnerable OS: Red Hat Enterprise Linux 8.10


Vulnerable software installed: Linux kernel 4.18.0-553.107.1.el8_10 (repo: rhel-8-for-x86_64-baseos-rpms)

 * Required patch [CVE-2010-82267] is not installed, no patches discovered.",,,,
Vulnerability item,NXP-8394146,7589394,2802890.0,,Open,,,07/May/2026 10:59 PM,08/Jun/2026 12:00 AM,8971121c.internal,Red Hat: CVE-2010-82267: kernel: crypto: algif_aead - Revert to operating out-of-place (Multiple Advisories),e240feed.internal,0,redhat_linux-CVE-2010-51108,"Vulnerable OS: Red Hat Enterprise Linux 8.10


Vulnerable software installed: Linux kernel 4.18.0-553.107.1.el8_10 (repo: rhel-8-for-x86_64-baseos-rpms)

 * Required patch [CVE-2010-82267] is not installed, no patches discovered.",,,,
Vulnerability item,NXP-2025667,7269797,4551593.0,,Open,,,07/May/2026 10:59 PM,08/Jun/2026 12:00 AM,0ae9eb2f.internal,Red Hat: CVE-2010-82267: kernel: crypto: algif_aead - Revert to operating out-of-place (Multiple Advisories),68825af5.internal,0,redhat_linux-CVE-2010-51108,"Vulnerable OS: Red Hat Enterprise Linux 8.10


Vulnerable software installed: Linux kernel 4.18.0-553.107.1.el8_10 (repo: rhel-8-for-x86_64-baseos-rpms)

 * Required patch [CVE-2010-82267] is not installed, no patches discovered.",,,,
Vulnerability item,NXP-7009044,849095,752592.0,,Open,,,07/May/2026 10:59 PM,08/Jun/2026 12:00 AM,10822b9b.internal,Red Hat: CVE-2010-82267: kernel: crypto: algif_aead - Revert to operating out-of-place (Multiple Advisories),8b1a0637.internal,0,redhat_linux-CVE-2010-51108,"Vulnerable OS: Red Hat Enterprise Linux 8.10


Vulnerable software installed: Linux kernel 4.18.0-553.107.1.el8_10 (repo: rhel-8-for-x86_64-baseos-rpms)

 * Required patch [CVE-2010-82267] is not installed, no patches discovered.",,,,
Vulnerability item,NXP-3315598,6685307,4472904.0,,Open,,,07/May/2026 10:59 PM,08/Jun/2026 12:00 AM,4932f083.internal,Red Hat: CVE-2010-82267: kernel: crypto: algif_aead - Revert to operating out-of-place (Multiple Advisories),e51b4fc2.internal,0,redhat_linux-CVE-2010-51108,"Vulnerable OS: Red Hat Enterprise Linux 8.10


Vulnerable software installed: Linux kernel 4.18.0-553.107.1.el8_10 (repo: rhel-8-for-x86_64-baseos-rpms)

 * Required patch [CVE-2010-82267] is not installed, no patches discovered.",,,,
Vulnerability item,NXP-450266,8929741,4645863.0,,Open,,,07/May/2026 10:59 PM,08/Jun/2026 12:00 AM,03d99739.internal,Red Hat: CVE-2010-82267: kernel: crypto: algif_aead - Revert to operating out-of-place (Multiple Advisories),15a41d3d.internal,0,redhat_linux-CVE-2010-51108,"Vulnerable OS: Red Hat Enterprise Linux 8.10


Vulnerable software installed: Linux kernel 4.18.0-553.107.1.el8_10 (repo: rhel-8-for-x86_64-baseos-rpms)

 * Required patch [CVE-2010-82267] is not installed, no patches discovered.",,,,
Vulnerability item,NXP-4187198,5392657,6670239.0,,Open,,,07/May/2026 10:59 PM,08/Jun/2026 12:00 AM,b7ebbde9.internal,Red Hat: CVE-2010-82267: kernel: crypto: algif_aead - Revert to operating out-of-place (Multiple Advisories),46d1f7d5.internal,0,redhat_linux-CVE-2010-51108,"Vulnerable OS: Red Hat Enterprise Linux 8.10


Vulnerable software installed: Linux kernel 4.18.0-553.107.1.el8_10 (repo: rhel-8-for-x86_64-baseos-rpms)

 * Required patch [CVE-2010-82267] is not installed, no patches discovered.",,,,
Vulnerability item,NXP-5614341,5185969,9054144.0,,Open,,,07/May/2026 10:59 PM,08/Jun/2026 12:00 AM,8327c832.internal,Red Hat: CVE-2010-82267: kernel: crypto: algif_aead - Revert to operating out-of-place (Multiple Advisories),83eb978a.internal,0,redhat_linux-CVE-2010-51108,"Vulnerable OS: Red Hat Enterprise Linux 8.10


Vulnerable software installed: Linux kernel 4.18.0-553.107.1.el8_10 (repo: rhel-8-for-x86_64-baseos-rpms)

 * Required patch [CVE-2010-82267] is not installed, no patches discovered.",,,,
Vulnerability item,NXP-5276992,3801412,792935.0,,Open,,,07/May/2026 10:59 PM,08/Jun/2026 12:00 AM,8fe593b9.internal,Red Hat: CVE-2010-82267: kernel: crypto: algif_aead - Revert to operating out-of-place (Multiple Advisories),542ff881.internal,0,redhat_linux-CVE-2010-51108,"Vulnerable OS: Red Hat Enterprise Linux 8.10


Vulnerable software installed: Linux kernel 4.18.0-553.107.1.el8_10 (repo: rhel-8-for-x86_64-baseos-rpms)

 * Required patch [CVE-2010-82267] is not installed, no patches discovered.",,,,
Vulnerability item,NXP-8256835,7640330,2051325.0,,Open,,,07/May/2026 10:59 PM,08/Jun/2026 12:00 AM,b8827ead.internal,Red Hat: CVE-2010-82267: kernel: crypto: algif_aead - Revert to operating out-of-place (Multiple Advisories),746fa1e2.internal,0,redhat_linux-CVE-2010-51108,"Vulnerable OS: Red Hat Enterprise Linux 8.10


Vulnerable software installed: Linux kernel 4.18.0-553.107.1.el8_10 (repo: rhel-8-for-x86_64-baseos-rpms)

 * Required patch [CVE-2010-82267] is not installed, no patches discovered.",,,,
Vulnerability item,NXP-8766725,6055040,1385365.0,,Open,,,07/May/2026 10:59 PM,08/Jun/2026 12:00 AM,c4233f9b.internal,Red Hat: CVE-2010-82267: kernel: crypto: algif_aead - Revert to operating out-of-place (Multiple Advisories),b94f0e16.internal,0,redhat_linux-CVE-2010-51108,"Vulnerable OS: Red Hat Enterprise Linux 8.10


Vulnerable software installed: Linux kernel 4.18.0-553.107.1.el8_10 (repo: rhel-8-for-x86_64-baseos-rpms)

 * Required patch [CVE-2010-82267] is not installed, no patches discovered.",,,,
Vulnerability item,NXP-7131791,2957719,1093291.0,,Open,,,07/May/2026 10:59 PM,08/Jun/2026 12:00 AM,b8aa55ea.internal,Red Hat: CVE-2010-82267: kernel: crypto: algif_aead - Revert to operating out-of-place (Multiple Advisories),7e798538.internal,0,redhat_linux-CVE-2010-51108,"Vulnerable OS: Red Hat Enterprise Linux 8.10


Vulnerable software installed: Linux kernel 4.18.0-553.107.1.el8_10 (repo: rhel-8-for-x86_64-baseos-rpms)

 * Required patch [CVE-2010-82267] is not installed, no patches discovered.",,,,
Vulnerability item,NXP-8134563,3172006,5070461.0,,Open,,,07/May/2026 10:59 PM,08/Jun/2026 12:00 AM,d02f4042.internal,Red Hat: CVE-2010-82267: kernel: crypto: algif_aead - Revert to operating out-of-place (Multiple Advisories),cf3fe35f.internal,0,redhat_linux-CVE-2010-51108,"Vulnerable OS: Red Hat Enterprise Linux 8.10


Vulnerable software installed: Linux kernel 4.18.0-553.107.1.el8_10 (repo: rhel-8-for-x86_64-baseos-rpms)

 * Required patch [CVE-2010-82267] is not installed, no patches discovered.",,,,
Vulnerability item,NXP-5677029,5161298,1878046.0,,Open,,,07/May/2026 10:59 PM,08/Jun/2026 12:00 AM,b69609ff.internal,Red Hat: CVE-2010-82267: kernel: crypto: algif_aead - Revert to operating out-of-place (Multiple Advisories),cf1755e3.internal,0,redhat_linux-CVE-2010-51108,"Vulnerable OS: Red Hat Enterprise Linux 8.10


Vulnerable software installed: Linux kernel 4.18.0-553.107.1.el8_10 (repo: rhel-8-for-x86_64-baseos-rpms)

 * Required patch [CVE-2010-82267] is not installed, no patches discovered.",,,,
Vulnerability item,NXP-6020838,5655651,918332.0,,Open,,,07/May/2026 10:59 PM,08/Jun/2026 12:00 AM,d2041442.internal,Red Hat: CVE-2010-82267: kernel: crypto: algif_aead - Revert to operating out-of-place (Multiple Advisories),27eab0fa.internal,0,redhat_linux-CVE-2010-51108,"Vulnerable OS: Red Hat Enterprise Linux 8.10


Vulnerable software installed: Linux kernel 4.18.0-553.107.1.el8_10 (repo: rhel-8-for-x86_64-baseos-rpms)

 * Required patch [CVE-2010-82267] is not installed, no patches discovered.",,,,
Vulnerability item,NXP-2334454,7061397,3353983.0,,Open,,,07/May/2026 10:59 PM,08/Jun/2026 12:00 AM,bec1fc30.internal,Red Hat: CVE-2010-82267: kernel: crypto: algif_aead - Revert to operating out-of-place (Multiple Advisories),9feb5d9e.internal,0,redhat_linux-CVE-2010-51108,"Vulnerable OS: Red Hat Enterprise Linux 8.10


Vulnerable software installed: Linux kernel 4.18.0-553.107.1.el8_10 (repo: rhel-8-for-x86_64-baseos-rpms)

 * Required patch [CVE-2010-82267] is not installed, no patches discovered.",,,,
Vulnerability item,NXP-4672158,1219321,1408456.0,,Open,,,07/May/2026 10:59 PM,08/Jun/2026 12:00 AM,723c8c14.internal,Red Hat: CVE-2010-82267: kernel: crypto: algif_aead - Revert to operating out-of-place (Multiple Advisories),07e4c089.internal,0,redhat_linux-CVE-2010-51108,"Vulnerable OS: Red Hat Enterprise Linux 8.10


Vulnerable software installed: Linux kernel 4.18.0-553.107.1.el8_10 (repo: rhel-8-for-x86_64-baseos-rpms)

 * Required patch [CVE-2010-82267] is not installed, no patches discovered.",,,,
Vulnerability item,NXP-418190,8198242,3409930.0,,Open,,,07/May/2026 10:59 PM,08/Jun/2026 12:00 AM,1a93f07a.internal,Red Hat: CVE-2010-82267: kernel: crypto: algif_aead - Revert to operating out-of-place (Multiple Advisories),72eec3c3.internal,0,redhat_linux-CVE-2010-51108,"Vulnerable OS: Red Hat Enterprise Linux 8.10


Vulnerable software installed: Linux kernel 4.18.0-553.107.1.el8_10 (repo: rhel-8-for-x86_64-baseos-rpms)

 * Required patch [CVE-2010-82267] is not installed, no patches discovered.",,,,
Vulnerability item,NXP-5025543,377477,1794772.0,,Open,,,07/May/2026 10:59 PM,08/Jun/2026 12:00 AM,cc56c333.internal,Red Hat: CVE-2010-82267: kernel: crypto: algif_aead - Revert to operating out-of-place (Multiple Advisories),d5c69239.internal,0,redhat_linux-CVE-2010-51108,"Vulnerable OS: Red Hat Enterprise Linux 8.10


Vulnerable software installed: Linux kernel 4.18.0-553.107.1.el8_10 (repo: rhel-8-for-x86_64-baseos-rpms)

 * Required patch [CVE-2010-82267] is not installed, no patches discovered.",,,,
Vulnerability item,NXP-3765446,7672506,2034580.0,,Open,,,07/May/2026 10:59 PM,08/Jun/2026 12:00 AM,27d7e042.internal,Red Hat: CVE-2010-82267: kernel: crypto: algif_aead - Revert to operating out-of-place (Multiple Advisories),a609a79f.internal,0,redhat_linux-CVE-2010-51108,"Vulnerable OS: Red Hat Enterprise Linux 8.10


Vulnerable software installed: Linux kernel 4.18.0-553.107.1.el8_10 (repo: rhel-8-for-x86_64-baseos-rpms)

 * Required patch [CVE-2010-82267] is not installed, no patches discovered.",,,,
Vulnerability item,NXP-927182,8831522,699216.0,,Open,,,07/May/2026 10:59 PM,08/Jun/2026 12:00 AM,39f6a6ce.internal,Red Hat: CVE-2010-82267: kernel: crypto: algif_aead - Revert to operating out-of-place (Multiple Advisories),687a95aa.internal,0,redhat_linux-CVE-2010-51108,"Vulnerable OS: Red Hat Enterprise Linux 8.10


Vulnerable software installed: Linux kernel 4.18.0-553.107.1.el8_10 (repo: rhel-8-for-x86_64-baseos-rpms)

 * Required patch [CVE-2010-82267] is not installed, no patches discovered.",,,,
Vulnerability item,NXP-7162277,2924428,265498.0,,Open,,,07/May/2026 10:59 PM,08/Jun/2026 12:00 AM,c2e9ef6e.internal,Red Hat: CVE-2010-82267: kernel: crypto: algif_aead - Revert to operating out-of-place (Multiple Advisories),c679d51d.internal,0,redhat_linux-CVE-2010-51108,"Vulnerable OS: Red Hat Enterprise Linux 8.10


Vulnerable software installed: Linux kernel 4.18.0-553.107.1.el8_10 (repo: rhel-8-for-x86_64-baseos-rpms)

 * Required patch [CVE-2010-82267] is not installed, no patches discovered.",,,,
Vulnerability item,NXP-8575841,5537918,9041602.0,,Open,,,07/May/2026 10:59 PM,08/Jun/2026 12:00 AM,3143e558.internal,Red Hat: CVE-2010-82267: kernel: crypto: algif_aead - Revert to operating out-of-place (Multiple Advisories),a45f1490.internal,0,redhat_linux-CVE-2010-51108,"Vulnerable OS: Red Hat Enterprise Linux 8.10


Vulnerable software installed: Linux kernel 4.18.0-553.107.1.el8_10 (repo: rhel-8-for-x86_64-baseos-rpms)

 * Required patch [CVE-2010-82267] is not installed, no patches discovered.",,,,
Vulnerability item,NXP-5924884,757077,7593026.0,,Open,,,07/May/2026 10:59 PM,08/Jun/2026 12:00 AM,42e1af01.internal,Red Hat: CVE-2010-82267: kernel: crypto: algif_aead - Revert to operating out-of-place (Multiple Advisories),4e5472e7.internal,0,redhat_linux-CVE-2010-51108,"Vulnerable OS: Red Hat Enterprise Linux 8.10


Vulnerable software installed: Linux kernel 4.18.0-553.107.1.el8_10 (repo: rhel-8-for-x86_64-baseos-rpms)

 * Required patch [CVE-2010-82267] is not installed, no patches discovered.",,,,
Vulnerability item,NXP-8032652,4379441,997986.0,,Open,,,07/May/2026 10:59 PM,08/Jun/2026 12:00 AM,9c55ab2a.internal,Red Hat: CVE-2010-82267: kernel: crypto: algif_aead - Revert to operating out-of-place (Multiple Advisories),2ce035c2.internal,0,redhat_linux-CVE-2010-51108,"Vulnerable OS: Red Hat Enterprise Linux 8.10


Vulnerable software installed: Linux kernel 4.18.0-553.107.1.el8_10 (repo: rhel-8-for-x86_64-baseos-rpms)

 * Required patch [CVE-2010-82267] is not installed, no patches discovered.",,,,
Vulnerability item,NXP-3402302,715003,3064792.0,,Open,,,07/May/2026 10:59 PM,08/Jun/2026 12:00 AM,a6f47a19.internal,Red Hat: CVE-2010-82267: kernel: crypto: algif_aead - Revert to operating out-of-place (Multiple Advisories),1d1bdd2c.internal,0,redhat_linux-CVE-2010-51108,"Vulnerable OS: Red Hat Enterprise Linux 8.10


Vulnerable software installed: Linux kernel 4.18.0-553.107.1.el8_10 (repo: rhel-8-for-x86_64-baseos-rpms)

 * Required patch [CVE-2010-82267] is not installed, no patches discovered.",,,,
Vulnerability item,NXP-104834,3639059,2993977.0,,Open,,,07/May/2026 10:59 PM,08/Jun/2026 12:00 AM,98e44f06.internal,Red Hat: CVE-2010-82267: kernel: crypto: algif_aead - Revert to operating out-of-place (Multiple Advisories),7d5f05f7.internal,0,redhat_linux-CVE-2010-51108,"Vulnerable OS: Red Hat Enterprise Linux 8.10


Vulnerable software installed: Linux kernel 4.18.0-553.107.1.el8_10 (repo: rhel-8-for-x86_64-baseos-rpms)

 * Required patch [CVE-2010-82267] is not installed, no patches discovered.",,,,
Vulnerability item,NXP-261290,7552519,8960521.0,,Open,,,07/May/2026 10:59 PM,08/Jun/2026 12:00 AM,b8c4a62a.internal,Red Hat: CVE-2010-82267: kernel: crypto: algif_aead - Revert to operating out-of-place (Multiple Advisories),26bfca0a.internal,0,redhat_linux-CVE-2010-51108,"Vulnerable OS: Red Hat Enterprise Linux 8.10


Vulnerable software installed: Linux kernel 4.18.0-553.107.1.el8_10 (repo: rhel-8-for-x86_64-baseos-rpms)

 * Required patch [CVE-2010-82267] is not installed, no patches discovered.",,,,
Vulnerability item,NXP-2980851,3405257,4031197.0,,Open,,,07/May/2026 10:58 PM,08/Jun/2026 12:00 AM,9a9bd762.internal,Red Hat: CVE-2010-82267: kernel: crypto: algif_aead - Revert to operating out-of-place (Multiple Advisories),dcc97f41.internal,0,redhat_linux-CVE-2010-51108,"Vulnerable OS: Red Hat Enterprise Linux 8.10


Vulnerable software installed: Linux kernel 4.18.0-553.107.1.el8_10 (repo: rhel-8-for-x86_64-baseos-rpms)

 * Required patch [CVE-2010-82267] is not installed, no patches discovered.",,,,
Vulnerability item,NXP-2486445,8219392,1268333.0,,Open,,,07/May/2026 10:58 PM,08/Jun/2026 12:00 AM,309a8728.internal,Red Hat: CVE-2010-82267: kernel: crypto: algif_aead - Revert to operating out-of-place (Multiple Advisories),1ebcdf5f.internal,0,redhat_linux-CVE-2010-51108,"Vulnerable OS: Red Hat Enterprise Linux 8.10


Vulnerable software installed: Linux kernel 4.18.0-553.107.1.el8_10 (repo: rhel-8-for-x86_64-baseos-rpms)

 * Required patch [CVE-2010-82267] is not installed, no patches discovered.",,,,
Vulnerability item,NXP-5431400,2142188,677902.0,,Open,,,07/May/2026 10:58 PM,08/Jun/2026 12:00 AM,14d3b8cf.internal,Red Hat: CVE-2010-82267: kernel: crypto: algif_aead - Revert to operating out-of-place (Multiple Advisories),d787569e.internal,0,redhat_linux-CVE-2010-51108,"Vulnerable OS: Red Hat Enterprise Linux 8.10


Vulnerable software installed: Linux kernel 4.18.0-553.107.1.el8_10 (repo: rhel-8-for-x86_64-baseos-rpms)

 * Required patch [CVE-2010-82267] is not installed, no patches discovered.",,,,
Vulnerability item,NXP-5187653,5029279,4360392.0,,Open,,,07/May/2026 10:58 PM,08/Jun/2026 12:00 AM,9ed6a566.internal,Red Hat: CVE-2010-82267: kernel: crypto: algif_aead - Revert to operating out-of-place (Multiple Advisories),949332d4.internal,0,redhat_linux-CVE-2010-51108,"Vulnerable OS: Red Hat Enterprise Linux 8.10


Vulnerable software installed: Linux kernel 4.18.0-553.107.1.el8_10 (repo: rhel-8-for-x86_64-baseos-rpms)

 * Required patch [CVE-2010-82267] is not installed, no patches discovered.",,,,
Vulnerability item,NXP-2361704,6666746,4437236.0,,Open,,,07/May/2026 10:58 PM,08/Jun/2026 12:00 AM,d513ce6d.internal,Red Hat: CVE-2010-82267: kernel: crypto: algif_aead - Revert to operating out-of-place (Multiple Advisories),d1d12476.internal,0,redhat_linux-CVE-2010-51108,"Vulnerable OS: Red Hat Enterprise Linux 8.10


Vulnerable software installed: Linux kernel 4.18.0-553.107.1.el8_10 (repo: rhel-8-for-x86_64-baseos-rpms)

 * Required patch [CVE-2010-82267] is not installed, no patches discovered.",,,,
Vulnerability item,NXP-916587,6024074,311031.0,,Open,,,07/May/2026 10:58 PM,08/Jun/2026 12:00 AM,4d296d78.internal,Red Hat: CVE-2010-82267: kernel: crypto: algif_aead - Revert to operating out-of-place (Multiple Advisories),6dce434d.internal,0,redhat_linux-CVE-2010-51108,"Vulnerable OS: Red Hat Enterprise Linux 8.10


Vulnerable software installed: Linux kernel 4.18.0-553.107.1.el8_10 (repo: rhel-8-for-x86_64-baseos-rpms)

 * Required patch [CVE-2010-82267] is not installed, no patches discovered.",,,,
Vulnerability item,NXP-658019,5204536,3640485.0,,Open,,,07/May/2026 10:58 PM,08/Jun/2026 12:00 AM,696b8cb5.internal,Red Hat: CVE-2010-82267: kernel: crypto: algif_aead - Revert to operating out-of-place (Multiple Advisories),c7f41b7c.internal,0,redhat_linux-CVE-2010-51108,"Vulnerable OS: Red Hat Enterprise Linux 8.10


Vulnerable software installed: Linux kernel 4.18.0-553.107.1.el8_10 (repo: rhel-8-for-x86_64-baseos-rpms)

 * Required patch [CVE-2010-82267] is not installed, no patches discovered.",,,,
Vulnerability item,NXP-4577328,5059592,1125264.0,,Open,,,07/May/2026 10:58 PM,08/Jun/2026 12:00 AM,79749390.internal,Red Hat: CVE-2010-82267: kernel: crypto: algif_aead - Revert to operating out-of-place (Multiple Advisories),e41f310e.internal,0,redhat_linux-CVE-2010-51108,"Vulnerable OS: Red Hat Enterprise Linux 8.10


Vulnerable software installed: Linux kernel 4.18.0-553.107.1.el8_10 (repo: rhel-8-for-x86_64-baseos-rpms)

 * Required patch [CVE-2010-82267] is not installed, no patches discovered.",,,,
Vulnerability item,NXP-3276633,5910514,4887907.0,,Open,,,07/May/2026 10:58 PM,08/Jun/2026 12:00 AM,f7c16da8.internal,Red Hat: CVE-2010-82267: kernel: crypto: algif_aead - Revert to operating out-of-place (Multiple Advisories),c4110eb9.internal,0,redhat_linux-CVE-2010-51108,"Vulnerable OS: Red Hat Enterprise Linux 9.7


Vulnerable software installed: Linux kernel 5.14.0-611.35.1.el9_7 (repo: rhel-9-for-x86_64-baseos-rpms)

 * Required patch [CVE-2010-82267] is not installed, no patches discovered.",,,,
Vulnerability item,NXP-604546,9076936,5133643.0,,Open,,,07/May/2026 10:58 PM,08/Jun/2026 12:00 AM,d9b9adab.internal,Red Hat: CVE-2010-82267: kernel: crypto: algif_aead - Revert to operating out-of-place (Multiple Advisories),53caacca.internal,0,redhat_linux-CVE-2010-51108,"Vulnerable OS: Red Hat Enterprise Linux 9.7


Vulnerable software installed: Linux kernel 5.14.0-611.35.1.el9_7 (repo: rhel-9-for-x86_64-baseos-rpms)

 * Required patch [CVE-2010-82267] is not installed, no patches discovered.",,,,
Vulnerability item,NXP-8507959,3929238,6082767.0,,Open,,,07/May/2026 10:58 PM,08/Jun/2026 12:00 AM,dfb3438f.internal,Red Hat: CVE-2010-82267: kernel: crypto: algif_aead - Revert to operating out-of-place (Multiple Advisories),30e1f38d.internal,0,redhat_linux-CVE-2010-51108,"Vulnerable OS: Red Hat Enterprise Linux 8.10


Vulnerable software installed: Linux kernel 4.18.0-553.107.1.el8_10 (repo: rhel-8-for-x86_64-baseos-rpms)

 * Required patch [CVE-2010-82267] is not installed, no patches discovered.",,,,
Vulnerability item,NXP-6294476,3185115,1766507.0,,Open,,,07/May/2026 10:58 PM,08/Jun/2026 12:00 AM,30a85d6e.internal,Red Hat: CVE-2010-82267: kernel: crypto: algif_aead - Revert to operating out-of-place (Multiple Advisories),60a03827.internal,0,redhat_linux-CVE-2010-51108,"Vulnerable OS: Red Hat Enterprise Linux 8.10


Vulnerable software installed: Linux kernel 4.18.0-553.107.1.el8_10 (repo: rhel-8-for-x86_64-baseos-rpms)

 * Required patch [CVE-2010-82267] is not installed, no patches discovered.",,,,
Vulnerability item,NXP-7278146,6349200,4103870.0,,Open,,,07/May/2026 10:58 PM,08/Jun/2026 12:00 AM,b2fe4cb6.internal,Red Hat: CVE-2010-82267: kernel: crypto: algif_aead - Revert to operating out-of-place (Multiple Advisories),acaa6a17.internal,0,redhat_linux-CVE-2010-51108,"Vulnerable OS: Red Hat Enterprise Linux 8.10


Vulnerable software installed: Linux kernel 4.18.0-553.107.1.el8_10 (repo: rhel-8-for-x86_64-baseos-rpms)

 * Required patch [CVE-2010-82267] is not installed, no patches discovered.",,,,
Vulnerability item,NXP-1755548,4188214,7553061.0,,Open,,,07/May/2026 10:58 PM,08/Jun/2026 12:00 AM,7ccdcd25.internal,Red Hat: CVE-2010-82267: kernel: crypto: algif_aead - Revert to operating out-of-place (Multiple Advisories),2df8bb81.internal,0,redhat_linux-CVE-2010-51108,"Vulnerable OS: Red Hat Enterprise Linux 8.10


Vulnerable software installed: Linux kernel 4.18.0-553.107.1.el8_10 (repo: rhel-8-for-x86_64-baseos-rpms)

 * Required patch [CVE-2010-82267] is not installed, no patches discovered.",,,,
Vulnerability item,NXP-4590870,4540004,2902907.0,,Open,,,07/May/2026 10:58 PM,08/Jun/2026 12:00 AM,33001d2c.internal,Red Hat: CVE-2010-82267: kernel: crypto: algif_aead - Revert to operating out-of-place (Multiple Advisories),51f993ca.internal,0,redhat_linux-CVE-2010-51108,"Vulnerable OS: Red Hat Enterprise Linux 8.10


Vulnerable software installed: Linux kernel 4.18.0-553.107.1.el8_10 (repo: rhel-8-for-x86_64-baseos-rpms)

 * Required patch [CVE-2010-82267] is not installed, no patches discovered.",,,,
Vulnerability item,NXP-163245,8964255,2862478.0,,Open,,,07/May/2026 10:58 PM,08/Jun/2026 12:00 AM,1c842fd8.internal,Red Hat: CVE-2010-82267: kernel: crypto: algif_aead - Revert to operating out-of-place (Multiple Advisories),339df065.internal,0,redhat_linux-CVE-2010-51108,"Vulnerable OS: Red Hat Enterprise Linux 8.10


Vulnerable software installed: Linux kernel 4.18.0-553.107.1.el8_10 (repo: rhel-8-for-x86_64-baseos-rpms)

 * Required patch [CVE-2010-82267] is not installed, no patches discovered.",,,,
Vulnerability item,NXP-5022456,5764259,358954.0,,Open,,,07/May/2026 10:58 PM,08/Jun/2026 12:00 AM,88ae6e03.internal,Red Hat: CVE-2010-82267: kernel: crypto: algif_aead - Revert to operating out-of-place (Multiple Advisories),a7e17de1.internal,0,redhat_linux-CVE-2010-51108,"Vulnerable OS: Red Hat Enterprise Linux 8.10


Vulnerable software installed: Linux kernel 4.18.0-553.107.1.el8_10 (repo: rhel-8-for-x86_64-baseos-rpms)

 * Required patch [CVE-2010-82267] is not installed, no patches discovered.",,,,
Vulnerability item,NXP-6595765,7676483,2889993.0,,Open,,,07/May/2026 10:58 PM,08/Jun/2026 12:00 AM,16c88d01.internal,Red Hat: CVE-2010-82267: kernel: crypto: algif_aead - Revert to operating out-of-place (Multiple Advisories),472f8201.internal,0,redhat_linux-CVE-2010-51108,"Vulnerable OS: Red Hat Enterprise Linux 8.10


Vulnerable software installed: Linux kernel 4.18.0-553.107.1.el8_10 (repo: rhel-8-for-x86_64-baseos-rpms)

 * Required patch [CVE-2010-82267] is not installed, no patches discovered.",,,,
Vulnerability item,NXP-8564769,2682194,7113901.0,,Open,,,07/May/2026 10:58 PM,08/Jun/2026 12:00 AM,996ef33d.internal,Red Hat: CVE-2010-82267: kernel: crypto: algif_aead - Revert to operating out-of-place (Multiple Advisories),09570f2c.internal,0,redhat_linux-CVE-2010-51108,"Vulnerable OS: Red Hat Enterprise Linux 8.10


Vulnerable software installed: Linux kernel 4.18.0-553.107.1.el8_10 (repo: rhel-8-for-x86_64-baseos-rpms)

 * Required patch [CVE-2010-82267] is not installed, no patches discovered.",,,,
Vulnerability item,NXP-6233620,6892594,3909090.0,,Open,,,07/May/2026 10:58 PM,08/Jun/2026 12:00 AM,b7d3fce4.internal,Red Hat: CVE-2010-82267: kernel: crypto: algif_aead - Revert to operating out-of-place (Multiple Advisories),01a2b327.internal,0,redhat_linux-CVE-2010-51108,"Vulnerable OS: Red Hat Enterprise Linux 8.10


Vulnerable software installed: Linux kernel 4.18.0-553.107.1.el8_10 (repo: rhel-8-for-x86_64-baseos-rpms)

 * Required patch [CVE-2010-82267] is not installed, no patches discovered.",,,,
Vulnerability item,NXP-7473832,5306254,1153657.0,,Open,,,07/May/2026 10:58 PM,08/Jun/2026 12:00 AM,7ce006ff.internal,Red Hat: CVE-2010-82267: kernel: crypto: algif_aead - Revert to operating out-of-place (Multiple Advisories),3135b52a.internal,0,redhat_linux-CVE-2010-51108,"Vulnerable OS: Red Hat Enterprise Linux 8.10


Vulnerable software installed: Linux kernel 4.18.0-553.107.1.el8_10 (repo: rhel-8-for-x86_64-baseos-rpms)

 * Required patch [CVE-2010-82267] is not installed, no patches discovered.",,,,
Vulnerability item,NXP-928414,5686816,2935254.0,,Open,,,07/May/2026 10:57 PM,08/Jun/2026 12:00 AM,0ee7a515.internal,Red Hat: CVE-2010-82267: kernel: crypto: algif_aead - Revert to operating out-of-place (Multiple Advisories),5643d64b.internal,0,redhat_linux-CVE-2010-51108,"Vulnerable OS: Red Hat Enterprise Linux 8.10


Vulnerable software installed: Linux kernel 4.18.0-553.107.1.el8_10 (repo: rhel-8-for-x86_64-baseos-rpms)

 * Required patch [CVE-2010-82267] is not installed, no patches discovered.",,,,
Vulnerability item,NXP-4154076,5768962,2880093.0,,Open,,,07/May/2026 10:57 PM,08/Jun/2026 12:00 AM,b9f10344.internal,Red Hat: CVE-2010-82267: kernel: crypto: algif_aead - Revert to operating out-of-place (Multiple Advisories),26446929.internal,0,redhat_linux-CVE-2010-51108,"Vulnerable OS: Red Hat Enterprise Linux 8.10


Vulnerable software installed: Linux kernel 4.18.0-553.107.1.el8_10 (repo: rhel-8-for-x86_64-baseos-rpms)

 * Required patch [CVE-2010-82267] is not installed, no patches discovered.",,,,
Vulnerability item,NXP-1624520,644733,8947663.0,,Open,,,07/May/2026 10:57 PM,08/Jun/2026 12:00 AM,b09bc00e.internal,Red Hat: CVE-2010-82267: kernel: crypto: algif_aead - Revert to operating out-of-place (Multiple Advisories),767e9ec1.internal,0,redhat_linux-CVE-2010-51108,"Vulnerable OS: Red Hat Enterprise Linux 8.10


Vulnerable software installed: Linux kernel 4.18.0-553.107.1.el8_10 (repo: rhel-8-for-x86_64-baseos-rpms)

 * Required patch [CVE-2010-82267] is not installed, no patches discovered.",,,,
Vulnerability item,NXP-8086602,2209109,6156751.0,,Open,,,07/May/2026 10:57 PM,08/Jun/2026 12:00 AM,43b0dc0d.internal,Red Hat: CVE-2010-82267: kernel: crypto: algif_aead - Revert to operating out-of-place (Multiple Advisories),639b0026.internal,0,redhat_linux-CVE-2010-51108,"Vulnerable OS: Red Hat Enterprise Linux 8.10


Vulnerable software installed: Linux kernel 4.18.0-553.107.1.el8_10 (repo: rhel-8-for-x86_64-baseos-rpms)

 * Required patch [CVE-2010-82267] is not installed, no patches discovered.",,,,
Vulnerability item,NXP-6405376,1320472,4130574.0,,Open,,,07/May/2026 10:57 PM,08/Jun/2026 12:00 AM,e491352d.internal,Red Hat: CVE-2010-82267: kernel: crypto: algif_aead - Revert to operating out-of-place (Multiple Advisories),1c3f531d.internal,0,redhat_linux-CVE-2010-51108,"Vulnerable OS: Red Hat Enterprise Linux 9.7


Vulnerable software installed: Linux kernel 5.14.0-611.35.1.el9_7 (repo: rhel-9-for-x86_64-baseos-rpms)

 * Required patch [CVE-2010-82267] is not installed, no patches discovered.",,,,
Vulnerability item,NXP-7546969,1039613,7050740.0,,Open,,,07/May/2026 10:57 PM,08/Jun/2026 12:00 AM,76d815e5.internal,Red Hat: CVE-2010-82267: kernel: crypto: algif_aead - Revert to operating out-of-place (Multiple Advisories),57fe07a8.internal,0,redhat_linux-CVE-2010-51108,"Vulnerable OS: Red Hat Enterprise Linux 9.7


Vulnerable software installed: Linux kernel 5.14.0-611.35.1.el9_7 (repo: rhel-9-for-x86_64-baseos-rpms)

 * Required patch [CVE-2010-82267] is not installed, no patches discovered.",,,,
Vulnerability item,NXP-8258008,1141753,1759990.0,,Open,,,07/May/2026 10:57 PM,08/Jun/2026 12:00 AM,b3227c4a.internal,Red Hat: CVE-2010-82267: kernel: crypto: algif_aead - Revert to operating out-of-place (Multiple Advisories),c4278188.internal,0,redhat_linux-CVE-2010-51108,"Vulnerable OS: Red Hat Enterprise Linux 8.10


Vulnerable software installed: Linux kernel 4.18.0-553.107.1.el8_10 (repo: rhel-8-for-x86_64-baseos-rpms)

 * Required patch [CVE-2010-82267] is not installed, no patches discovered.",,,,
Vulnerability item,NXP-3550677,6524984,2483033.0,,Open,,,07/May/2026 10:57 PM,08/Jun/2026 12:00 AM,6cff6c01.internal,Red Hat: CVE-2010-82267: kernel: crypto: algif_aead - Revert to operating out-of-place (Multiple Advisories),496f073b.internal,0,redhat_linux-CVE-2010-51108,"Vulnerable OS: Red Hat Enterprise Linux 8.10


Vulnerable software installed: Linux kernel 4.18.0-553.107.1.el8_10 (repo: rhel-8-for-x86_64-baseos-rpms)

 * Required patch [CVE-2010-82267] is not installed, no patches discovered.",,,,
Vulnerability item,NXP-4112289,6631858,6287216.0,,Open,,,07/May/2026 10:57 PM,08/Jun/2026 12:00 AM,8c146f99.internal,Red Hat: CVE-2010-82267: kernel: crypto: algif_aead - Revert to operating out-of-place (Multiple Advisories),a3b92755.internal,0,redhat_linux-CVE-2010-51108,"Vulnerable OS: Red Hat Enterprise Linux 9.7


Vulnerable software installed: Linux kernel 5.14.0-611.35.1.el9_7 (repo: rhel-9-for-x86_64-baseos-rpms)

 * Required patch [CVE-2010-82267] is not installed, no patches discovered.",,,,
Vulnerability item,NXP-4453745,8268844,4835663.0,,Open,,,08/May/2026 12:20 AM,09/Jun/2026 12:00 AM,af694a91.internal,Red Hat: CVE-2010-82267: kernel: crypto: algif_aead - Revert to operating out-of-place (Multiple Advisories),4fd30adb.internal,0,redhat_linux-CVE-2010-51108,"Vulnerable OS: Red Hat Enterprise Linux 8.10


Vulnerable software installed: Linux kernel 4.18.0-553.107.1.el8_10 (repo: rhel-8-for-x86_64-baseos-rpms)

 * Required patch [CVE-2010-82267] is not installed, no patches discovered.",,,,
Vulnerability item,NXP-198750,8402591,4351807.0,usr8c027,Open,,,07/May/2026 10:57 PM,16/Jun/2026 12:00 AM,5a359ec3.internal,Azul Zulu: CVE-2009-59816: WebKit Active Code Execution Vulnerability,7cd385d1.internal,0,azul-zulu-CVE-2009-70199,"Vulnerable OS: Red Hat Enterprise Linux 8.10


Vulnerable software installed: Azul Systems JRE 1.8.0.422 (/stxbase/stxapp/java/zulu8.80.0.18-sa-jdk8.0.422-linux_x64/jre/lib/rt.jar)

Vulnerable OS: Red Hat Enterprise Linux 8.10


Vulnerable software installed: Azul Systems JRE 17.52.18 (/stxbase/stxapp/java/zulu17.52.18-sa-jdk17.0.12-linux_x64/lib/54c8aa44.internal)

Vulnerable OS: Red Hat Enterprise Linux 8.10


Vulnerable software installed: Azul Systems JRE 11.74.16 (/stxbase/stxapp/java/zulu11.74.16-sa-jdk11.0.24-linux_x64/lib/54c8aa44.internal)",,,,
Vulnerability item,NXP-6031518,1110448,3308908.0,usr8c027,Open,,,07/May/2026 10:57 PM,16/Jun/2026 12:00 AM,e05d8d95.internal,Azul Zulu: CVE-2009-59816: WebKit Active Code Execution Vulnerability,5934cb7d.internal,0,azul-zulu-CVE-2009-70199,"Vulnerable OS: Red Hat Enterprise Linux 8.10


Vulnerable software installed: Azul Systems JRE 1.8.0.422 (/stxbase/stxapp/java/zulu8.80.0.18-sa-jdk8.0.422-linux_x64/jre/lib/rt.jar)

Vulnerable OS: Red Hat Enterprise Linux 8.10


Vulnerable software installed: Azul Systems JRE 17.52.18 (/stxbase/stxapp/java/zulu17.52.18-sa-jdk17.0.12-linux_x64/lib/54c8aa44.internal)

Vulnerable OS: Red Hat Enterprise Linux 8.10


Vulnerable software installed: Azul Systems JRE 11.74.16 (/stxbase/stxapp/java/zulu11.74.16-sa-jdk11.0.24-linux_x64/lib/54c8aa44.internal)",,,,
Vulnerability item,NXP-2651622,1507535,4582227.0,usr8c027,Open,,,07/May/2026 10:57 PM,16/Jun/2026 12:00 AM,b0161f04.internal,Azul Zulu: CVE-2009-59816: WebKit Active Code Execution Vulnerability,42981e2d.internal,0,azul-zulu-CVE-2009-70199,"Vulnerable OS: Red Hat Enterprise Linux 8.10


Vulnerable software installed: Azul Systems JRE 1.8.0.422 (/stxbase/stxapp/java/zulu8.80.0.18-sa-jdk8.0.422-linux_x64/jre/lib/rt.jar)

Vulnerable OS: Red Hat Enterprise Linux 8.10


Vulnerable software installed: Azul Systems JRE 1.8.0.342 (/stxbase/stxapp/java/zulu8.64.0.16-sa-jdk8.0.342-linux_x64/jre/lib/rt.jar)

Vulnerable OS: Red Hat Enterprise Linux 8.10


Vulnerable software installed: Azul Systems JRE 1.8.0.312 (/stxbase/stxapp/java/zulu8.58.0.14-sa-jdk8.0.312-linux_x64/jre/lib/rt.jar)

Vulnerable OS: Red Hat Enterprise Linux 8.10


Vulnerable software installed: Azul Systems JRE 17.52.18 (/stxbase/stxapp/java/zulu17.52.18-sa-jdk17.0.12-linux_x64/lib/54c8aa44.internal)

Vulnerable OS: Red Hat Enterprise Linux 8.10


Vulnerable software installed: Azul Systems JRE 11.74.16 (/stxbase/stxapp/java/zulu11.74.16-sa-jdk11.0.24-linux_x64/lib/54c8aa44.internal)

Vulnerable OS: Red Hat Enterprise Linux 8.10


Vulnerable software installed: Azul Systems JRE 11.58.16 (/stxbase/stxapp/java/zulu11.58.16-sa-jdk11.0.16-linux_x64/lib/54c8aa44.internal)",,,,
Vulnerability item,NXP-8001118,428445,8158882.0,usr8c027,Open,,,07/May/2026 10:57 PM,16/Jun/2026 12:00 AM,8f4ea7d2.internal,Azul Zulu: CVE-2009-59816: WebKit Active Code Execution Vulnerability,a59dd525.internal,0,azul-zulu-CVE-2009-70199,"Vulnerable OS: Red Hat Enterprise Linux 8.10


Vulnerable software installed: Azul Systems JRE 1.8.0.422 (/stxbase/stxapp/java/zulu8.80.0.18-sa-jdk8.0.422-linux_x64/jre/lib/rt.jar)

Vulnerable OS: Red Hat Enterprise Linux 8.10


Vulnerable software installed: Azul Systems JRE 1.8.0.342 (/stxbase/stxapp/java/zulu8.64.0.16-sa-jdk8.0.342-linux_x64/jre/lib/rt.jar)

Vulnerable OS: Red Hat Enterprise Linux 8.10


Vulnerable software installed: Azul Systems JRE 1.8.0.312 (/stxbase/stxapp/java/zulu8.58.0.14-sa-jdk8.0.312-linux_x64/jre/lib/rt.jar)

Vulnerable OS: Red Hat Enterprise Linux 8.10


Vulnerable software installed: Azul Systems JRE 17.52.18 (/stxbase/stxapp/java/zulu17.52.18-sa-jdk17.0.12-linux_x64/lib/54c8aa44.internal)

Vulnerable OS: Red Hat Enterprise Linux 8.10


Vulnerable software installed: Azul Systems JRE 11.74.16 (/stxbase/stxapp/java/zulu11.74.16-sa-jdk11.0.24-linux_x64/lib/54c8aa44.internal)

Vulnerable OS: Red Hat Enterprise Linux 8.10


Vulnerable software installed: Azul Systems JRE 11.58.16 (/stxbase/stxapp/java/zulu11.58.16-sa-jdk11.0.16-linux_x64/lib/54c8aa44.internal)",,,,
Vulnerability item,NXP-6937236,2936624,1935635.0,usr8c027,Open,,,07/May/2026 10:57 PM,16/Jun/2026 12:00 AM,e52a3b6b.internal,Azul Zulu: CVE-2009-59816: WebKit Active Code Execution Vulnerability,bcdb1e0a.internal,0,azul-zulu-CVE-2009-70199,"Vulnerable OS: Red Hat Enterprise Linux 9.7


Vulnerable software installed: Azul Systems JRE 17.52.18 (/stxbase/stxapp/java/zulu17.52.18-sa-jdk17.0.12-linux_x64/lib/54c8aa44.internal)

Vulnerable OS: Red Hat Enterprise Linux 9.7


Vulnerable software installed: Azul Systems JRE 11.74.16 (/stxbase/stxapp/java/zulu11.74.16-sa-jdk11.0.24-linux_x64/lib/54c8aa44.internal)

Vulnerable OS: Red Hat Enterprise Linux 9.7


Vulnerable software installed: Azul Systems JRE 1.8.0.422 (/stxbase/stxapp/java/zulu8.80.0.18-sa-jdk8.0.422-linux_x64/jre/lib/rt.jar)

Vulnerable OS: Red Hat Enterprise Linux 9.7


Vulnerable software installed: Azul Systems JRE 11.58.16 (/stxbase/stxapp/java/zulu11.58.16-sa-jdk11.0.16-linux_x64/lib/54c8aa44.internal)

Vulnerable OS: Red Hat Enterprise Linux 9.7


Vulnerable software installed: Azul Systems JRE 1.8.0.342 (/stxbase/stxapp/java/zulu8.64.0.16-sa-jdk8.0.342-linux_x64/jre/lib/rt.jar)

Vulnerable OS: Red Hat Enterprise Linux 9.7


Vulnerable software installed: Azul Systems JRE 17.48.16 (/stxbase/stxapp/webms/webmcc1015/SAGUpdateManager/jvm/jre/lib/54c8aa44.internal)

Vulnerable OS: Red Hat Enterprise Linux 9.7


Vulnerable software installed: Azul Systems JRE 17.48.16 (/stxbase/stxapp/webms/webm1015/SAGUpdateManager/jvm/jre/lib/54c8aa44.internal)

Vulnerable OS: Red Hat Enterprise Linux 9.7


Vulnerable software installed: Azul Systems JRE 11.68.18 (/stxbase/stxapp/webmp/webm1015/jvm/d7865085.internal/lib/54c8aa44.internal)

Vulnerable OS: Red Hat Enterprise Linux 9.7


Vulnerable software installed: Azul Systems JRE 11.70.16 (/stxbase/stxapp/webmp/webm1015/jvm/jvm/lib/54c8aa44.internal)

Vulnerable OS: Red Hat Enterprise Linux 9.7


Vulnerable software installed: Azul Systems JRE 17.48.16 (/stxbase/stxapp/webmp/webm1015/SAGUpdateManager/jvm/jre/lib/54c8aa44.internal)

Vulnerable OS: Red Hat Enterprise Linux 9.7


Vulnerable software installed: Azul Systems JRE 17.56.16 (/stxbase/stxapp/webmp/webm1015/IBMUpdateManager/jvm/jre/lib/54c8aa44.internal)

Vulnerable OS: Red Hat Enterprise Linux 9.7


Vulnerable software installed: Azul Systems JRE 11.70.16 (/stxbase/stxapp/webms/webm1015/jvm/45b82d93.internal/lib/54c8aa44.internal)

Vulnerable OS: Red Hat Enterprise Linux 9.7


Vulnerable software installed: Azul Systems JRE 11.70.16 (/stxbase/stxapp/webms/webmcc1015/jvm/b007ed6a.internal/lib/54c8aa44.internal)",,,,
Vulnerability item,NXP-7409069,2419361,6287216.0,usr8c027,Open,,,07/May/2026 10:57 PM,16/Jun/2026 12:00 AM,8c146f99.internal,Azul Zulu: CVE-2009-59816: WebKit Active Code Execution Vulnerability,a3b92755.internal,0,azul-zulu-CVE-2009-70199,"Vulnerable OS: Red Hat Enterprise Linux 9.7


Vulnerable software installed: Azul Systems JRE 17.52.18 (/stxbase/stxapp/java/zulu17.52.18-sa-jdk17.0.12-linux_x64/lib/54c8aa44.internal)

Vulnerable OS: Red Hat Enterprise Linux 9.7


Vulnerable software installed: Azul Systems JRE 11.74.16 (/stxbase/stxapp/java/zulu11.74.16-sa-jdk11.0.24-linux_x64/lib/54c8aa44.internal)

Vulnerable OS: Red Hat Enterprise Linux 9.7


Vulnerable software installed: Azul Systems JRE 1.8.0.422 (/stxbase/stxapp/java/zulu8.80.0.18-sa-jdk8.0.422-linux_x64/jre/lib/rt.jar)

Vulnerable OS: Red Hat Enterprise Linux 9.7


Vulnerable software installed: Azul Systems JRE 11.58.16 (/stxbase/stxapp/java/zulu11.58.16-sa-jdk11.0.16-linux_x64/lib/54c8aa44.internal)

Vulnerable OS: Red Hat Enterprise Linux 9.7


Vulnerable software installed: Azul Systems JRE 1.8.0.342 (/stxbase/stxapp/java/zulu8.64.0.16-sa-jdk8.0.342-linux_x64/jre/lib/rt.jar)",,,,
Vulnerability item,NXP-7652188,8714922,5809572.0,,Open,,,07/May/2026 10:57 PM,07/Jul/2026 12:00 AM,f73967d0.internal,Adobe Acrobat: CVE-2010-10177: Security updates available for Adobe Acrobat and Reader (APSB26-43),f73967d0.internal,0,adobe-acrobat-CVE-2010-80586,"Vulnerable OS: Microsoft Windows Server 2019 Standard Edition 1809


Vulnerable software installed: Adobe Acrobat (64-bit) 25.001.21184 (C:\Program Files\Adobe\Acrobat DC\Acrobat\d79536b1.internal)",,,,
Vulnerability item,NXP-4816616,7792710,5809572.0,,Open,,,07/May/2026 10:57 PM,23/Jun/2026 12:00 AM,f73967d0.internal,Microsoft Edge (Chromium-based): CVE-2010-86189: Use after free in Dawn,f73967d0.internal,0,microsoft-edge-CVE-2010-71656,"Vulnerable OS: Microsoft Windows Server 2019 Standard Edition 1809


Vulnerable software installed: Microsoft Edge 146.0.3856.84 (C:\Program Files (x86)\Microsoft\Edge\Application\504f34da.internal)",,,,
Vulnerability item,NXP-327511,8967683,3375445.0,,Open,,,07/May/2026 10:57 PM,07/Jul/2026 12:00 AM,2457f6a5.internal,Adobe Acrobat: CVE-2010-10177: Security updates available for Adobe Acrobat and Reader (APSB26-43),2457f6a5.internal,0,adobe-acrobat-CVE-2010-80586,"Vulnerable OS: Microsoft Windows Server 2019 Standard Edition 1809


Vulnerable software installed: Adobe Acrobat (64-bit) 25.001.21184 (C:\Program Files\Adobe\Acrobat DC\Acrobat\d79536b1.internal)",,,,
Vulnerability item,NXP-341544,2386918,3240197.0,,Open,,,07/May/2026 10:57 PM,07/Jul/2026 12:00 AM,53545f8c.internal,Adobe Acrobat: CVE-2010-10177: Security updates available for Adobe Acrobat and Reader (APSB26-43),53545f8c.internal,0,adobe-acrobat-CVE-2010-80586,"Vulnerable OS: Microsoft Windows Server 2019 Standard Edition 1809


Vulnerable software installed: Adobe Acrobat (64-bit) 25.001.21184 (C:\Program Files\Adobe\Acrobat DC\Acrobat\d79536b1.internal)",,,,
Vulnerability item,NXP-1790039,6284115,2483033.0,usr8c027,Open,,,07/May/2026 10:57 PM,16/Jun/2026 12:00 AM,6cff6c01.internal,Azul Zulu: CVE-2009-59816: WebKit Active Code Execution Vulnerability,496f073b.internal,0,azul-zulu-CVE-2009-70199,"Vulnerable OS: Red Hat Enterprise Linux 8.10


Vulnerable software installed: Azul Systems JRE 1.8.0.422 (/stxbase/stxapp/java/zulu8.80.0.18-sa-jdk8.0.422-linux_x64/jre/lib/rt.jar)

Vulnerable OS: Red Hat Enterprise Linux 8.10


Vulnerable software installed: Azul Systems JRE 17.52.18 (/stxbase/stxapp/java/zulu17.52.18-sa-jdk17.0.12-linux_x64/lib/54c8aa44.internal)

Vulnerable OS: Red Hat Enterprise Linux 8.10


Vulnerable software installed: Azul Systems JRE 11.74.16 (/stxbase/stxapp/java/zulu11.74.16-sa-jdk11.0.24-linux_x64/lib/54c8aa44.internal)

Vulnerable OS: Red Hat Enterprise Linux 8.10


Vulnerable software installed: Azul Systems JRE 1.8.0.382 (/stxbase/stxapp/infa/105/java/jre/lib/rt.jar)

Vulnerable OS: Red Hat Enterprise Linux 8.10


Vulnerable software installed: Azul Systems JRE 1.8.0.282 (/stxbase/stxapp/infa/105/tools/mongodb/Tools/SchemaEditor/runtime/jre/lib/rt.jar)

Vulnerable OS: Red Hat Enterprise Linux 8.10


Vulnerable software installed: Azul Systems JRE 1.8.0.382 (/stxbase/stxapp/infa/105/source/java/jre/lib/rt.jar)",,,,
Vulnerability item,NXP-1395458,7688517,1759990.0,usr8c027,Open,,,07/May/2026 10:57 PM,16/Jun/2026 12:00 AM,b3227c4a.internal,Azul Zulu: CVE-2009-59816: WebKit Active Code Execution Vulnerability,c4278188.internal,0,azul-zulu-CVE-2009-70199,"Vulnerable OS: Red Hat Enterprise Linux 8.10


Vulnerable software installed: Azul Systems JRE 1.8.0.422 (/stxbase/stxapp/java/zulu8.80.0.18-sa-jdk8.0.422-linux_x64/jre/lib/rt.jar)

Vulnerable OS: Red Hat Enterprise Linux 8.10


Vulnerable software installed: Azul Systems JRE 17.52.18 (/stxbase/stxapp/java/zulu17.52.18-sa-jdk17.0.12-linux_x64/lib/54c8aa44.internal)

Vulnerable OS: Red Hat Enterprise Linux 8.10


Vulnerable software installed: Azul Systems JRE 11.74.16 (/stxbase/stxapp/java/zulu11.74.16-sa-jdk11.0.24-linux_x64/lib/54c8aa44.internal)

Vulnerable OS: Red Hat Enterprise Linux 8.10


Vulnerable software installed: Azul Systems JRE 1.8.0.382 (/stxbase/stxapp/infa/105/java/jre/lib/rt.jar)

Vulnerable OS: Red Hat Enterprise Linux 8.10


Vulnerable software installed: Azul Systems JRE 1.8.0.282 (/stxbase/stxapp/infa/105/tools/mongodb/Tools/SchemaEditor/runtime/jre/lib/rt.jar)

Vulnerable OS: Red Hat Enterprise Linux 8.10


Vulnerable software installed: Azul Systems JRE 1.8.0.382 (/stxbase/stxapp/infa/105/source/java/jre/lib/rt.jar)",,,,
Vulnerability item,NXP-8162117,2492722,7050740.0,usr8c027,Open,,,07/May/2026 10:57 PM,16/Jun/2026 12:00 AM,76d815e5.internal,Azul Zulu: CVE-2009-59816: WebKit Active Code Execution Vulnerability,57fe07a8.internal,0,azul-zulu-CVE-2009-70199,"Vulnerable OS: Red Hat Enterprise Linux 9.7


Vulnerable software installed: Azul Systems JRE 17.52.18 (/stxbase/stxapp/java/zulu17.52.18-sa-jdk17.0.12-linux_x64/lib/54c8aa44.internal)

Vulnerable OS: Red Hat Enterprise Linux 9.7


Vulnerable software installed: Azul Systems JRE 11.74.16 (/stxbase/stxapp/java/zulu11.74.16-sa-jdk11.0.24-linux_x64/lib/54c8aa44.internal)",,,,
Vulnerability item,NXP-2407613,2512661,4130574.0,usr8c027,Open,,,07/May/2026 10:57 PM,16/Jun/2026 12:00 AM,e491352d.internal,Azul Zulu: CVE-2009-59816: WebKit Active Code Execution Vulnerability,1c3f531d.internal,0,azul-zulu-CVE-2009-70199,"Vulnerable OS: Red Hat Enterprise Linux 9.7


Vulnerable software installed: Azul Systems JRE 17.52.18 (/stxbase/stxapp/java/zulu17.52.18-sa-jdk17.0.12-linux_x64/lib/54c8aa44.internal)

Vulnerable OS: Red Hat Enterprise Linux 9.7


Vulnerable software installed: Azul Systems JRE 11.74.16 (/stxbase/stxapp/java/zulu11.74.16-sa-jdk11.0.24-linux_x64/lib/54c8aa44.internal)",,,,
Vulnerability item,NXP-4072903,4125456,6156751.0,usr8c027,Open,,,07/May/2026 10:57 PM,16/Jun/2026 12:00 AM,43b0dc0d.internal,Azul Zulu: CVE-2009-59816: WebKit Active Code Execution Vulnerability,639b0026.internal,0,azul-zulu-CVE-2009-70199,"Vulnerable OS: Red Hat Enterprise Linux 8.10


Vulnerable software installed: Azul Systems JRE 1.8.0.422 (/stxbase/stxapp/java/zulu8.80.0.18-sa-jdk8.0.422-linux_x64/jre/lib/rt.jar)

Vulnerable OS: Red Hat Enterprise Linux 8.10


Vulnerable software installed: Azul Systems JRE 17.52.18 (/stxbase/stxapp/java/zulu17.52.18-sa-jdk17.0.12-linux_x64/lib/54c8aa44.internal)

Vulnerable OS: Red Hat Enterprise Linux 8.10


Vulnerable software installed: Azul Systems JRE 11.74.16 (/stxbase/stxapp/java/zulu11.74.16-sa-jdk11.0.24-linux_x64/lib/54c8aa44.internal)

Vulnerable OS: Red Hat Enterprise Linux 8.10


Vulnerable software installed: Azul Systems JRE 1.8.0.382 (/stxbase/stxapp/infa/105/java/jre/lib/rt.jar)

Vulnerable OS: Red Hat Enterprise Linux 8.10


Vulnerable software installed: Azul Systems JRE 1.8.0.282 (/stxbase/stxapp/infa/105/tools/mongodb/Tools/SchemaEditor/runtime/jre/lib/rt.jar)

Vulnerable OS: Red Hat Enterprise Linux 8.10


Vulnerable software installed: Azul Systems JRE 1.8.0.382 (/stxbase/stxapp/infa/105/source/java/jre/lib/rt.jar)",,,,
Vulnerability item,NXP-4258736,722480,8947663.0,usr8c027,Open,,,07/May/2026 10:57 PM,16/Jun/2026 12:00 AM,b09bc00e.internal,Azul Zulu: CVE-2009-59816: WebKit Active Code Execution Vulnerability,767e9ec1.internal,0,azul-zulu-CVE-2009-70199,"Vulnerable OS: Red Hat Enterprise Linux 8.10


Vulnerable software installed: Azul Systems JRE 1.8.0.422 (/stxbase/stxapp/java/zulu8.80.0.18-sa-jdk8.0.422-linux_x64/jre/lib/rt.jar)

Vulnerable OS: Red Hat Enterprise Linux 8.10


Vulnerable software installed: Azul Systems JRE 17.52.18 (/stxbase/stxapp/java/zulu17.52.18-sa-jdk17.0.12-linux_x64/lib/54c8aa44.internal)

Vulnerable OS: Red Hat Enterprise Linux 8.10


Vulnerable software installed: Azul Systems JRE 11.74.16 (/stxbase/stxapp/java/zulu11.74.16-sa-jdk11.0.24-linux_x64/lib/54c8aa44.internal)

Vulnerable OS: Red Hat Enterprise Linux 8.10


Vulnerable software installed: Azul Systems JRE 1.8.0.382 (/stxbase/stxapp/infa/105/java/jre/lib/rt.jar)

Vulnerable OS: Red Hat Enterprise Linux 8.10


Vulnerable software installed: Azul Systems JRE 1.8.0.282 (/stxbase/stxapp/infa/105/tools/mongodb/Tools/SchemaEditor/runtime/jre/lib/rt.jar)

Vulnerable OS: Red Hat Enterprise Linux 8.10


Vulnerable software installed: Azul Systems JRE 1.8.0.382 (/stxbase/stxapp/infa/105/source/java/jre/lib/rt.jar)",,,,
Vulnerability item,NXP-7158903,2371962,2880093.0,usr8c027,Open,,,07/May/2026 10:57 PM,16/Jun/2026 12:00 AM,b9f10344.internal,Azul Zulu: CVE-2009-59816: WebKit Active Code Execution Vulnerability,26446929.internal,0,azul-zulu-CVE-2009-70199,"Vulnerable OS: Red Hat Enterprise Linux 8.10


Vulnerable software installed: Azul Systems JRE 1.8.0.422 (/stxbase/stxapp/java/zulu8.80.0.18-sa-jdk8.0.422-linux_x64/jre/lib/rt.jar)

Vulnerable OS: Red Hat Enterprise Linux 8.10


Vulnerable software installed: Azul Systems JRE 17.52.18 (/stxbase/stxapp/java/zulu17.52.18-sa-jdk17.0.12-linux_x64/lib/54c8aa44.internal)

Vulnerable OS: Red Hat Enterprise Linux 8.10


Vulnerable software installed: Azul Systems JRE 11.74.16 (/stxbase/stxapp/java/zulu11.74.16-sa-jdk11.0.24-linux_x64/lib/54c8aa44.internal)

Vulnerable OS: Red Hat Enterprise Linux 8.10


Vulnerable software installed: Azul Systems JRE 1.8.0.382 (/stxbase/stxapp/infa/105/java/jre/lib/rt.jar)

Vulnerable OS: Red Hat Enterprise Linux 8.10


Vulnerable software installed: Azul Systems JRE 1.8.0.282 (/stxbase/stxapp/infa/105/tools/mongodb/Tools/SchemaEditor/runtime/jre/lib/rt.jar)

Vulnerable OS: Red Hat Enterprise Linux 8.10


Vulnerable software installed: Azul Systems JRE 1.8.0.382 (/stxbase/stxapp/infa/105/source/java/jre/lib/rt.jar)",,,,
Vulnerability item,NXP-6231167,4758904,2935254.0,usr8c027,Open,,,07/May/2026 10:57 PM,16/Jun/2026 12:00 AM,0ee7a515.internal,Azul Zulu: CVE-2009-59816: WebKit Active Code Execution Vulnerability,5643d64b.internal,0,azul-zulu-CVE-2009-70199,"Vulnerable OS: Red Hat Enterprise Linux 8.10


Vulnerable software installed: Azul Systems JRE 1.8.0.422 (/stxbase/stxapp/java/zulu8.80.0.18-sa-jdk8.0.422-linux_x64/jre/lib/rt.jar)

Vulnerable OS: Red Hat Enterprise Linux 8.10


Vulnerable software installed: Azul Systems JRE 17.52.18 (/stxbase/stxapp/java/zulu17.52.18-sa-jdk17.0.12-linux_x64/lib/54c8aa44.internal)

Vulnerable OS: Red Hat Enterprise Linux 8.10


Vulnerable software installed: Azul Systems JRE 11.74.16 (/stxbase/stxapp/java/zulu11.74.16-sa-jdk11.0.24-linux_x64/lib/54c8aa44.internal)

Vulnerable OS: Red Hat Enterprise Linux 8.10


Vulnerable software installed: Azul Systems JRE 1.8.0.382 (/stxbase/stxapp/infa/105/java/jre/lib/rt.jar)

Vulnerable OS: Red Hat Enterprise Linux 8.10


Vulnerable software installed: Azul Systems JRE 1.8.0.282 (/stxbase/stxapp/infa/105/tools/mongodb/Tools/SchemaEditor/runtime/jre/lib/rt.jar)

Vulnerable OS: Red Hat Enterprise Linux 8.10


Vulnerable software installed: Azul Systems JRE 1.8.0.382 (/stxbase/stxapp/infa/105/source/java/jre/lib/rt.jar)",,,,
Vulnerability item,NXP-8796795,3118080,1153657.0,usr8c027,Open,,,07/May/2026 10:57 PM,16/Jun/2026 12:00 AM,7ce006ff.internal,Azul Zulu: CVE-2009-59816: WebKit Active Code Execution Vulnerability,3135b52a.internal,0,azul-zulu-CVE-2009-70199,"Vulnerable OS: Red Hat Enterprise Linux 8.10


Vulnerable software installed: Azul Systems JRE 1.8.0.422 (/stxbase/stxapp/java/zulu8.80.0.18-sa-jdk8.0.422-linux_x64/jre/lib/rt.jar)

Vulnerable OS: Red Hat Enterprise Linux 8.10


Vulnerable software installed: Azul Systems JRE 17.52.18 (/stxbase/stxapp/java/zulu17.52.18-sa-jdk17.0.12-linux_x64/lib/54c8aa44.internal)

Vulnerable OS: Red Hat Enterprise Linux 8.10


Vulnerable software installed: Azul Systems JRE 11.74.16 (/stxbase/stxapp/java/zulu11.74.16-sa-jdk11.0.24-linux_x64/lib/54c8aa44.internal)

Vulnerable OS: Red Hat Enterprise Linux 8.10


Vulnerable software installed: Azul Systems JRE 1.8.0.382 (/stxbase/stxapp/infa/105/java/jre/lib/rt.jar)

Vulnerable OS: Red Hat Enterprise Linux 8.10


Vulnerable software installed: Azul Systems JRE 1.8.0.282 (/stxbase/stxapp/infa/105/tools/mongodb/Tools/SchemaEditor/runtime/jre/lib/rt.jar)

Vulnerable OS: Red Hat Enterprise Linux 8.10


Vulnerable software installed: Azul Systems JRE 1.8.0.382 (/stxbase/stxapp/infa/105/source/java/jre/lib/rt.jar)",,,,
Vulnerability item,NXP-3654985,7680390,891139.0,,Open,,,07/May/2026 10:56 PM,23/Jun/2026 12:00 AM,1321d888.internal,Microsoft Edge (Chromium-based): CVE-2010-86189: Use after free in Dawn,a1bc9d41.internal,0,microsoft-edge-CVE-2010-71656,"Vulnerable OS: Microsoft Windows Server 2025 24H2


Vulnerable software installed: Microsoft Edge 146.0.3856.84 (C:\Program Files (x86)\Microsoft\Edge\Application\504f34da.internal)",,,,
Vulnerability item,NXP-6495691,5177818,1173206.0,usr8c027,Open,,,07/May/2026 10:56 PM,16/Jun/2026 12:00 AM,1149058f.internal,Azul Zulu: CVE-2009-59816: WebKit Active Code Execution Vulnerability,3d9f3826.internal,0,azul-zulu-CVE-2009-70199,"Vulnerable OS: Red Hat Enterprise Linux 9.7


Vulnerable software installed: Azul Systems JRE 1.8.0.422 (/stxbase/stxapp/java/zulu8.80.0.18-sa-jdk8.0.422-linux_x64/jre/lib/rt.jar)",,,,
Vulnerability item,NXP-2202695,8742479,935320.0,usr00857,Risk Covered,,Resolved,07/May/2026 10:56 PM,14/Feb/2026 12:00 AM,b5ae312c.internal,Apache Log4j Obsolete Version,ff512ce7.internal,0,apache-log4j-obsolete-version,"Vulnerable software installed: Apache Log4j 1.2.15 (/stxbase/stxapp/MicroStrategy/install/jar/log4j-1.2.15.jar)

Vulnerable software installed: Apache Log4j 1.2.12 (/stxbase/stxapp/Informatica_cmd_utilities/PowerCenter/services/shared/jars/thirdparty/log4j-log4j-1.2.12.jar)

Vulnerable software installed: Apache Log4j 1.2.12 (/stxbase_new/stxapp/Informatica_cmd_utilities/PowerCenter/services/shared/jars/thirdparty/log4j-log4j-1.2.12.jar)

Vulnerable software installed: Apache Log4j 1.2.12 (/stxbase/stxapp/Informatica_cmd_utilities/PowerCenter/server/cci/plugins/infa/log4j-1.2.12.jar)

Vulnerable software installed: Apache Log4j 1.2.12 (/stxbase/stxapp/Informatica_cmd_utilities/PowerCenter/server/bin/javalib/log4j-1.2.12.jar)

Vulnerable software installed: Apache Log4j 1.2.12 (/stxbase/stxapp/Informatica_cmd_utilities/PowerCenter/plugins/infa/log4j-1.2.12.jar)

Vulnerable software installed: Apache Log4j 1.2.12 (/stxbase_new/stxapp/Informatica_cmd_utilities/PowerCenter/server/cci/plugins/infa/log4j-1.2.12.jar)

Vulnerable software installed: Apache Log4j 1.2.12 (/stxbase_new/stxapp/Informatica_cmd_utilities/PowerCenter/server/bin/javalib/log4j-1.2.12.jar)

Vulnerable software installed: Apache Log4j 1.2.12 (/stxbase_new/stxapp/Informatica_cmd_utilities/PowerCenter/plugins/infa/log4j-1.2.12.jar)

Vulnerable software installed: Apache Log4j 1.2.15 (/stxbase_new/stxapp/MicroStrategy/install/jar/log4j-1.2.15.jar)

Vulnerable software installed: Apache Log4j 1.2.17 (/stxbase/stxapp/DEPLOYMENT_TOOL/TEST_RUN_COMPARE/PROD/20251127/gh305_t2/deployed/dp_replication_gcp-STXAD55570-1.0.2-PackDescrC/FILE_COPY/log4j/log4j/1.2.17/log4j-1.2.17.jar)

Vulnerable software installed: Apache Log4j 1.2.17 (/stxbase_new/stxapp/DEPLOYMENT_TOOL/TEST_RUN_COMPARE/PROD/20251127/gh305_t2/deployed/dp_replication_gcp-STXAD55570-1.0.2-PackDescrC/FILE_COPY/log4j/log4j/1.2.17/log4j-1.2.17.jar)",,,,
Vulnerability item,NXP-2206840,3480048,935320.0,usr8c027,Open,,,07/May/2026 10:56 PM,16/Jun/2026 12:00 AM,b5ae312c.internal,Azul Zulu: CVE-2009-59816: WebKit Active Code Execution Vulnerability,ff512ce7.internal,0,azul-zulu-CVE-2009-70199,"Vulnerable OS: Red Hat Enterprise Linux 8.10


Vulnerable software installed: Azul Systems JRE 11.58.16 (/stxbase/stxapp/DEPLOYMENT_TOOL/java/zulu11.58.16-sa-jdk11.0.16-linux_x64/lib/54c8aa44.internal)

Vulnerable OS: Red Hat Enterprise Linux 8.10


Vulnerable software installed: Azul Systems JRE 11.58.16 (/stxbase_new/stxapp/DEPLOYMENT_TOOL/java/zulu11.58.16-sa-jdk11.0.16-linux_x64/lib/54c8aa44.internal)

Vulnerable OS: Red Hat Enterprise Linux 8.10


Vulnerable software installed: Azul Systems JRE 1.8.0.382 (/stxbase/stxapp/Informatica_cmd_utilities_1055/PowerCenter/java/jre/lib/rt.jar)

Vulnerable OS: Red Hat Enterprise Linux 8.10


Vulnerable software installed: Azul Systems JRE 1.8.0.382 (/stxbase_new/stxapp/Informatica_cmd_utilities_1055/PowerCenter/java/jre/lib/rt.jar)",,,,
Vulnerability item,NXP-763966,5072449,8319865.0,usr00857,Risk Covered,,Resolved,07/May/2026 10:56 PM,14/Feb/2026 12:00 AM,b742f2dc.internal,Apache Log4j Obsolete Version,66e30d6c.internal,0,apache-log4j-obsolete-version,"Vulnerable software installed: Apache Log4j 1.2.15 (/stxbase/stxapp/MicroStrategy/install/jar/log4j-1.2.15.jar)

Vulnerable software installed: Apache Log4j 1.2.15 (/stxbase_new/stxapp/MicroStrategy/install/jar/log4j-1.2.15.jar)",,,,
Vulnerability item,NXP-8109056,5523907,335983.0,,Open,,,07/May/2026 10:56 PM,07/Jul/2026 12:00 AM,cdd2fb74.internal,Adobe Acrobat: CVE-2010-10177: Security updates available for Adobe Acrobat and Reader (APSB26-43),59daded0.internal,0,adobe-acrobat-CVE-2010-80586,"Vulnerable OS: Microsoft Windows Server 2022 21H2


Vulnerable software installed: Adobe Acrobat (64-bit) 25.001.21288 (C:\Program Files\Adobe\Acrobat DC\Acrobat\d79536b1.internal)",,,,
Vulnerability item,NXP-3095816,4614440,444293.0,,Open,,,07/May/2026 10:56 PM,16/Jun/2026 12:00 AM,c0cd21c9.internal,Azul Zulu: CVE-2009-59816: WebKit Active Code Execution Vulnerability,0a5f00bf.internal,0,azul-zulu-CVE-2009-70199,"Vulnerable OS: Microsoft Windows Server 2022 21H2


Vulnerable software installed: Azul Systems JRE 11.66.15 (C:\Program Files\Zulu\zulu-11\\bin\0b8e4e54.internal)",,,,
Vulnerability item,NXP-627765,1350686,444293.0,,Open,,,07/May/2026 10:56 PM,23/Jun/2026 12:00 AM,c0cd21c9.internal,Microsoft Edge (Chromium-based): CVE-2010-86189: Use after free in Dawn,0a5f00bf.internal,0,microsoft-edge-CVE-2010-71656,"Vulnerable OS: Microsoft Windows Server 2022 21H2


Vulnerable software installed: Microsoft Edge 146.0.3856.84 (C:\Program Files (x86)\Microsoft\Edge\Application\504f34da.internal)",,,,
Vulnerability item,NXP-4219630,3809626,3452923.0,,Open,,,07/May/2026 10:56 PM,09/Jun/2026 12:00 AM,979da125.internal,Google Chrome Vulnerability: CVE-2010-80535,dabeb57f.internal,0,google-chrome-CVE-2010-50083,"Vulnerable OS: Microsoft Windows Server 2022 21H2


Vulnerable software installed: Google Chrome 145.0.7632.160 (C:\Program Files\Google\Chrome\Application\b9e1cbd0.internal from HKEY_LOCAL_MACHINE\Software\Wow6432Node\Microsoft\Windows\CurrentVersion\Uninstall\Google Chrome)",,,,
Vulnerability item,NXP-7178740,7186531,3452923.0,,Open,,,07/May/2026 10:56 PM,09/Jun/2026 12:00 AM,979da125.internal,Google Chrome Vulnerability: CVE-2010-50266 Inappropriate implementation in V8,dabeb57f.internal,0,google-chrome-CVE-2010-94401,"Vulnerable OS: Microsoft Windows Server 2022 21H2


Vulnerable software installed: Google Chrome 145.0.7632.160 (C:\Program Files\Google\Chrome\Application\b9e1cbd0.internal from HKEY_LOCAL_MACHINE\Software\Wow6432Node\Microsoft\Windows\CurrentVersion\Uninstall\Google Chrome)",,,,
Vulnerability item,NXP-6826822,6643280,3452923.0,,Open,,,07/May/2026 10:56 PM,23/Jun/2026 12:00 AM,979da125.internal,Google Chrome Vulnerability: CVE-2010-86189 Use after free in Dawn,dabeb57f.internal,0,google-chrome-CVE-2010-71656,"Vulnerable OS: Microsoft Windows Server 2022 21H2


Vulnerable software installed: Google Chrome 145.0.7632.160 (C:\Program Files\Google\Chrome\Application\b9e1cbd0.internal from HKEY_LOCAL_MACHINE\Software\Wow6432Node\Microsoft\Windows\CurrentVersion\Uninstall\Google Chrome)",,,,
Vulnerability item,NXP-754690,927269,311031.0,usr8c027,Open,,,07/May/2026 10:58 PM,16/Jun/2026 12:00 AM,4d296d78.internal,Azul Zulu: CVE-2009-59816: WebKit Active Code Execution Vulnerability,6dce434d.internal,0,azul-zulu-CVE-2009-70199,"Vulnerable OS: Red Hat Enterprise Linux 8.10


Vulnerable software installed: Azul Systems JRE 1.8.0.422 (/stxbase/stxapp/java/zulu8.80.0.18-sa-jdk8.0.422-linux_x64/jre/lib/rt.jar)

Vulnerable OS: Red Hat Enterprise Linux 8.10


Vulnerable software installed: Azul Systems JRE 17.52.18 (/stxbase/stxapp/java/zulu17.52.18-sa-jdk17.0.12-linux_x64/lib/54c8aa44.internal)

Vulnerable OS: Red Hat Enterprise Linux 8.10


Vulnerable software installed: Azul Systems JRE 11.74.16 (/stxbase/stxapp/java/zulu11.74.16-sa-jdk11.0.24-linux_x64/lib/54c8aa44.internal)",,,,
Vulnerability item,NXP-4869162,5943871,4437236.0,usr8c027,Open,,,07/May/2026 10:58 PM,16/Jun/2026 12:00 AM,d513ce6d.internal,Azul Zulu: CVE-2009-59816: WebKit Active Code Execution Vulnerability,d1d12476.internal,0,azul-zulu-CVE-2009-70199,"Vulnerable OS: Red Hat Enterprise Linux 8.10


Vulnerable software installed: Azul Systems JRE 1.8.0.422 (/stxbase/stxapp/java/zulu8.80.0.18-sa-jdk8.0.422-linux_x64/jre/lib/rt.jar)

Vulnerable OS: Red Hat Enterprise Linux 8.10


Vulnerable software installed: Azul Systems JRE 17.52.18 (/stxbase/stxapp/java/zulu17.52.18-sa-jdk17.0.12-linux_x64/lib/54c8aa44.internal)

Vulnerable OS: Red Hat Enterprise Linux 8.10


Vulnerable software installed: Azul Systems JRE 11.74.16 (/stxbase/stxapp/java/zulu11.74.16-sa-jdk11.0.24-linux_x64/lib/54c8aa44.internal)",,,,
Vulnerability item,NXP-4310768,416612,4360392.0,usr8c027,Open,,,07/May/2026 10:58 PM,16/Jun/2026 12:00 AM,9ed6a566.internal,Azul Zulu: CVE-2009-59816: WebKit Active Code Execution Vulnerability,949332d4.internal,0,azul-zulu-CVE-2009-70199,"Vulnerable OS: Red Hat Enterprise Linux 8.10


Vulnerable software installed: Azul Systems JRE 1.8.0.422 (/stxbase/stxapp/java/zulu8.80.0.18-sa-jdk8.0.422-linux_x64/jre/lib/rt.jar)

Vulnerable OS: Red Hat Enterprise Linux 8.10


Vulnerable software installed: Azul Systems JRE 17.52.18 (/stxbase/stxapp/java/zulu17.52.18-sa-jdk17.0.12-linux_x64/lib/54c8aa44.internal)

Vulnerable OS: Red Hat Enterprise Linux 8.10


Vulnerable software installed: Azul Systems JRE 11.74.16 (/stxbase/stxapp/java/zulu11.74.16-sa-jdk11.0.24-linux_x64/lib/54c8aa44.internal)",,,,
Vulnerability item,NXP-2090516,3992235,677902.0,usr8c027,Open,,,07/May/2026 10:58 PM,16/Jun/2026 12:00 AM,14d3b8cf.internal,Azul Zulu: CVE-2009-59816: WebKit Active Code Execution Vulnerability,d787569e.internal,0,azul-zulu-CVE-2009-70199,"Vulnerable OS: Red Hat Enterprise Linux 8.10


Vulnerable software installed: Azul Systems JRE 1.8.0.422 (/stxbase/stxapp/java/zulu8.80.0.18-sa-jdk8.0.422-linux_x64/jre/lib/rt.jar)

Vulnerable OS: Red Hat Enterprise Linux 8.10


Vulnerable software installed: Azul Systems JRE 17.52.18 (/stxbase/stxapp/java/zulu17.52.18-sa-jdk17.0.12-linux_x64/lib/54c8aa44.internal)

Vulnerable OS: Red Hat Enterprise Linux 8.10


Vulnerable software installed: Azul Systems JRE 11.74.16 (/stxbase/stxapp/java/zulu11.74.16-sa-jdk11.0.24-linux_x64/lib/54c8aa44.internal)",,,,
Vulnerability item,NXP-8680160,5996103,1268333.0,usr8c027,Open,,,07/May/2026 10:58 PM,16/Jun/2026 12:00 AM,309a8728.internal,Azul Zulu: CVE-2009-59816: WebKit Active Code Execution Vulnerability,1ebcdf5f.internal,0,azul-zulu-CVE-2009-70199,"Vulnerable OS: Red Hat Enterprise Linux 8.10


Vulnerable software installed: Azul Systems JRE 1.8.0.422 (/stxbase/stxapp/java/zulu8.80.0.18-sa-jdk8.0.422-linux_x64/jre/lib/rt.jar)

Vulnerable OS: Red Hat Enterprise Linux 8.10


Vulnerable software installed: Azul Systems JRE 17.52.18 (/stxbase/stxapp/java/zulu17.52.18-sa-jdk17.0.12-linux_x64/lib/54c8aa44.internal)

Vulnerable OS: Red Hat Enterprise Linux 8.10


Vulnerable software installed: Azul Systems JRE 11.74.16 (/stxbase/stxapp/java/zulu11.74.16-sa-jdk11.0.24-linux_x64/lib/54c8aa44.internal)",,,,
Vulnerability item,NXP-1604337,7054154,4031197.0,usr8c027,Open,,,07/May/2026 10:58 PM,16/Jun/2026 12:00 AM,9a9bd762.internal,Azul Zulu: CVE-2009-59816: WebKit Active Code Execution Vulnerability,dcc97f41.internal,0,azul-zulu-CVE-2009-70199,"Vulnerable OS: Red Hat Enterprise Linux 8.10


Vulnerable software installed: Azul Systems JRE 1.8.0.422 (/stxbase/stxapp/java/zulu8.80.0.18-sa-jdk8.0.422-linux_x64/jre/lib/rt.jar)

Vulnerable OS: Red Hat Enterprise Linux 8.10


Vulnerable software installed: Azul Systems JRE 17.52.18 (/stxbase/stxapp/java/zulu17.52.18-sa-jdk17.0.12-linux_x64/lib/54c8aa44.internal)

Vulnerable OS: Red Hat Enterprise Linux 8.10


Vulnerable software installed: Azul Systems JRE 11.74.16 (/stxbase/stxapp/java/zulu11.74.16-sa-jdk11.0.24-linux_x64/lib/54c8aa44.internal)",,,,
Vulnerability item,NXP-3585022,7460904,8960521.0,usr8c027,Open,,,07/May/2026 10:58 PM,16/Jun/2026 12:00 AM,b8c4a62a.internal,Azul Zulu: CVE-2009-59816: WebKit Active Code Execution Vulnerability,26bfca0a.internal,0,azul-zulu-CVE-2009-70199,"Vulnerable OS: Red Hat Enterprise Linux 8.10


Vulnerable software installed: Azul Systems JRE 1.8.0.422 (/stxbase/stxapp/java/zulu8.80.0.18-sa-jdk8.0.422-linux_x64/jre/lib/rt.jar)

Vulnerable OS: Red Hat Enterprise Linux 8.10


Vulnerable software installed: Azul Systems JRE 17.52.18 (/stxbase/stxapp/java/zulu17.52.18-sa-jdk17.0.12-linux_x64/lib/54c8aa44.internal)

Vulnerable OS: Red Hat Enterprise Linux 8.10


Vulnerable software installed: Azul Systems JRE 11.74.16 (/stxbase/stxapp/java/zulu11.74.16-sa-jdk11.0.24-linux_x64/lib/54c8aa44.internal)",,,,
Vulnerability item,NXP-180319,3143373,358954.0,usr8c027,Open,,,07/May/2026 10:58 PM,16/Jun/2026 12:00 AM,88ae6e03.internal,Azul Zulu: CVE-2009-59816: WebKit Active Code Execution Vulnerability,a7e17de1.internal,0,azul-zulu-CVE-2009-70199,"Vulnerable OS: Red Hat Enterprise Linux 8.10


Vulnerable software installed: Azul Systems JRE 1.8.0.422 (/stxbase/stxapp/java/zulu8.80.0.18-sa-jdk8.0.422-linux_x64/jre/lib/rt.jar)

Vulnerable OS: Red Hat Enterprise Linux 8.10


Vulnerable software installed: Azul Systems JRE 17.52.18 (/stxbase/stxapp/java/zulu17.52.18-sa-jdk17.0.12-linux_x64/lib/54c8aa44.internal)

Vulnerable OS: Red Hat Enterprise Linux 8.10


Vulnerable software installed: Azul Systems JRE 11.74.16 (/stxbase/stxapp/java/zulu11.74.16-sa-jdk11.0.24-linux_x64/lib/54c8aa44.internal)

Vulnerable OS: Red Hat Enterprise Linux 8.10


Vulnerable software installed: Azul Systems JRE 1.8.0.382 (/stxbase/stxapp/infa/105/java/jre/lib/rt.jar)

Vulnerable OS: Red Hat Enterprise Linux 8.10


Vulnerable software installed: Azul Systems JRE 1.8.0.282 (/stxbase/stxapp/infa/105/tools/mongodb/Tools/SchemaEditor/runtime/jre/lib/rt.jar)

Vulnerable OS: Red Hat Enterprise Linux 8.10


Vulnerable software installed: Azul Systems JRE 1.8.0.382 (/stxbase/stxapp/infa/105/source/java/jre/lib/rt.jar)",,,,
Vulnerability item,NXP-5399842,2465243,2862478.0,usr8c027,Open,,,07/May/2026 10:58 PM,16/Jun/2026 12:00 AM,1c842fd8.internal,Azul Zulu: CVE-2009-59816: WebKit Active Code Execution Vulnerability,339df065.internal,0,azul-zulu-CVE-2009-70199,"Vulnerable OS: Red Hat Enterprise Linux 8.10


Vulnerable software installed: Azul Systems JRE 1.8.0.422 (/stxbase/stxapp/java/zulu8.80.0.18-sa-jdk8.0.422-linux_x64/jre/lib/rt.jar)

Vulnerable OS: Red Hat Enterprise Linux 8.10


Vulnerable software installed: Azul Systems JRE 17.52.18 (/stxbase/stxapp/java/zulu17.52.18-sa-jdk17.0.12-linux_x64/lib/54c8aa44.internal)

Vulnerable OS: Red Hat Enterprise Linux 8.10


Vulnerable software installed: Azul Systems JRE 11.74.16 (/stxbase/stxapp/java/zulu11.74.16-sa-jdk11.0.24-linux_x64/lib/54c8aa44.internal)",,,,
Vulnerability item,NXP-3404205,1834889,2902907.0,usr8c027,Open,,,07/May/2026 10:58 PM,16/Jun/2026 12:00 AM,33001d2c.internal,Azul Zulu: CVE-2009-59816: WebKit Active Code Execution Vulnerability,51f993ca.internal,0,azul-zulu-CVE-2009-70199,"Vulnerable OS: Red Hat Enterprise Linux 8.10


Vulnerable software installed: Azul Systems JRE 1.8.0.422 (/stxbase/stxapp/java/zulu8.80.0.18-sa-jdk8.0.422-linux_x64/jre/lib/rt.jar)

Vulnerable OS: Red Hat Enterprise Linux 8.10


Vulnerable software installed: Azul Systems JRE 17.52.18 (/stxbase/stxapp/java/zulu17.52.18-sa-jdk17.0.12-linux_x64/lib/54c8aa44.internal)

Vulnerable OS: Red Hat Enterprise Linux 8.10


Vulnerable software installed: Azul Systems JRE 11.74.16 (/stxbase/stxapp/java/zulu11.74.16-sa-jdk11.0.24-linux_x64/lib/54c8aa44.internal)",,,,
Vulnerability item,NXP-6840611,1585948,7553061.0,usr8c027,Open,,,07/May/2026 10:58 PM,16/Jun/2026 12:00 AM,7ccdcd25.internal,Azul Zulu: CVE-2009-59816: WebKit Active Code Execution Vulnerability,2df8bb81.internal,0,azul-zulu-CVE-2009-70199,"Vulnerable OS: Red Hat Enterprise Linux 8.10


Vulnerable software installed: Azul Systems JRE 1.8.0.422 (/stxbase/stxapp/java/zulu8.80.0.18-sa-jdk8.0.422-linux_x64/jre/lib/rt.jar)

Vulnerable OS: Red Hat Enterprise Linux 8.10


Vulnerable software installed: Azul Systems JRE 17.52.18 (/stxbase/stxapp/java/zulu17.52.18-sa-jdk17.0.12-linux_x64/lib/54c8aa44.internal)

Vulnerable OS: Red Hat Enterprise Linux 8.10


Vulnerable software installed: Azul Systems JRE 11.74.16 (/stxbase/stxapp/java/zulu11.74.16-sa-jdk11.0.24-linux_x64/lib/54c8aa44.internal)",,,,
Vulnerability item,NXP-5818372,211018,4103870.0,usr8c027,Open,,,07/May/2026 10:58 PM,16/Jun/2026 12:00 AM,b2fe4cb6.internal,Azul Zulu: CVE-2009-59816: WebKit Active Code Execution Vulnerability,acaa6a17.internal,0,azul-zulu-CVE-2009-70199,"Vulnerable OS: Red Hat Enterprise Linux 8.10


Vulnerable software installed: Azul Systems JRE 1.8.0.422 (/stxbase/stxapp/java/zulu8.80.0.18-sa-jdk8.0.422-linux_x64/jre/lib/rt.jar)

Vulnerable OS: Red Hat Enterprise Linux 8.10


Vulnerable software installed: Azul Systems JRE 17.52.18 (/stxbase/stxapp/java/zulu17.52.18-sa-jdk17.0.12-linux_x64/lib/54c8aa44.internal)

Vulnerable OS: Red Hat Enterprise Linux 8.10


Vulnerable software installed: Azul Systems JRE 11.74.16 (/stxbase/stxapp/java/zulu11.74.16-sa-jdk11.0.24-linux_x64/lib/54c8aa44.internal)

Vulnerable OS: Red Hat Enterprise Linux 8.10


Vulnerable software installed: Azul Systems JRE 1.8.0.382 (/stxbase/stxapp/infa/105/java/jre/lib/rt.jar)

Vulnerable OS: Red Hat Enterprise Linux 8.10


Vulnerable software installed: Azul Systems JRE 1.8.0.282 (/stxbase/stxapp/infa/105/tools/mongodb/Tools/SchemaEditor/runtime/jre/lib/rt.jar)

Vulnerable OS: Red Hat Enterprise Linux 8.10


Vulnerable software installed: Azul Systems JRE 1.8.0.382 (/stxbase/stxapp/infa/105/source/java/jre/lib/rt.jar)",,,,
Vulnerability item,NXP-478900,6950521,1766507.0,usr8c027,Open,,,07/May/2026 10:58 PM,16/Jun/2026 12:00 AM,30a85d6e.internal,Azul Zulu: CVE-2009-59816: WebKit Active Code Execution Vulnerability,60a03827.internal,0,azul-zulu-CVE-2009-70199,"Vulnerable OS: Red Hat Enterprise Linux 8.10


Vulnerable software installed: Azul Systems JRE 1.8.0.422 (/stxbase/stxapp/java/zulu8.80.0.18-sa-jdk8.0.422-linux_x64/jre/lib/rt.jar)

Vulnerable OS: Red Hat Enterprise Linux 8.10


Vulnerable software installed: Azul Systems JRE 17.52.18 (/stxbase/stxapp/java/zulu17.52.18-sa-jdk17.0.12-linux_x64/lib/54c8aa44.internal)

Vulnerable OS: Red Hat Enterprise Linux 8.10


Vulnerable software installed: Azul Systems JRE 11.74.16 (/stxbase/stxapp/java/zulu11.74.16-sa-jdk11.0.24-linux_x64/lib/54c8aa44.internal)

Vulnerable OS: Red Hat Enterprise Linux 8.10


Vulnerable software installed: Azul Systems JRE 1.8.0.382 (/stxbase/stxapp/infa/105/java/jre/lib/rt.jar)

Vulnerable OS: Red Hat Enterprise Linux 8.10


Vulnerable software installed: Azul Systems JRE 1.8.0.282 (/stxbase/stxapp/infa/105/tools/mongodb/Tools/SchemaEditor/runtime/jre/lib/rt.jar)

Vulnerable OS: Red Hat Enterprise Linux 8.10


Vulnerable software installed: Azul Systems JRE 1.8.0.382 (/stxbase/stxapp/infa/105/source/java/jre/lib/rt.jar)",,,,
Vulnerability item,NXP-3877236,5535603,8703275.0,usr8c027,Open,,,07/May/2026 11:03 PM,16/Jun/2026 12:00 AM,37fa2fa5.internal,Azul Zulu: CVE-2009-59816: WebKit Active Code Execution Vulnerability,37fa2fa5.internal,0,azul-zulu-CVE-2009-70199,"Vulnerable OS: Red Hat Enterprise Linux 8.10


Vulnerable software installed: Azul Systems JRE 1.8.0.422 (/stxbase/stxapp/java/zulu8.80.0.18-sa-jdk8.0.422-linux_x64/jre/lib/rt.jar)

Vulnerable OS: Red Hat Enterprise Linux 8.10


Vulnerable software installed: Azul Systems JRE 17.52.18 (/stxbase/stxapp/java/zulu17.52.18-sa-jdk17.0.12-linux_x64/lib/54c8aa44.internal)

Vulnerable OS: Red Hat Enterprise Linux 8.10


Vulnerable software installed: Azul Systems JRE 11.74.16 (/stxbase/stxapp/java/zulu11.74.16-sa-jdk11.0.24-linux_x64/lib/54c8aa44.internal)",,,,
Vulnerability item,NXP-2252537,2146723,4263350.0,usr8c027,Open,,,07/May/2026 11:03 PM,16/Jun/2026 12:00 AM,0e7fcc4a.internal,Azul Zulu: CVE-2009-59816: WebKit Active Code Execution Vulnerability,bf6a4f88.internal,0,azul-zulu-CVE-2009-70199,"Vulnerable OS: Red Hat Enterprise Linux 8.10


Vulnerable software installed: Azul Systems JRE 1.8.0.422 (/stxbase/stxapp/java/zulu8.80.0.18-sa-jdk8.0.422-linux_x64/jre/lib/rt.jar)

Vulnerable OS: Red Hat Enterprise Linux 8.10


Vulnerable software installed: Azul Systems JRE 17.52.18 (/stxbase/stxapp/java/zulu17.52.18-sa-jdk17.0.12-linux_x64/lib/54c8aa44.internal)

Vulnerable OS: Red Hat Enterprise Linux 8.10


Vulnerable software installed: Azul Systems JRE 11.74.16 (/stxbase/stxapp/java/zulu11.74.16-sa-jdk11.0.24-linux_x64/lib/54c8aa44.internal)",,,,
Vulnerability item,NXP-2886636,8607078,4839863.0,usr8c027,Open,,,07/May/2026 11:03 PM,16/Jun/2026 12:00 AM,a7e0da9f.internal,Azul Zulu: CVE-2009-59816: WebKit Active Code Execution Vulnerability,5a02cd78.internal,0,azul-zulu-CVE-2009-70199,"Vulnerable OS: Red Hat Enterprise Linux 8.10


Vulnerable software installed: Azul Systems JRE 1.8.0.422 (/stxbase/stxapp/java/zulu8.80.0.18-sa-jdk8.0.422-linux_x64/jre/lib/rt.jar)

Vulnerable OS: Red Hat Enterprise Linux 8.10


Vulnerable software installed: Azul Systems JRE 17.52.18 (/stxbase/stxapp/java/zulu17.52.18-sa-jdk17.0.12-linux_x64/lib/54c8aa44.internal)

Vulnerable OS: Red Hat Enterprise Linux 8.10


Vulnerable software installed: Azul Systems JRE 11.74.16 (/stxbase/stxapp/java/zulu11.74.16-sa-jdk11.0.24-linux_x64/lib/54c8aa44.internal)",,,,
Vulnerability item,NXP-325211,8426257,3619920.0,usr8c027,Open,,,07/May/2026 11:03 PM,16/Jun/2026 12:00 AM,ceca5996.internal,Azul Zulu: CVE-2009-59816: WebKit Active Code Execution Vulnerability,d8f23eed.internal,0,azul-zulu-CVE-2009-70199,"Vulnerable OS: Red Hat Enterprise Linux 8.10


Vulnerable software installed: Azul Systems JRE 1.8.0.422 (/stxbase/stxapp/java/zulu8.80.0.18-sa-jdk8.0.422-linux_x64/jre/lib/rt.jar)

Vulnerable OS: Red Hat Enterprise Linux 8.10


Vulnerable software installed: Azul Systems JRE 17.52.18 (/stxbase/stxapp/java/zulu17.52.18-sa-jdk17.0.12-linux_x64/lib/54c8aa44.internal)

Vulnerable OS: Red Hat Enterprise Linux 8.10


Vulnerable software installed: Azul Systems JRE 11.74.16 (/stxbase/stxapp/java/zulu11.74.16-sa-jdk11.0.24-linux_x64/lib/54c8aa44.internal)",,,,
Vulnerability item,NXP-1181136,3520044,2618573.0,usr8c027,Open,,,07/May/2026 11:03 PM,16/Jun/2026 12:00 AM,5c9c1b35.internal,Azul Zulu: CVE-2009-59816: WebKit Active Code Execution Vulnerability,4cee6c5b.internal,0,azul-zulu-CVE-2009-70199,"Vulnerable OS: Red Hat Enterprise Linux 8.10


Vulnerable software installed: Azul Systems JRE 1.8.0.422 (/stxbase/stxapp/java/zulu8.80.0.18-sa-jdk8.0.422-linux_x64/jre/lib/rt.jar)

Vulnerable OS: Red Hat Enterprise Linux 8.10


Vulnerable software installed: Azul Systems JRE 17.52.18 (/stxbase/stxapp/java/zulu17.52.18-sa-jdk17.0.12-linux_x64/lib/54c8aa44.internal)

Vulnerable OS: Red Hat Enterprise Linux 8.10


Vulnerable software installed: Azul Systems JRE 11.74.16 (/stxbase/stxapp/java/zulu11.74.16-sa-jdk11.0.24-linux_x64/lib/54c8aa44.internal)",,,,
Vulnerability item,NXP-1788642,2576729,8553144.0,usr8c027,Open,,,07/May/2026 11:03 PM,16/Jun/2026 12:00 AM,37b52a9a.internal,Azul Zulu: CVE-2009-59816: WebKit Active Code Execution Vulnerability,dda9fa61.internal,0,azul-zulu-CVE-2009-70199,"Vulnerable OS: Red Hat Enterprise Linux 8.10


Vulnerable software installed: Azul Systems JRE 1.8.0.422 (/stxbase/stxapp/java/zulu8.80.0.18-sa-jdk8.0.422-linux_x64/jre/lib/rt.jar)

Vulnerable OS: Red Hat Enterprise Linux 8.10


Vulnerable software installed: Azul Systems JRE 17.52.18 (/stxbase/stxapp/java/zulu17.52.18-sa-jdk17.0.12-linux_x64/lib/54c8aa44.internal)

Vulnerable OS: Red Hat Enterprise Linux 8.10


Vulnerable software installed: Azul Systems JRE 11.74.16 (/stxbase/stxapp/java/zulu11.74.16-sa-jdk11.0.24-linux_x64/lib/54c8aa44.internal)",,,,
Vulnerability item,NXP-8486760,6373685,1166001.0,usr8c027,Open,,,07/May/2026 11:03 PM,16/Jun/2026 12:00 AM,13afc9e4.internal,Azul Zulu: CVE-2009-59816: WebKit Active Code Execution Vulnerability,5c186c59.internal,0,azul-zulu-CVE-2009-70199,"Vulnerable OS: Red Hat Enterprise Linux 8.10


Vulnerable software installed: Azul Systems JRE 1.8.0.422 (/stxbase/stxapp/java/zulu8.80.0.18-sa-jdk8.0.422-linux_x64/jre/lib/rt.jar)

Vulnerable OS: Red Hat Enterprise Linux 8.10


Vulnerable software installed: Azul Systems JRE 17.52.18 (/stxbase/stxapp/java/zulu17.52.18-sa-jdk17.0.12-linux_x64/lib/54c8aa44.internal)

Vulnerable OS: Red Hat Enterprise Linux 8.10


Vulnerable software installed: Azul Systems JRE 11.74.16 (/stxbase/stxapp/java/zulu11.74.16-sa-jdk11.0.24-linux_x64/lib/54c8aa44.internal)",,,,
Vulnerability item,NXP-8171386,5499904,859597.0,usr8c027,Open,,,07/May/2026 11:03 PM,16/Jun/2026 12:00 AM,e018b5bc.internal,Azul Zulu: CVE-2009-59816: WebKit Active Code Execution Vulnerability,b8a0824d.internal,0,azul-zulu-CVE-2009-70199,"Vulnerable OS: Red Hat Enterprise Linux 8.10


Vulnerable software installed: Azul Systems JRE 1.8.0.422 (/stxbase/stxapp/java/zulu8.80.0.18-sa-jdk8.0.422-linux_x64/jre/lib/rt.jar)

Vulnerable OS: Red Hat Enterprise Linux 8.10


Vulnerable software installed: Azul Systems JRE 17.52.18 (/stxbase/stxapp/java/zulu17.52.18-sa-jdk17.0.12-linux_x64/lib/54c8aa44.internal)

Vulnerable OS: Red Hat Enterprise Linux 8.10


Vulnerable software installed: Azul Systems JRE 11.74.16 (/stxbase/stxapp/java/zulu11.74.16-sa-jdk11.0.24-linux_x64/lib/54c8aa44.internal)",,,,
Vulnerability item,NXP-3279304,8065544,3909090.0,usr8c027,Open,,,07/May/2026 10:58 PM,16/Jun/2026 12:00 AM,b7d3fce4.internal,Azul Zulu: CVE-2009-59816: WebKit Active Code Execution Vulnerability,01a2b327.internal,0,azul-zulu-CVE-2009-70199,"Vulnerable OS: Red Hat Enterprise Linux 8.10


Vulnerable software installed: Azul Systems JRE 1.8.0.422 (/stxbase/stxapp/java/zulu8.80.0.18-sa-jdk8.0.422-linux_x64/jre/lib/rt.jar)

Vulnerable OS: Red Hat Enterprise Linux 8.10


Vulnerable software installed: Azul Systems JRE 17.52.18 (/stxbase/stxapp/java/zulu17.52.18-sa-jdk17.0.12-linux_x64/lib/54c8aa44.internal)

Vulnerable OS: Red Hat Enterprise Linux 8.10


Vulnerable software installed: Azul Systems JRE 11.74.16 (/stxbase/stxapp/java/zulu11.74.16-sa-jdk11.0.24-linux_x64/lib/54c8aa44.internal)

Vulnerable OS: Red Hat Enterprise Linux 8.10


Vulnerable software installed: Azul Systems JRE 1.8.0.382 (/stxbase/stxapp/infa/105/java/jre/lib/rt.jar)

Vulnerable OS: Red Hat Enterprise Linux 8.10


Vulnerable software installed: Azul Systems JRE 1.8.0.282 (/stxbase/stxapp/infa/105/tools/mongodb/Tools/SchemaEditor/runtime/jre/lib/rt.jar)

Vulnerable OS: Red Hat Enterprise Linux 8.10


Vulnerable software installed: Azul Systems JRE 1.8.0.382 (/stxbase/stxapp/infa/105/source/java/jre/lib/rt.jar)",,,,
Vulnerability item,NXP-1066313,2957526,7113901.0,usr8c027,Open,,,07/May/2026 10:58 PM,16/Jun/2026 12:00 AM,996ef33d.internal,Azul Zulu: CVE-2009-59816: WebKit Active Code Execution Vulnerability,09570f2c.internal,0,azul-zulu-CVE-2009-70199,"Vulnerable OS: Red Hat Enterprise Linux 8.10


Vulnerable software installed: Azul Systems JRE 1.8.0.422 (/stxbase/stxapp/java/zulu8.80.0.18-sa-jdk8.0.422-linux_x64/jre/lib/rt.jar)

Vulnerable OS: Red Hat Enterprise Linux 8.10


Vulnerable software installed: Azul Systems JRE 17.52.18 (/stxbase/stxapp/java/zulu17.52.18-sa-jdk17.0.12-linux_x64/lib/54c8aa44.internal)

Vulnerable OS: Red Hat Enterprise Linux 8.10


Vulnerable software installed: Azul Systems JRE 11.74.16 (/stxbase/stxapp/java/zulu11.74.16-sa-jdk11.0.24-linux_x64/lib/54c8aa44.internal)

Vulnerable OS: Red Hat Enterprise Linux 8.10


Vulnerable software installed: Azul Systems JRE 1.8.0.382 (/stxbase/stxapp/infa/105/java/jre/lib/rt.jar)

Vulnerable OS: Red Hat Enterprise Linux 8.10


Vulnerable software installed: Azul Systems JRE 1.8.0.282 (/stxbase/stxapp/infa/105/tools/mongodb/Tools/SchemaEditor/runtime/jre/lib/rt.jar)

Vulnerable OS: Red Hat Enterprise Linux 8.10


Vulnerable software installed: Azul Systems JRE 1.8.0.382 (/stxbase/stxapp/infa/105/source/java/jre/lib/rt.jar)",,,,
Vulnerability item,NXP-4348003,4058414,2889993.0,usr8c027,Open,,,07/May/2026 10:58 PM,16/Jun/2026 12:00 AM,16c88d01.internal,Azul Zulu: CVE-2009-59816: WebKit Active Code Execution Vulnerability,472f8201.internal,0,azul-zulu-CVE-2009-70199,"Vulnerable OS: Red Hat Enterprise Linux 8.10


Vulnerable software installed: Azul Systems JRE 1.8.0.422 (/stxbase/stxapp/java/zulu8.80.0.18-sa-jdk8.0.422-linux_x64/jre/lib/rt.jar)

Vulnerable OS: Red Hat Enterprise Linux 8.10


Vulnerable software installed: Azul Systems JRE 17.52.18 (/stxbase/stxapp/java/zulu17.52.18-sa-jdk17.0.12-linux_x64/lib/54c8aa44.internal)

Vulnerable OS: Red Hat Enterprise Linux 8.10


Vulnerable software installed: Azul Systems JRE 11.74.16 (/stxbase/stxapp/java/zulu11.74.16-sa-jdk11.0.24-linux_x64/lib/54c8aa44.internal)

Vulnerable OS: Red Hat Enterprise Linux 8.10


Vulnerable software installed: Azul Systems JRE 1.8.0.382 (/stxbase/stxapp/infa/105/java/jre/lib/rt.jar)

Vulnerable OS: Red Hat Enterprise Linux 8.10


Vulnerable software installed: Azul Systems JRE 1.8.0.282 (/stxbase/stxapp/infa/105/tools/mongodb/Tools/SchemaEditor/runtime/jre/lib/rt.jar)

Vulnerable OS: Red Hat Enterprise Linux 8.10


Vulnerable software installed: Azul Systems JRE 1.8.0.382 (/stxbase/stxapp/infa/105/source/java/jre/lib/rt.jar)",,,,
Vulnerability item,NXP-9090589,6769003,9090154.0,usr8c027,Open,,,07/May/2026 11:01 PM,16/Jun/2026 12:00 AM,48d0827e.internal,Azul Zulu: CVE-2009-59816: WebKit Active Code Execution Vulnerability,f0a3bbf6.internal,0,azul-zulu-CVE-2009-70199,"Vulnerable OS: Red Hat Enterprise Linux 8.10


Vulnerable software installed: Azul Systems JRE 1.8.0.422 (/stxbase/stxapp/java/zulu8.80.0.18-sa-jdk8.0.422-linux_x64/jre/lib/rt.jar)

Vulnerable OS: Red Hat Enterprise Linux 8.10


Vulnerable software installed: Azul Systems JRE 17.52.18 (/stxbase/stxapp/java/zulu17.52.18-sa-jdk17.0.12-linux_x64/lib/54c8aa44.internal)

Vulnerable OS: Red Hat Enterprise Linux 8.10


Vulnerable software installed: Azul Systems JRE 11.74.16 (/stxbase/stxapp/java/zulu11.74.16-sa-jdk11.0.24-linux_x64/lib/54c8aa44.internal)",,,,
Vulnerability item,NXP-2799375,584171,5272119.0,usr8c027,Open,,,07/May/2026 11:01 PM,16/Jun/2026 12:00 AM,5ec5727e.internal,Azul Zulu: CVE-2009-59816: WebKit Active Code Execution Vulnerability,c37c79ec.internal,0,azul-zulu-CVE-2009-70199,"Vulnerable OS: Red Hat Enterprise Linux 8.10


Vulnerable software installed: Azul Systems JRE 1.8.0.422 (/stxbase/stxapp/java/zulu8.80.0.18-sa-jdk8.0.422-linux_x64/jre/lib/rt.jar)

Vulnerable OS: Red Hat Enterprise Linux 8.10


Vulnerable software installed: Azul Systems JRE 17.52.18 (/stxbase/stxapp/java/zulu17.52.18-sa-jdk17.0.12-linux_x64/lib/54c8aa44.internal)

Vulnerable OS: Red Hat Enterprise Linux 8.10


Vulnerable software installed: Azul Systems JRE 11.74.16 (/stxbase/stxapp/java/zulu11.74.16-sa-jdk11.0.24-linux_x64/lib/54c8aa44.internal)",,,,
Vulnerability item,NXP-7259221,8824233,105091.0,usr8c027,Open,,,07/May/2026 11:01 PM,16/Jun/2026 12:00 AM,7ac3bc70.internal,Azul Zulu: CVE-2009-59816: WebKit Active Code Execution Vulnerability,a640eea0.internal,0,azul-zulu-CVE-2009-70199,"Vulnerable OS: Red Hat Enterprise Linux 8.10


Vulnerable software installed: Azul Systems JRE 1.8.0.422 (/stxbase/stxapp/java/zulu8.80.0.18-sa-jdk8.0.422-linux_x64/jre/lib/rt.jar)

Vulnerable OS: Red Hat Enterprise Linux 8.10


Vulnerable software installed: Azul Systems JRE 17.52.18 (/stxbase/stxapp/java/zulu17.52.18-sa-jdk17.0.12-linux_x64/lib/54c8aa44.internal)

Vulnerable OS: Red Hat Enterprise Linux 8.10


Vulnerable software installed: Azul Systems JRE 11.74.16 (/stxbase/stxapp/java/zulu11.74.16-sa-jdk11.0.24-linux_x64/lib/54c8aa44.internal)",,,,
Vulnerability item,NXP-5738699,2870704,1181375.0,usr8c027,Open,,,07/May/2026 11:01 PM,16/Jun/2026 12:00 AM,48f8095a.internal,Azul Zulu: CVE-2009-59816: WebKit Active Code Execution Vulnerability,d5cde070.internal,0,azul-zulu-CVE-2009-70199,"Vulnerable OS: Red Hat Enterprise Linux 8.10


Vulnerable software installed: Azul Systems JRE 1.8.0.422 (/stxbase/stxapp/java/zulu8.80.0.18-sa-jdk8.0.422-linux_x64/jre/lib/rt.jar)

Vulnerable OS: Red Hat Enterprise Linux 8.10


Vulnerable software installed: Azul Systems JRE 17.52.18 (/stxbase/stxapp/java/zulu17.52.18-sa-jdk17.0.12-linux_x64/lib/54c8aa44.internal)

Vulnerable OS: Red Hat Enterprise Linux 8.10


Vulnerable software installed: Azul Systems JRE 11.74.16 (/stxbase/stxapp/java/zulu11.74.16-sa-jdk11.0.24-linux_x64/lib/54c8aa44.internal)",,,,
Vulnerability item,NXP-5021937,8613192,834885.0,usr8c027,Open,,,07/May/2026 11:01 PM,16/Jun/2026 12:00 AM,56e0d521.internal,Azul Zulu: CVE-2009-59816: WebKit Active Code Execution Vulnerability,169dd85d.internal,0,azul-zulu-CVE-2009-70199,"Vulnerable OS: Red Hat Enterprise Linux 7.9


Vulnerable software installed: Azul Systems JRE 17.52.18 (/stxbase/stxapp/java/zulu17.52.18-sa-jdk17.0.12-linux_x64/lib/54c8aa44.internal)

Vulnerable OS: Red Hat Enterprise Linux 7.9


Vulnerable software installed: Azul Systems JRE 11.74.16 (/stxbase/stxapp/java/zulu11.74.16-sa-jdk11.0.24-linux_x64/lib/54c8aa44.internal)

Vulnerable OS: Red Hat Enterprise Linux 7.9


Vulnerable software installed: Azul Systems JRE 1.8.0.422 (/stxbase/stxapp/java/zulu8.80.0.18-sa-jdk8.0.422-linux_x64/jre/lib/rt.jar)

Vulnerable OS: Red Hat Enterprise Linux 7.9


Vulnerable software installed: Azul Systems JRE 11.58.16 (/stxbase/stxapp/java/zulu11.58.16-sa-jdk11.0.16-linux_x64_del/lib/54c8aa44.internal)",,,,
Vulnerability item,NXP-2127619,5391331,1309380.0,usr8c027,Open,,,07/May/2026 11:00 PM,16/Jun/2026 12:00 AM,e114f5f1.internal,Azul Zulu: CVE-2009-59816: WebKit Active Code Execution Vulnerability,ecfd88a7.internal,0,azul-zulu-CVE-2009-70199,"Vulnerable OS: Red Hat Enterprise Linux 8.10


Vulnerable software installed: Azul Systems JRE 1.8.0.422 (/stxbase/stxapp/java/zulu8.80.0.18-sa-jdk8.0.422-linux_x64/jre/lib/rt.jar)

Vulnerable OS: Red Hat Enterprise Linux 8.10


Vulnerable software installed: Azul Systems JRE 17.52.18 (/stxbase/stxapp/java/zulu17.52.18-sa-jdk17.0.12-linux_x64/lib/54c8aa44.internal)

Vulnerable OS: Red Hat Enterprise Linux 8.10


Vulnerable software installed: Azul Systems JRE 11.74.16 (/stxbase/stxapp/java/zulu11.74.16-sa-jdk11.0.24-linux_x64/lib/54c8aa44.internal)",,,,
Vulnerability item,NXP-6006047,6150857,2097427.0,usr8c027,Open,,,07/May/2026 11:00 PM,16/Jun/2026 12:00 AM,79d56f7b.internal,Azul Zulu: CVE-2009-59816: WebKit Active Code Execution Vulnerability,ea767f86.internal,0,azul-zulu-CVE-2009-70199,"Vulnerable OS: Red Hat Enterprise Linux 8.10


Vulnerable software installed: Azul Systems JRE 1.8.0.422 (/stxbase/stxapp/java/zulu8.80.0.18-sa-jdk8.0.422-linux_x64/jre/lib/rt.jar)

Vulnerable OS: Red Hat Enterprise Linux 8.10


Vulnerable software installed: Azul Systems JRE 17.52.18 (/stxbase/stxapp/java/zulu17.52.18-sa-jdk17.0.12-linux_x64/lib/54c8aa44.internal)

Vulnerable OS: Red Hat Enterprise Linux 8.10


Vulnerable software installed: Azul Systems JRE 11.74.16 (/stxbase/stxapp/java/zulu11.74.16-sa-jdk11.0.24-linux_x64/lib/54c8aa44.internal)",,,,
Vulnerability item,NXP-4223634,4133435,962256.0,usr8c027,Open,,,07/May/2026 11:00 PM,16/Jun/2026 12:00 AM,3d07596f.internal,Azul Zulu: CVE-2009-59816: WebKit Active Code Execution Vulnerability,6da093bb.internal,0,azul-zulu-CVE-2009-70199,"Vulnerable OS: Red Hat Enterprise Linux 8.10


Vulnerable software installed: Azul Systems JRE 1.8.0.422 (/stxbase/stxapp/java/zulu8.80.0.18-sa-jdk8.0.422-linux_x64/jre/lib/rt.jar)

Vulnerable OS: Red Hat Enterprise Linux 8.10


Vulnerable software installed: Azul Systems JRE 17.52.18 (/stxbase/stxapp/java/zulu17.52.18-sa-jdk17.0.12-linux_x64/lib/54c8aa44.internal)

Vulnerable OS: Red Hat Enterprise Linux 8.10


Vulnerable software installed: Azul Systems JRE 11.74.16 (/stxbase/stxapp/java/zulu11.74.16-sa-jdk11.0.24-linux_x64/lib/54c8aa44.internal)",,,,
Vulnerability item,NXP-414179,7078412,1242595.0,usr8c027,Open,,,07/May/2026 11:00 PM,16/Jun/2026 12:00 AM,e0399400.internal,Azul Zulu: CVE-2009-59816: WebKit Active Code Execution Vulnerability,e60db565.internal,0,azul-zulu-CVE-2009-70199,"Vulnerable OS: Red Hat Enterprise Linux 8.10


Vulnerable software installed: Azul Systems JRE 1.8.0.422 (/stxbase/stxapp/java/zulu8.80.0.18-sa-jdk8.0.422-linux_x64/jre/lib/rt.jar)

Vulnerable OS: Red Hat Enterprise Linux 8.10


Vulnerable software installed: Azul Systems JRE 17.52.18 (/stxbase/stxapp/java/zulu17.52.18-sa-jdk17.0.12-linux_x64/lib/54c8aa44.internal)

Vulnerable OS: Red Hat Enterprise Linux 8.10


Vulnerable software installed: Azul Systems JRE 11.74.16 (/stxbase/stxapp/java/zulu11.74.16-sa-jdk11.0.24-linux_x64/lib/54c8aa44.internal)",,,,
Vulnerability item,NXP-4754106,4835612,1397669.0,usr8c027,Open,,,07/May/2026 11:00 PM,16/Jun/2026 12:00 AM,40409530.internal,Azul Zulu: CVE-2009-59816: WebKit Active Code Execution Vulnerability,1d012150.internal,0,azul-zulu-CVE-2009-70199,"Vulnerable OS: Red Hat Enterprise Linux 8.10


Vulnerable software installed: Azul Systems JRE 1.8.0.422 (/stxbase/stxapp/java/zulu8.80.0.18-sa-jdk8.0.422-linux_x64/jre/lib/rt.jar)

Vulnerable OS: Red Hat Enterprise Linux 8.10


Vulnerable software installed: Azul Systems JRE 17.52.18 (/stxbase/stxapp/java/zulu17.52.18-sa-jdk17.0.12-linux_x64/lib/54c8aa44.internal)

Vulnerable OS: Red Hat Enterprise Linux 8.10


Vulnerable software installed: Azul Systems JRE 11.74.16 (/stxbase/stxapp/java/zulu11.74.16-sa-jdk11.0.24-linux_x64/lib/54c8aa44.internal)",,,,
Vulnerability item,NXP-2477967,5619491,8573372.0,usr8c027,Open,,,07/May/2026 11:03 PM,16/Jun/2026 12:00 AM,be334396.internal,Azul Zulu: CVE-2009-59816: WebKit Active Code Execution Vulnerability,a938f6e2.internal,0,azul-zulu-CVE-2009-70199,"Vulnerable OS: Red Hat Enterprise Linux 8.10


Vulnerable software installed: Azul Systems JRE 1.8.0.422 (/stxbase/stxapp/java/zulu8.80.0.18-sa-jdk8.0.422-linux_x64/jre/lib/rt.jar)

Vulnerable OS: Red Hat Enterprise Linux 8.10


Vulnerable software installed: Azul Systems JRE 17.52.18 (/stxbase/stxapp/java/zulu17.52.18-sa-jdk17.0.12-linux_x64/lib/54c8aa44.internal)

Vulnerable OS: Red Hat Enterprise Linux 8.10


Vulnerable software installed: Azul Systems JRE 11.74.16 (/stxbase/stxapp/java/zulu11.74.16-sa-jdk11.0.24-linux_x64/lib/54c8aa44.internal)",,,,
Vulnerability item,NXP-711123,1181521,2774317.0,usr8c027,Open,,,07/May/2026 11:03 PM,16/Jun/2026 12:00 AM,bdec4971.internal,Azul Zulu: CVE-2009-59816: WebKit Active Code Execution Vulnerability,5621ced4.internal,0,azul-zulu-CVE-2009-70199,"Vulnerable OS: Red Hat Enterprise Linux 8.10


Vulnerable software installed: Azul Systems JRE 1.8.0.422 (/stxbase/stxapp/java/zulu8.80.0.18-sa-jdk8.0.422-linux_x64/jre/lib/rt.jar)

Vulnerable OS: Red Hat Enterprise Linux 8.10


Vulnerable software installed: Azul Systems JRE 17.52.18 (/stxbase/stxapp/java/zulu17.52.18-sa-jdk17.0.12-linux_x64/lib/54c8aa44.internal)

Vulnerable OS: Red Hat Enterprise Linux 8.10


Vulnerable software installed: Azul Systems JRE 11.74.16 (/stxbase/stxapp/java/zulu11.74.16-sa-jdk11.0.24-linux_x64/lib/54c8aa44.internal)",,,,
Vulnerability item,NXP-3055494,3034060,6715705.0,usr8c027,Open,,,07/May/2026 11:03 PM,16/Jun/2026 12:00 AM,aa2cb2a8.internal,Azul Zulu: CVE-2009-59816: WebKit Active Code Execution Vulnerability,d211ed98.internal,0,azul-zulu-CVE-2009-70199,"Vulnerable OS: Red Hat Enterprise Linux 8.10


Vulnerable software installed: Azul Systems JRE 1.8.0.422 (/stxbase/stxapp/java/zulu8.80.0.18-sa-jdk8.0.422-linux_x64/jre/lib/rt.jar)

Vulnerable OS: Red Hat Enterprise Linux 8.10


Vulnerable software installed: Azul Systems JRE 17.52.18 (/stxbase/stxapp/java/zulu17.52.18-sa-jdk17.0.12-linux_x64/lib/54c8aa44.internal)

Vulnerable OS: Red Hat Enterprise Linux 8.10


Vulnerable software installed: Azul Systems JRE 11.74.16 (/stxbase/stxapp/java/zulu11.74.16-sa-jdk11.0.24-linux_x64/lib/54c8aa44.internal)",,,,
Vulnerability item,NXP-4288034,3310582,4130292.0,usr8c027,Open,,,07/May/2026 11:03 PM,16/Jun/2026 12:00 AM,fc87792d.internal,Azul Zulu: CVE-2009-59816: WebKit Active Code Execution Vulnerability,fc87792d.internal,0,azul-zulu-CVE-2009-70199,"Vulnerable OS: Red Hat Enterprise Linux 8.10


Vulnerable software installed: Azul Systems JRE 1.8.0.422 (/stxbase/stxapp/java/zulu8.80.0.18-sa-jdk8.0.422-linux_x64/jre/lib/rt.jar)

Vulnerable OS: Red Hat Enterprise Linux 8.10


Vulnerable software installed: Azul Systems JRE 17.52.18 (/stxbase/stxapp/java/zulu17.52.18-sa-jdk17.0.12-linux_x64/lib/54c8aa44.internal)

Vulnerable OS: Red Hat Enterprise Linux 8.10


Vulnerable software installed: Azul Systems JRE 11.74.16 (/stxbase/stxapp/java/zulu11.74.16-sa-jdk11.0.24-linux_x64/lib/54c8aa44.internal)",,,,
Vulnerability item,NXP-1830127,2613739,8074385.0,usr8c027,Open,,,07/May/2026 11:03 PM,16/Jun/2026 12:00 AM,8fd3bf88.internal,Azul Zulu: CVE-2009-59816: WebKit Active Code Execution Vulnerability,8fd3bf88.internal,0,azul-zulu-CVE-2009-70199,"Vulnerable OS: Red Hat Enterprise Linux 8.10


Vulnerable software installed: Azul Systems JRE 1.8.0.422 (/stxbase/stxapp/java/zulu8.80.0.18-sa-jdk8.0.422-linux_x64/jre/lib/rt.jar)

Vulnerable OS: Red Hat Enterprise Linux 8.10


Vulnerable software installed: Azul Systems JRE 17.52.18 (/stxbase/stxapp/java/zulu17.52.18-sa-jdk17.0.12-linux_x64/lib/54c8aa44.internal)

Vulnerable OS: Red Hat Enterprise Linux 8.10


Vulnerable software installed: Azul Systems JRE 11.74.16 (/stxbase/stxapp/java/zulu11.74.16-sa-jdk11.0.24-linux_x64/lib/54c8aa44.internal)",,,,
Vulnerability item,NXP-7678604,7011296,8146997.0,usr8c027,Open,,,07/May/2026 11:03 PM,16/Jun/2026 12:00 AM,a50566b7.internal,Azul Zulu: CVE-2009-59816: WebKit Active Code Execution Vulnerability,a50566b7.internal,0,azul-zulu-CVE-2009-70199,"Vulnerable OS: Red Hat Enterprise Linux 8.10


Vulnerable software installed: Azul Systems JRE 1.8.0.422 (/stxbase/stxapp/java/zulu8.80.0.18-sa-jdk8.0.422-linux_x64/jre/lib/rt.jar)

Vulnerable OS: Red Hat Enterprise Linux 8.10


Vulnerable software installed: Azul Systems JRE 17.52.18 (/stxbase/stxapp/java/zulu17.52.18-sa-jdk17.0.12-linux_x64/lib/54c8aa44.internal)

Vulnerable OS: Red Hat Enterprise Linux 8.10


Vulnerable software installed: Azul Systems JRE 11.74.16 (/stxbase/stxapp/java/zulu11.74.16-sa-jdk11.0.24-linux_x64/lib/54c8aa44.internal)",,,,
Vulnerability item,R7C-185229,4389207,6420508.0,usr00857,In Progress,,,10/May/2026 1:34 AM,18/Jul/2025 12:00 AM,0163b8ce.internal,,,,1.6.2. Ensure system wide crypto policy disables sha1 hash and signature support,,"This is a complex check. Operator = AND
1. 3122492d.internal.redhat_enterprise_linux_8-def-4524067: PASS
* Based on the following 1 results:
* 1. 1. The specified Text File Content entry must not match the given criteria.
** 
| {noformat} The specified Text File Content entry was not found based on the given criteria: {noformat} |
| {noformat} filepath: /etc/crypto-policies/state/66cb4139.internal {noformat} |
| {noformat} pattern: ^\h*(hash|sign)\h*=\h*([^\n\r#]+)?-sha1\b {noformat} |
| {noformat} instance: 1 {noformat} |

2. 3122492d.internal.redhat_enterprise_linux_8-def-4524071: FAIL
* Based on the following 1 results:
* 1. 1. At least one specified Text File Content entry must match the given criteria.
** 
| {noformat} The specified Text File Content entry was not found based on the given criteria: {noformat} |
| {noformat} filepath: /etc/crypto-policies/state/66cb4139.internal {noformat} |
| {noformat} pattern: ^\h*sha1_in_certs\h*=\h*0\b {noformat} |
| {noformat} instance: 1 {noformat} |
",,,
Vulnerability item,R7C-184951,1104976,467758.0,usr00857,In Progress,,,10/May/2026 1:34 AM,18/Jul/2025 12:00 AM,0c427575.internal,,,,1.6.2. Ensure system wide crypto policy disables sha1 hash and signature support,,"This is a complex check. Operator = AND
1. 3122492d.internal.redhat_enterprise_linux_8-def-4524067: PASS
* Based on the following 1 results:
* 1. 1. The specified Text File Content entry must not match the given criteria.
** 
| {noformat} The specified Text File Content entry was not found based on the given criteria: {noformat} |
| {noformat} filepath: /etc/crypto-policies/state/66cb4139.internal {noformat} |
| {noformat} pattern: ^\h*(hash|sign)\h*=\h*([^\n\r#]+)?-sha1\b {noformat} |
| {noformat} instance: 1 {noformat} |

2. 3122492d.internal.redhat_enterprise_linux_8-def-4524071: FAIL
* Based on the following 1 results:
* 1. 1. At least one specified Text File Content entry must match the given criteria.
** 
| {noformat} The specified Text File Content entry was not found based on the given criteria: {noformat} |
| {noformat} filepath: /etc/crypto-policies/state/66cb4139.internal {noformat} |
| {noformat} pattern: ^\h*sha1_in_certs\h*=\h*0\b {noformat} |
| {noformat} instance: 1 {noformat} |
",,,
Vulnerability item,R7C-184844,300546,8549741.0,usr00857,In Progress,,,10/May/2026 1:34 AM,18/Jul/2025 12:00 AM,3de462f3.internal,,,,1.6.2. Ensure system wide crypto policy disables sha1 hash and signature support,,"This is a complex check. Operator = AND
1. 3122492d.internal.redhat_enterprise_linux_8-def-4524067: PASS
* Based on the following 1 results:
* 1. 1. The specified Text File Content entry must not match the given criteria.
** 
| {noformat} The specified Text File Content entry was not found based on the given criteria: {noformat} |
| {noformat} filepath: /etc/crypto-policies/state/66cb4139.internal {noformat} |
| {noformat} pattern: ^\h*(hash|sign)\h*=\h*([^\n\r#]+)?-sha1\b {noformat} |
| {noformat} instance: 1 {noformat} |

2. 3122492d.internal.redhat_enterprise_linux_8-def-4524071: FAIL
* Based on the following 1 results:
* 1. 1. At least one specified Text File Content entry must match the given criteria.
** 
| {noformat} The specified Text File Content entry was not found based on the given criteria: {noformat} |
| {noformat} filepath: /etc/crypto-policies/state/66cb4139.internal {noformat} |
| {noformat} pattern: ^\h*sha1_in_certs\h*=\h*0\b {noformat} |
| {noformat} instance: 1 {noformat} |
",,,
Vulnerability item,R7C-188226,5533935,3566897.0,usr00857,In Progress,,,10/May/2026 1:33 AM,18/Jul/2025 12:00 AM,6cff6c01.internal,,,,4.2.22. Ensure sshd crypto_policy is not set,,"This is a complex check. Operator = OR
1. 3122492d.internal.redhat_enterprise_linux_8-def-4581490: FAIL
* Based on the following 1 results:
* 1. 1. The specified RPM Package Information entry must not match the given criteria.
** 
| {noformat} Entry 1 findings: {noformat}|{noformat} PASS {noformat} |
| {noformat} name: openssh-server {noformat} |
| {noformat} arch: x86_64 {noformat} |
| {noformat} epoch: (none) {noformat} |
| {noformat} release: 27.el8_10 {noformat} |
| {noformat} version: 8.0p1 {noformat} |
| {noformat} evr: 0:8.0p1-27.el8_10 {noformat} |
| {noformat} signature_keyid: 199e2f91fd431d51 {noformat} |
| {noformat} extended_name: openssh-server-0:8.0p1-27.el8_10.x86_64 {noformat} |
| {noformat} filepath: {noformat} |

2. This is a complex check. Operator = AND
* 1. 3122492d.internal.redhat_enterprise_linux_8-def-4581487: FAIL
** Based on the following 1 results:
** 1. 1. The specified Text File Content entry must not match the given criteria.
*** 
| {noformat} Entry 1 findings: {noformat}|{noformat} PASS {noformat} |
| {noformat} filepath: /etc/sysconfig/sshd {noformat} |
| {noformat} path: /etc/sysconfig {noformat} |
| {noformat} filename: sshd {noformat} |
| {noformat} pattern: (?i)^\h*CRYPTO_POLICY\h*=.*$ {noformat} |
| {noformat} instance: 1 {noformat} |
| {noformat} text: CRYPTO_POLICY= {noformat} |
| {noformat} windows_view: {noformat} |

* 2. 3122492d.internal.redhat_enterprise_linux_8-def-4581492: FAIL
** Based on the following 1 results:
** 1. 1. The specified Text File Content entry must not match the given criteria.
*** 
| {noformat} Entry 1 findings: {noformat}|{noformat} PASS {noformat} |
| {noformat} filepath: /etc/sysconfig/sshd {noformat} |
| {noformat} path: /etc/sysconfig {noformat} |
| {noformat} filename: sshd {noformat} |
| {noformat} pattern: (?i)^\h*CRYPTO_POLICY\h*= {noformat} |
| {noformat} instance: 1 {noformat} |
| {noformat} text: CRYPTO_POLICY= {noformat} |
| {noformat} windows_view: {noformat} |
",,,
Vulnerability item,GCPSCC-8517738,6090766,3560393.0,usr4276d,Open,,,09/May/2026 5:40 AM,22/May/2026 12:00 AM,,,,,SQL_LOG_STATEMENT,,,,"The ""log_statement"" flag in this Cloud SQL instance is not set to ""ddl"". The value of this flag controls which SQL statements are logged. Logging helps troubleshoot operational problems and permits forensic analysis. If this flag isn't set to the correct value, relevant information might be skipped or might be hidden in too many messages. A value of 'ddl' (all data definition statements) is recommended unless otherwise directed by your organization's logging 83895b5a.internal Tags: saallowkeyscreate:EMP-79834,environment:production,productlineid:0001996383,supportgroupid:0001997404,applicationid:aid019,costcenter:0001_b1-50318,segregationarea:red","Go to https://9d0815de.internal/sql/instances/db-postgres-airflow/overview?project=dbg-stx-infra-prod-3e and click ""Edit"". In the ""Database flags"" section, set the ""log_statement"" database flag to ""ddl""."
Vulnerability item,GCPSCC-7901142,2216020,2696230.0,usr4276d,Open,,,09/May/2026 5:40 AM,22/May/2026 12:00 AM,,,,,SQL_INSTANCE_NOT_MONITORED,,,,"Misconfiguration of SQL instance options can cause security risks, like adverse impact on business continuity with the ""Enable auto backups and high availability"" options, or increased exposure to untrusted networks with the ""Authorized networks"" options. By monitoring changes to SQL instance configuration, you can help reduce the time to detect and correct c69088cc.internal Tags: saallowkeyscreate:EMP-79834,environment:production,productlineid:0001996383,supportgroupid:0001997404,applicationid:aid019,costcenter:0001_b1-50318,segregationarea:red","CREATE METRIC: Go to https://9d0815de.internal/logs/metrics?project=dbg-stx-infra-prod-3e and click ""CREATE METRIC"". Under ""Metric Type"", select ""Counter"". Under ""Details"", set a ""Log metric name"", add a description, and set ""Units"" to ""1"". Under ""Filter selection"", add the recommended log filter below, replacing any existing text. Click ""Create Metric"". You should see a confirmation. Recommended log filter: f5027c1b.internal=""22e7c0a7.internal"" OR f5027c1b.internal=""f077deb9.internal"" OR f5027c1b.internal=""efd881b4.internal"" CREATE ALERT POLICY: Go to https://9d0815de.internal/logs/metrics?project=dbg-stx-infra-prod-3e. In the ""User-defined Metrics"" section, select the metric you created in the previous section. Click the 3 dot icon in the rightmost column, then select ""Create alert from metric"". If you are asked to add your project to a workspace, complete that process. On the page that opens, in the navigation menu, click ""Alerting"". Under ""What do you want to track?"", click ""Add Condition"" and complete the dialog to define what resources are monitored and when alerts are triggered. For information on the fields in a condition, see https://aff9c55d.internal/monitoring/alerts/ui-conditions-ga. When done, click ""Add"", then click ""Next"". Under ""Who should be notified?"", click the ""Notification Channels"" drop-down and select how you would like to be notified. For more information see https://aff9c55d.internal/monitoring/support/notification-options. Click ""OK"", then click ""Next"". Under ""What are the steps to fix the issue?"", set an ""Alert name"". Click ""Save""."
Vulnerability item,GCPSCC-7255063,6645676,7769815.0,usr4276d,Open,,,09/May/2026 5:40 AM,22/May/2026 12:00 AM,,,,,SQL_LOG_STATEMENT,,,,"The ""log_statement"" flag in this Cloud SQL instance is not set to ""ddl"". The value of this flag controls which SQL statements are logged. Logging helps troubleshoot operational problems and permits forensic analysis. If this flag isn't set to the correct value, relevant information might be skipped or might be hidden in too many messages. A value of 'ddl' (all data definition statements) is recommended unless otherwise directed by your organization's logging 83895b5a.internal Tags: saallowkeyscreate:EMP-79834,productlineid:0001996383,supportgroupid:0001997404,segregationarea:yellow,applicationid:aid019,costcenter:0001_b1-50318,environment:simulation","Go to https://9d0815de.internal/sql/instances/db-postgres-airflow/overview?project=dbg-stx-infra-simu-cf and click ""Edit"". In the ""Database flags"" section, set the ""log_statement"" database flag to ""ddl""."
Vulnerability item,GCPSCC-4396697,7776801,586470.0,usr4276d,Open,,,09/May/2026 5:40 AM,22/May/2026 12:00 AM,,,,,SQL_INSTANCE_NOT_MONITORED,,,,"Misconfiguration of SQL instance options can cause security risks, like adverse impact on business continuity with the ""Enable auto backups and high availability"" options, or increased exposure to untrusted networks with the ""Authorized networks"" options. By monitoring changes to SQL instance configuration, you can help reduce the time to detect and correct c69088cc.internal Tags: saallowkeyscreate:EMP-79834,productlineid:0001996383,supportgroupid:0001997404,segregationarea:yellow,applicationid:aid019,costcenter:0001_b1-50318,environment:simulation","CREATE METRIC: Go to https://9d0815de.internal/logs/metrics?project=dbg-stx-infra-simu-cf and click ""CREATE METRIC"". Under ""Metric Type"", select ""Counter"". Under ""Details"", set a ""Log metric name"", add a description, and set ""Units"" to ""1"". Under ""Filter selection"", add the recommended log filter below, replacing any existing text. Click ""Create Metric"". You should see a confirmation. Recommended log filter: f5027c1b.internal=""22e7c0a7.internal"" OR f5027c1b.internal=""f077deb9.internal"" OR f5027c1b.internal=""efd881b4.internal"" CREATE ALERT POLICY: Go to https://9d0815de.internal/logs/metrics?project=dbg-stx-infra-simu-cf. In the ""User-defined Metrics"" section, select the metric you created in the previous section. Click the 3 dot icon in the rightmost column, then select ""Create alert from metric"". If you are asked to add your project to a workspace, complete that process. On the page that opens, in the navigation menu, click ""Alerting"". Under ""What do you want to track?"", click ""Add Condition"" and complete the dialog to define what resources are monitored and when alerts are triggered. For information on the fields in a condition, see https://aff9c55d.internal/monitoring/alerts/ui-conditions-ga. When done, click ""Add"", then click ""Next"". Under ""Who should be notified?"", click the ""Notification Channels"" drop-down and select how you would like to be notified. For more information see https://aff9c55d.internal/monitoring/support/notification-options. Click ""OK"", then click ""Next"". Under ""What are the steps to fix the issue?"", set an ""Alert name"". Click ""Save""."
Vulnerability item,R7C-211858,8400262,3129699.0,usr00857,Risk Covered,,Resolved,03/May/2026 1:17 AM,02/Aug/2025 12:00 AM,17aabb6d.internal,,,,1.6.3. Ensure system wide crypto policy disables sha1 hash and signature support,,"This is a complex check. Operator = AND
1. This is a complex check. Operator = OR
* 1. 3122492d.internal.redhat_enterprise_linux_9-def-5671052: FAIL
** Based on the following 1 results:
** 1. Based on the following 2 results:
*** 1. 1. The specified Text File Content entry must not match the given 9ac45315.internal least one evaluation must pass.
**** 
| {noformat} The specified Text File Content entry was not found based on the given criteria: {noformat} |
| {noformat} filepath: /etc/crypto-policies/state/66cb4139.internal {noformat} |
| {noformat} pattern: ^\h*(hash|sign)\h*=\h*([^\n\r#]+)?-sha1\b {noformat} |
| {noformat} instance: 1 {noformat} |

*** 2. 1. At least one specified Text File Content entry must match the given criteria. At least one evaluation must pass.
**** 
| {noformat} The specified Text File Content entry was not found based on the given criteria: {noformat} |
| {noformat} filepath: /etc/crypto-policies/state/66cb4139.internal {noformat} |
| {noformat} pattern: ^\h*sha1_in_certs\h*=\h*0\b {noformat} |
| {noformat} instance: 1 {noformat} |
",,,
Vulnerability item,R7C-261470,5526653,4284317.0,usr00857,Risk Covered,,Resolved,03/May/2026 12:53 AM,04/Jan/2026 12:00 AM,e6cc8227.internal,,,,1.6.3. Ensure system wide crypto policy disables sha1 hash and signature support,,"This is a complex check. Operator = AND
1. This is a complex check. Operator = OR
* 1. 3122492d.internal.redhat_enterprise_linux_9-def-5671052: FAIL
** Based on the following 1 results:
** 1. Based on the following 2 results:
*** 1. 1. The specified Text File Content entry must not match the given 9ac45315.internal least one evaluation must pass.
**** 
| {noformat} The specified Text File Content entry was not found based on the given criteria: {noformat} |
| {noformat} filepath: /etc/crypto-policies/state/66cb4139.internal {noformat} |
| {noformat} pattern: ^\h*(hash|sign)\h*=\h*([^\n\r#]+)?-sha1\b {noformat} |
| {noformat} instance: 1 {noformat} |

*** 2. 1. At least one specified Text File Content entry must match the given criteria. At least one evaluation must pass.
**** 
| {noformat} The specified Text File Content entry was not found based on the given criteria: {noformat} |
| {noformat} filepath: /etc/crypto-policies/state/66cb4139.internal {noformat} |
| {noformat} pattern: ^\h*sha1_in_certs\h*=\h*0\b {noformat} |
| {noformat} instance: 1 {noformat} |
",,,
Vulnerability item,NXP-2156349,5180574,5015052.0,,Open,,,07/May/2026 10:40 PM,23/Jul/2026 12:00 AM,f6ecf304.internal,Red Hat: CVE-2010-82267: kernel: crypto: algif_aead - Revert to operating out-of-place (Multiple Advisories),2b8811d5.internal,0,redhat_linux-CVE-2010-51108,"Vulnerable OS: Red Hat Enterprise Linux 9.7


Vulnerable software installed: Linux kernel 5.14.0-611.30.1.el9_7 (repo: rhel-9-for-x86_64-baseos-rpms)

 * Required patch [CVE-2010-82267] is not installed, no patches discovered.",,,,
Vulnerability item,NXP-2085026,2461861,724355.0,,Open,,,07/May/2026 10:40 PM,23/Jul/2026 12:00 AM,a250005f.internal,Red Hat: CVE-2010-82267: kernel: crypto: algif_aead - Revert to operating out-of-place (Multiple Advisories),d2003c79.internal,0,redhat_linux-CVE-2010-51108,"Vulnerable OS: Red Hat Enterprise Linux 9.7


Vulnerable software installed: Linux kernel 5.14.0-611.30.1.el9_7 (repo: rhel-9-for-x86_64-baseos-rpms)

 * Required patch [CVE-2010-82267] is not installed, no patches discovered.",,,,
Vulnerability item,NXP-2664999,1931620,6152361.0,,Open,,,07/May/2026 10:40 PM,08/Jun/2026 12:00 AM,17aabb6d.internal,Red Hat: CVE-2010-82267: kernel: crypto: algif_aead - Revert to operating out-of-place (Multiple Advisories),ec00a5fe.internal,0,redhat_linux-CVE-2010-51108,"Vulnerable OS: Red Hat Enterprise Linux 9.7


Vulnerable software installed: Linux kernel 5.14.0-611.35.1.el9_7 (repo: rhel-9-for-x86_64-baseos-rpms)

 * Required patch [CVE-2010-82267] is not installed, no patches discovered.",,,,
Vulnerability item,NXP-2274364,8559913,5047667.0,,Open,,,07/May/2026 10:58 PM,08/Jun/2026 12:00 AM,cc7ef084.internal,Red Hat: CVE-2010-82267: kernel: crypto: algif_aead - Revert to operating out-of-place (Multiple Advisories),8e166a30.internal,0,redhat_linux-CVE-2010-51108,"Vulnerable OS: Red Hat Enterprise Linux 8.10


Vulnerable software installed: Linux kernel 4.18.0-553.107.1.el8_10 (repo: rhel-8-for-x86_64-baseos-rpms)

 * Required patch [CVE-2010-82267] is not installed, no patches discovered.",,,,
Vulnerability item,NXP-6612842,8739243,2594234.0,,Open,,,07/May/2026 10:58 PM,08/Jun/2026 12:00 AM,e6cc8227.internal,Red Hat: CVE-2010-82267: kernel: crypto: algif_aead - Revert to operating out-of-place (Multiple Advisories),c5a54c48.internal,0,redhat_linux-CVE-2010-51108,"Vulnerable OS: Red Hat Enterprise Linux 9.7


Vulnerable software installed: Linux kernel 5.14.0-611.35.1.el9_7 (repo: rhel-9-for-x86_64-baseos-rpms)

 * Required patch [CVE-2010-82267] is not installed, no patches discovered.",,,,
Vulnerability item,NXP-8197391,928011,6477023.0,,Open,,,07/May/2026 10:57 PM,08/Jun/2026 12:00 AM,4b08680c.internal,Red Hat: CVE-2010-82267: kernel: crypto: algif_aead - Revert to operating out-of-place (Multiple Advisories),da89f0b6.internal,0,redhat_linux-CVE-2010-51108,"Vulnerable OS: Red Hat Enterprise Linux 8.10


Vulnerable software installed: Linux kernel 4.18.0-553.107.1.el8_10 (repo: rhel-8-for-x86_64-baseos-rpms)

 * Required patch [CVE-2010-82267] is not installed, no patches discovered.",,,,
Vulnerability item,NXP-491584,6164322,4073323.0,,Open,,,07/May/2026 10:57 PM,08/Jun/2026 12:00 AM,5ca3c046.internal,Red Hat: CVE-2010-82267: kernel: crypto: algif_aead - Revert to operating out-of-place (Multiple Advisories),40da4cad.internal,0,redhat_linux-CVE-2010-51108,"Vulnerable OS: Red Hat Enterprise Linux 8.10


Vulnerable software installed: Linux kernel 4.18.0-553.107.1.el8_10 (repo: rhel-8-for-x86_64-baseos-rpms)

 * Required patch [CVE-2010-82267] is not installed, no patches discovered.",,,,
Vulnerability item,NXP-6949105,1511802,5405954.0,,Open,,,07/May/2026 10:57 PM,08/Jun/2026 12:00 AM,055d7f64.internal,Red Hat: CVE-2010-82267: kernel: crypto: algif_aead - Revert to operating out-of-place (Multiple Advisories),cdca642e.internal,0,redhat_linux-CVE-2010-51108,"Vulnerable OS: Red Hat Enterprise Linux 8.10


Vulnerable software installed: Linux kernel 4.18.0-553.107.1.el8_10 (repo: rhel-8-for-x86_64-baseos-rpms)

 * Required patch [CVE-2010-82267] is not installed, no patches discovered.",,,,
Vulnerability item,NXP-2690155,5828911,5405954.0,usr8c027,Open,,,07/May/2026 10:57 PM,16/Jun/2026 12:00 AM,055d7f64.internal,Azul Zulu: CVE-2009-59816: WebKit Active Code Execution Vulnerability,cdca642e.internal,0,azul-zulu-CVE-2009-70199,"Vulnerable OS: Red Hat Enterprise Linux 8.10


Vulnerable software installed: Azul Systems JRE 1.8.0.422 (/stxbase/stxapp/java/zulu8.80.0.18-sa-jdk8.0.422-linux_x64/jre/lib/rt.jar)

Vulnerable OS: Red Hat Enterprise Linux 8.10


Vulnerable software installed: Azul Systems JRE 17.52.18 (/stxbase/stxapp/java/zulu17.52.18-sa-jdk17.0.12-linux_x64/lib/54c8aa44.internal)

Vulnerable OS: Red Hat Enterprise Linux 8.10


Vulnerable software installed: Azul Systems JRE 11.74.16 (/stxbase/stxapp/java/zulu11.74.16-sa-jdk11.0.24-linux_x64/lib/54c8aa44.internal)

Vulnerable OS: Red Hat Enterprise Linux 8.10


Vulnerable software installed: Azul Systems JRE 1.8.0.382 (/stxbase/stxapp/infa/105/java/jre/lib/rt.jar)

Vulnerable OS: Red Hat Enterprise Linux 8.10


Vulnerable software installed: Azul Systems JRE 1.8.0.282 (/stxbase/stxapp/infa/105/tools/mongodb/Tools/SchemaEditor/runtime/jre/lib/rt.jar)

Vulnerable OS: Red Hat Enterprise Linux 8.10


Vulnerable software installed: Azul Systems JRE 1.8.0.382 (/stxbase/stxapp/infa/105/source/java/jre/lib/rt.jar)

Vulnerable OS: Red Hat Enterprise Linux 8.10


Vulnerable software installed: Azul Systems JRE 17.52.18 (/stxbase/stxapp/java/zulu17.52.18-sa-jdk17.0.12-linux_x64_del/lib/54c8aa44.internal)

Vulnerable OS: Red Hat Enterprise Linux 8.10


Vulnerable software installed: Azul Systems JRE 11.74.16 (/stxbase/stxapp/java/zulu11.74.16-sa-jdk11.0.24-linux_x64_del/lib/54c8aa44.internal)

Vulnerable OS: Red Hat Enterprise Linux 8.10


Vulnerable software installed: Azul Systems JRE 1.8.0.422 (/stxbase/stxapp/java/zulu8.80.0.18-sa-jdk8.0.422-linux_x64_del/jre/lib/rt.jar)",,,,
Vulnerability item,NXP-4487421,3215785,6477023.0,usr8c027,Open,,,07/May/2026 10:57 PM,16/Jun/2026 12:00 AM,4b08680c.internal,Azul Zulu: CVE-2009-59816: WebKit Active Code Execution Vulnerability,da89f0b6.internal,0,azul-zulu-CVE-2009-70199,"Vulnerable OS: Red Hat Enterprise Linux 8.10


Vulnerable software installed: Azul Systems JRE 1.8.0.422 (/stxbase/stxapp/java/zulu8.80.0.18-sa-jdk8.0.422-linux_x64/jre/lib/rt.jar)

Vulnerable OS: Red Hat Enterprise Linux 8.10


Vulnerable software installed: Azul Systems JRE 17.52.18 (/stxbase/stxapp/java/zulu17.52.18-sa-jdk17.0.12-linux_x64/lib/54c8aa44.internal)

Vulnerable OS: Red Hat Enterprise Linux 8.10


Vulnerable software installed: Azul Systems JRE 11.74.16 (/stxbase/stxapp/java/zulu11.74.16-sa-jdk11.0.24-linux_x64/lib/54c8aa44.internal)

Vulnerable OS: Red Hat Enterprise Linux 8.10


Vulnerable software installed: Azul Systems JRE 1.8.0.382 (/stxbase/stxapp/infa/105/java/jre/lib/rt.jar)

Vulnerable OS: Red Hat Enterprise Linux 8.10


Vulnerable software installed: Azul Systems JRE 1.8.0.282 (/stxbase/stxapp/infa/105/tools/mongodb/Tools/SchemaEditor/runtime/jre/lib/rt.jar)

Vulnerable OS: Red Hat Enterprise Linux 8.10


Vulnerable software installed: Azul Systems JRE 1.8.0.382 (/stxbase/stxapp/infa/105/source/java/jre/lib/rt.jar)",,,,
Vulnerability item,NXP-5825696,9038616,5047667.0,usr8c027,Open,,,07/May/2026 10:58 PM,16/Jun/2026 12:00 AM,cc7ef084.internal,Azul Zulu: CVE-2009-59816: WebKit Active Code Execution Vulnerability,8e166a30.internal,0,azul-zulu-CVE-2009-70199,"Vulnerable OS: Red Hat Enterprise Linux 8.10


Vulnerable software installed: Azul Systems JRE 1.8.0.422 (/stxbase/stxapp/java/zulu8.80.0.18-sa-jdk8.0.422-linux_x64/jre/lib/rt.jar)

Vulnerable OS: Red Hat Enterprise Linux 8.10


Vulnerable software installed: Azul Systems JRE 17.52.18 (/stxbase/stxapp/java/zulu17.52.18-sa-jdk17.0.12-linux_x64/lib/54c8aa44.internal)

Vulnerable OS: Red Hat Enterprise Linux 8.10


Vulnerable software installed: Azul Systems JRE 11.74.16 (/stxbase/stxapp/java/zulu11.74.16-sa-jdk11.0.24-linux_x64/lib/54c8aa44.internal)

Vulnerable OS: Red Hat Enterprise Linux 8.10


Vulnerable software installed: Azul Systems JRE 1.8.0.382 (/stxbase/stxapp/infa/105/java/jre/lib/rt.jar)

Vulnerable OS: Red Hat Enterprise Linux 8.10


Vulnerable software installed: Azul Systems JRE 1.8.0.282 (/stxbase/stxapp/infa/105/tools/mongodb/Tools/SchemaEditor/runtime/jre/lib/rt.jar)

Vulnerable OS: Red Hat Enterprise Linux 8.10


Vulnerable software installed: Azul Systems JRE 1.8.0.382 (/stxbase/stxapp/infa/105/source/java/jre/lib/rt.jar)",,,,
Vulnerability item,NXP-2253274,1739389,2594234.0,usr8c027,Open,,,07/May/2026 10:58 PM,16/Jun/2026 12:00 AM,e6cc8227.internal,Azul Zulu: CVE-2009-59816: WebKit Active Code Execution Vulnerability,c5a54c48.internal,0,azul-zulu-CVE-2009-70199,"Vulnerable OS: Red Hat Enterprise Linux 9.7


Vulnerable software installed: Azul Systems JRE 17.52.18 (/stxbase/stxapp/java/zulu17.52.18-sa-jdk17.0.12-linux_x64/lib/54c8aa44.internal)

Vulnerable OS: Red Hat Enterprise Linux 9.7


Vulnerable software installed: Azul Systems JRE 11.74.16 (/stxbase/stxapp/java/zulu11.74.16-sa-jdk11.0.24-linux_x64/lib/54c8aa44.internal)

Vulnerable OS: Red Hat Enterprise Linux 9.7


Vulnerable software installed: Azul Systems JRE 1.8.0.422 (/stxbase/stxapp/java/zulu8.80.0.18-sa-jdk8.0.422-linux_x64/jre/lib/rt.jar)",,,,
